记录ID,图书条形码,书名,定价,索书号,借书证号,部门,借出日期,应还日期,归还日期
68666,2000029849,佛陀传,48,B949.935/1,0554037292,20园林大专,2021-08-31 10:37:00,2021-09-30 10:37:00,2021-09-30 10:28:14
68295,2000024258,清明上河图密码3,56,I247.56/1187,2662461675,19楼宇大专1,2021-08-31 12:09:00,2021-09-30 12:09:00,2021-09-24 11:46:17
68297,2000038218,清明上河图密码6,69.9,I247.56/1226,2662461675,19楼宇大专1,2021-08-31 12:09:00,2021-09-30 12:09:00,2021-09-24 11:46:50
68298,2000038209,清明上河图密码4,58,I247.56/1224,2662461675,19楼宇大专1,2021-08-31 12:09:00,2021-09-30 12:09:00,2021-09-24 11:47:06
68299,2000009572,清明上河图密码2,49.9,I247.56/1188,2662461675,19楼宇大专1,2021-08-31 12:09:00,2021-09-30 12:09:00,2021-09-24 11:47:15
68302,2000038213,清明上河图密码5,64.9,I247.56/1225,2662461675,19楼宇大专1,2021-08-31 12:09:00,2021-09-30 12:09:00,2021-09-24 11:47:39
67768,2000015285,复活,36,I512.44/93,0649959088,20视觉大专,2021-08-31 15:29:00,2021-09-30 15:29:00,2021-09-06 12:46:20
68309,2000034340,宇宙钟摆Ⅰ末日胡同,32.8,I247.55/42,2662461675,19楼宇大专1,2021-08-31 15:56:00,2021-09-30 15:56:00,2021-09-24 11:49:34
68310,2000035983,宇宙钟摆.Ⅲ,36.8,I247.55/45,2662461675,19楼宇大专1,2021-08-31 15:56:00,2021-09-30 15:56:00,2021-09-24 11:49:40
68313,2000034342,宇宙钟摆Ⅱ量子幽灵,36.8,I247.55/43,2662461675,19楼宇大专1,2021-08-31 15:56:00,2021-09-30 15:56:00,2021-09-24 11:50:15
67897,2000007476,步步惊心(新版上),28,I247.5/5994,1147633286,19施工大专1,2021-08-31 16:06:00,2021-09-30 16:06:00,2021-09-09 13:14:07
68722,2000023905,看得见的中国史下卷,49,K209/1152,2509016942,19施工大专1,2021-08-31 16:06:00,2021-09-30 16:06:00,2021-10-08 12:23:49
67671,2000033753,华夏意匠,140,TU2/94,0649729680,20楼宇大专1,2021-09-01 11:30:00,2021-10-01 11:30:00,2021-09-01 11:30:18
67730,2000009734,马克思恩格斯选集1,80,A11/1,0649729680,20楼宇大专1,2021-09-01 11:30:00,2021-10-01 11:30:00,2021-09-03 11:21:07
67694,2000004847,不生病的活法(2实践篇),29,R161/2628,0649729680,20楼宇大专1,2021-09-01 11:39:00,2021-10-01 11:39:00,2021-09-02 11:19:27
67695,2000004465,人体使用手册,29.8,R161-62/1,0649729680,20楼宇大专1,2021-09-01 11:39:00,2021-10-01 11:39:00,2021-09-02 11:19:40
68291,2000024758,银河帝国12,43.6,I712.45/966,2662461675,19楼宇大专1,2021-09-01 11:48:00,2021-10-01 11:48:00,2021-09-24 11:45:11
68292,2000024756,银河帝国11,43.6,I712.45/965,2662461675,19楼宇大专1,2021-09-01 11:48:00,2021-10-01 11:48:00,2021-09-24 11:45:21
68300,2000024760,银河帝国13,40,I712.45/967,2662461675,19楼宇大专1,2021-09-01 11:48:00,2021-10-01 11:48:00,2021-09-24 11:47:25
68303,2000024763,银河帝国14,40,I712.45/968,2662461675,19楼宇大专1,2021-09-01 11:48:00,2021-10-01 11:48:00,2021-09-24 11:47:57
68304,2000024764,银河帝国15,40,I712.45/969,2662461675,19楼宇大专1,2021-09-01 11:48:00,2021-10-01 11:48:00,2021-09-24 11:48:09
68306,2000024737,银河帝国1,35,I712.45/955,2662461675,19楼宇大专1,2021-09-01 11:48:00,2021-10-01 11:48:00,2021-09-24 11:48:54
68307,2000024739,银河帝国2,35,I712.45/956,2662461675,19楼宇大专1,2021-09-01 11:48:00,2021-10-01 11:48:00,2021-09-24 11:49:06
68308,2000024740,银河帝国3,35,I712.45/957,2662461675,19楼宇大专1,2021-09-01 11:48:00,2021-10-01 11:48:00,2021-09-24 11:49:24
68311,2000029170,残次品下册,42.5,I247.55/26,2662461675,19楼宇大专1,2021-09-01 11:48:00,2021-10-01 11:48:00,2021-09-24 11:49:52
68312,2000027937,残次品,42.5,I247.55/19,2662461675,19楼宇大专1,2021-09-01 11:48:00,2021-10-01 11:48:00,2021-09-24 11:50:07
68315,2000024747,银河帝国6,59,I712.45/960,2662461675,19楼宇大专1,2021-09-01 11:48:00,2021-10-01 11:48:00,2021-09-24 11:50:34
68316,2000024749,银河帝国7,59,I712.45/961,2662461675,19楼宇大专1,2021-09-01 11:48:00,2021-10-01 11:48:00,2021-09-24 11:50:44
68317,2000024751,银河帝国8,43.6,I712.45/962,2662461675,19楼宇大专1,2021-09-01 11:48:00,2021-10-01 11:48:00,2021-09-24 11:50:54
68318,2000024752,银河帝国9,43.6,I712.45/963,2662461675,19楼宇大专1,2021-09-01 11:48:00,2021-10-01 11:48:00,2021-09-24 11:51:05
68319,2000024755,银河帝国10,43.6,I712.45/964,2662461675,19楼宇大专1,2021-09-01 11:48:00,2021-10-01 11:48:00,2021-09-24 11:51:13
68305,2000024742,银河帝国4,56,I712.45/958,2662461675,19楼宇大专1,2021-09-01 11:49:00,2021-10-01 11:49:00,2021-09-24 11:48:46
68314,2000024745,银河帝国5,49,I712.45/959,2662461675,19楼宇大专1,2021-09-01 11:49:00,2021-10-01 11:49:00,2021-09-24 11:50:25
68352,1100040763,棋,30,J120.9-49/1,2662461675,19楼宇大专1,2021-09-01 11:49:00,2021-10-01 11:49:00,2021-09-26 11:40:23
279,1000127884,超级漫画技法宝典,45,J218/36,2508108094,20施工大专1,2021-09-01 12:10:40,2021-10-01 12:10:40,未还
68616,2000024437,火箭的科学,45,V475.1/2,1148528022,20施工大专1,2021-09-01 12:11:00,2021-10-01 12:11:00,2021-09-29 12:08:33
68611,2000001358,一战史,72,K143/1,1148528022,20施工大专1,2021-09-01 12:12:00,2021-10-01 12:12:00,2021-09-29 12:07:49
68841,2000027816,如何写甲骨文,88,J292.11/35,1148528022,20施工大专1,2021-09-01 12:12:00,2021-10-01 12:12:00,2021-10-11 12:21:03
68846,2000001865,二战史,78,K152/2,1148528022,20施工大专1,2021-09-01 12:12:00,2021-10-01 12:12:00,2021-10-11 12:22:33
68851,2000020308,父与子全集,29,J238.2/14,1148528022,20施工大专1,2021-09-01 12:12:00,2021-10-01 12:12:00,2021-10-11 12:23:23
585,2000017007,未来简史,68,K02/1,1148528022,20施工大专1,2021-09-01 12:12:53,2021-10-01 12:12:53,未还
68610,2000020479,人类简史,68,K02/2,1148528022,20施工大专1,2021-09-01 12:13:00,2021-10-01 12:13:00,2021-09-29 12:07:35
68613,2000025099,日俄战争上,74,K313.43/1,1148528022,20施工大专1,2021-09-01 12:13:00,2021-10-01 12:13:00,2021-09-29 12:08:04
68617,2000027642,八堂极简科学课,49.9,Z228/2200,1148528022,20施工大专1,2021-09-01 12:13:00,2021-10-01 12:13:00,2021-09-29 12:08:40
68843,1000143604,林晃X角丸圆讲美少女角色(日本漫画大师讲座6),42,J218.2/26,1148528022,20施工大专1,2021-09-01 12:13:00,2021-10-01 12:13:00,2021-10-11 12:21:48
68844,2000004411,漫画核心技法,49,J218.2/29,1148528022,20施工大专1,2021-09-01 12:13:00,2021-10-01 12:13:00,2021-10-11 12:21:58
586,2000027472,无缝地带·寂灾,39.8,I247.56/1207,1148528022,20施工大专1,2021-09-01 12:13:01,2021-10-01 12:13:01,未还
68615,2000004418,零基础学画Q版人物,39,J218.2/31,1148528022,20施工大专1,2021-09-01 12:14:00,2021-10-01 12:14:00,2021-09-29 12:08:25
68837,2000011959,新手漫画教程,18,J218.2/49,1148528022,20施工大专1,2021-09-01 12:14:00,2021-10-01 12:14:00,2021-10-11 12:19:10
68839,2000007413,FBI微表情,32.8,B842.6/99,1148528022,20施工大专1,2021-09-01 12:14:00,2021-10-01 12:14:00,2021-10-11 12:20:07
68845,2000010915,爱上动漫（萌系美少女素描技法）,35,J214/296,1148528022,20施工大专1,2021-09-01 12:14:00,2021-10-01 12:14:00,2021-10-11 12:22:08
68614,2000025021,火星移民指南,69.9,Z228/2197,1148528022,20施工大专1,2021-09-01 12:15:00,2021-10-01 12:15:00,2021-09-29 12:08:17
68618,1200019740,FBI心理术,29.8,C912/4150,1148528022,20施工大专1,2021-09-01 12:15:00,2021-10-01 12:15:00,2021-09-29 12:09:19
68838,1200019051,CIA心理术,39.8,C912/4148,1148528022,20施工大专1,2021-09-01 12:15:00,2021-10-01 12:15:00,2021-10-11 12:19:51
67972,2000002510,英语考试词典,13.8,H316/6,2509110638,19造价大专1,2021-09-01 12:20:00,2021-10-01 12:20:00,2021-09-15 12:01:05
599,2000005261,长征（上）,45,I25/10284,1148702838,19施工大专1,2021-09-01 12:33:21,2021-10-01 12:33:21,未还
67791,2000029046,第三重人格,38,I247.57/4102,0648285568,20鲁班实验2,2021-09-01 12:43:00,2021-10-01 12:43:00,2021-09-07 12:54:56
68516,2000029438,朗读者,38,I217.1/147,2661507211,19装饰大专3,2021-09-01 12:45:00,2021-10-01 12:45:00,2021-09-28 12:17:14
69321,2000032316,狼王,25,I207.8/2,2661507211,19装饰大专3,2021-09-01 12:45:00,2021-10-01 12:45:00,2021-10-19 12:14:19
69325,2000030217,过午不食,39.8,I247.7/2135,2661507211,19装饰大专3,2021-09-01 12:45:00,2021-10-01 12:45:00,2021-10-19 12:14:42
69528,2000039278,2020中国年度小小说,45,I247.8/5134,2661507211,19装饰大专3,2021-09-01 12:45:00,2021-10-01 12:45:00,2021-10-20 11:58:36
68517,2000017695,孤鸟,39.8,I247.5/6082,2661507211,19装饰大专3,2021-09-01 12:46:00,2021-10-01 12:46:00,2021-09-28 12:17:19
68518,2000023935,握手在十六岁,38,I247.57/4020,2661507211,19装饰大专3,2021-09-01 12:46:00,2021-10-01 12:46:00,2021-09-28 12:17:22
69320,2000024945,慈悲,36,I247.57/1272,2661507211,19装饰大专3,2021-09-01 12:46:00,2021-10-01 12:46:00,2021-10-19 12:14:07
68192,2000029329,舟而复始,38,I247.57/4121,0648333040,20视觉大专,2021-09-01 12:55:00,2021-10-01 12:55:00,2021-09-22 13:23:52
68558,2000018298,战争拾遗,35,E19/5,1148677014,20视觉大专,2021-09-01 12:55:00,2021-10-01 12:55:00,2021-09-29 11:38:47
155,2000025075,百万英镑,35,I712.44/46,0238710582,19造价大专2,2021-09-01 13:02:23,2021-10-01 13:02:23,未还
68143,2000013290,牵牛花,28,I266/533,1147871638,20鲁班实验1,2021-09-01 13:04:00,2021-10-01 13:04:00,2021-09-18 13:26:46
67955,2000006921,藏海花,32.8,I247.5/5993,1146461430,20施工大专1,2021-09-01 13:06:00,2021-10-01 13:06:00,2021-09-14 16:06:05
68371,2000024860,有匪,35,I247.57/4038,0649780576,20施工大专1,2021-09-01 13:06:00,2021-10-01 13:06:00,2021-09-26 12:09:18
68560,2000027518,云边有个小卖部,42,I247.57/4056,1146453174,20装饰大专3,2021-09-01 13:10:00,2021-10-01 13:10:00,2021-09-29 11:46:11
67885,2000019914,钢笔画手绘表现技法从入门到精通,39.8,J214.2/9,0575041116,20装饰大专4,2021-09-01 13:14:00,2021-10-01 13:14:00,2021-09-09 12:08:56
67886,2000037251,他来时有星光,45,I247.5/6328,1146578758,20装饰大专4,2021-09-01 13:15:00,2021-10-01 13:15:00,2021-09-09 12:09:02
67701,2000034341,宇宙钟摆Ⅱ量子幽灵,36.8,I247.55/43,0647967472,20施工大专1,2021-09-01 13:16:00,2021-10-01 13:16:00,2021-09-02 13:11:26
67945,2000026975,摆渡人,36,I561.45/368,1146837398,20施工大专1,2021-09-01 13:16:00,2021-10-01 13:16:00,2021-09-14 16:00:12
67946,2000005243,盗墓笔记(1),32.8,I247.5/5958,1147119718,20施工大专1,2021-09-01 13:16:00,2021-10-01 13:16:00,2021-09-14 16:00:18
67947,2000024881,福尔摩斯探案全集,32,I561.456/6,1147910278,20施工大专1,2021-09-01 13:16:00,2021-10-01 13:16:00,2021-09-14 16:00:23
67839,2000037205,某某,49.8,I247.57/4217,2660452779,19装饰大专3,2021-09-01 13:17:00,2021-10-01 13:17:00,2021-09-08 12:12:03
67840,2000037206,某某,49.8,I247.57/4217,1253340178,19装饰大专3,2021-09-01 13:17:00,2021-10-01 13:17:00,2021-09-08 12:12:22
68035,2000024861,有匪,35,I247.57/4038,1545774514,19园林大专,2021-09-01 13:17:00,2021-10-01 13:17:00,2021-09-16 12:43:45
68036,2000029305,知否知否应是绿肥红瘦,42,I247.57/4114,2507926494,19园林大专,2021-09-01 13:17:00,2021-10-01 13:17:00,2021-09-16 12:43:52
68034,2000021689,思美人——壹,36.8,I247.57/3986,2662256171,19园林大专,2021-09-01 13:18:00,2021-10-01 13:18:00,2021-09-16 12:43:38
68999,2000014348,读者文摘精华,28,Z89/72,2661605803,19鲁班实验2,2021-09-01 13:18:00,2021-10-01 13:18:00,2021-10-12 15:03:14
69363,2000014561,读者文摘精华,28,Z89/79,2508753470,19鲁班实验2,2021-09-01 13:18:00,2021-10-01 13:18:00,2021-10-19 13:03:42
67696,2000037876,斗罗大陆第四部21,32,I247.59/259,0614880336,19市政大专,2021-09-01 13:20:00,2021-10-01 13:20:00,2021-09-02 11:44:55
67760,2000018891,幽暗国度,32,I247.56/1193,2508208990,19市政大专,2021-09-01 13:20:00,2021-10-01 13:20:00,2021-09-06 12:10:39
67761,2000037875,斗罗大陆第四部20,32,I247.59/258,1146981222,19市政大专,2021-09-01 13:20:00,2021-10-01 13:20:00,2021-09-06 12:10:43
67763,2000037878,斗罗大陆第四部22,32,I247.59/260,2508119662,19市政大专,2021-09-01 13:21:00,2021-10-01 13:21:00,2021-09-06 12:10:52
68057,1100093898,篆刻知识与技法,78,J292/152,1146792726,20鲁班实验2,2021-09-01 15:58:00,2021-10-01 15:58:00,2021-09-16 16:01:55
67721,2000034421,解忧杂货店,39.5,I313.45/373,2662363643,19造价大专2,2021-09-01 16:04:00,2021-10-01 16:04:00,2021-09-03 07:54:16
68452,2000027415,假面饭店,39.8,I313.45/350,2662618907,19造价大专2,2021-09-01 16:04:00,2021-10-01 16:04:00,2021-09-27 12:59:50
644,2000025035,孤独是种大自在,42,I267/3251,1146726918,20装饰大专4,2021-09-01 16:08:35,2021-10-01 16:08:35,未还
67767,2000025684,兰亭序杀局,39.8,I247.59/172,0572871916,20楼宇大专1,2021-09-01 16:09:00,2021-10-01 16:09:00,2021-09-06 12:12:22
68442,2000038175,龙族Ⅰ,43,I247.5/6324,2509078462,20楼宇大专1,2021-09-01 16:09:00,2021-10-01 16:09:00,2021-09-27 12:06:53
67693,2000007373,2015年中国武侠小说精选,35,I247.58/172,1148010438,20楼宇大专1,2021-09-01 16:12:00,2021-10-01 16:12:00,2021-09-02 11:19:20
67765,2000006076,漫步欧洲,40,I267.4/115,1147030374,20楼宇大专1,2021-09-01 16:12:00,2021-10-01 16:12:00,2021-09-06 12:12:06
67766,2000027924,光之子3,39,I247.59/209,1148379526,20楼宇大专1,2021-09-01 16:12:00,2021-10-01 16:12:00,2021-09-06 12:12:11
68132,2000006908,龙族(Ⅲ黑月之潮（上）),29.8,I247.5/5991,0572206252,20市政大专,2021-09-01 16:13:00,2021-10-01 16:13:00,2021-09-18 11:51:00
68660,2000004279,饥饿游戏1,28,I712.45/804,1147786726,20市政大专,2021-09-01 16:13:00,2021-10-01 16:13:00,2021-09-29 16:18:49
68277,2000021575,最美的时光里，容不下最美的爱情,32,I247.57/3981,1147541030,20楼宇大专2,2021-09-01 16:17:00,2021-10-01 16:17:00,2021-09-23 16:02:05
68278,2000036584,时光里的不为人知,29.8,I247.57/3982,1147541030,20楼宇大专2,2021-09-01 16:17:00,2021-10-01 16:17:00,2021-09-23 16:02:07
68280,2000021443,余生，请多指教,32,I247.57/3980,1147541030,20楼宇大专2,2021-09-01 16:17:00,2021-10-01 16:17:00,2021-09-23 16:02:15
68359,2000029265,下雨时蔷薇会开,49.8,I247.57/4110,1147541030,20楼宇大专2,2021-09-01 16:17:00,2021-10-01 16:17:00,2021-09-26 11:56:50
67809,2000017683,花与爱丽丝杀人事件,39.8,I313.456/1,1148329638,20施工大专2,2021-09-01 16:18:00,2021-10-01 16:18:00,2021-09-07 16:02:47
68272,2000033729,撒野2,49.8,I247.5/6249,1147541030,20楼宇大专2,2021-09-01 16:18:00,2021-10-01 16:18:00,2021-09-23 16:01:50
68273,2000035375,似锦.上册,28,I247.5/6282,1147541030,20楼宇大专2,2021-09-01 16:18:00,2021-10-01 16:18:00,2021-09-23 16:01:54
68274,2000035378,似锦.中册,28,I247.5/6283,1147541030,20楼宇大专2,2021-09-01 16:18:00,2021-10-01 16:18:00,2021-09-23 16:01:57
68275,2000031975,纵然缘浅奈何情深下,24,I247.5/6217,1147541030,20楼宇大专2,2021-09-01 16:18:00,2021-10-01 16:18:00,2021-09-23 16:02:00
68276,2000031974,纵然缘浅奈何情深上,24,I247.5/6216,1147541030,20楼宇大专2,2021-09-01 16:18:00,2021-10-01 16:18:00,2021-09-23 16:02:03
68279,2000037252,他来时有星光,45,I247.5/6328,1147541030,20楼宇大专2,2021-09-01 16:18:00,2021-10-01 16:18:00,2021-09-23 16:02:10
68358,2000035379,似锦.下册,29,I247.5/6284,1147541030,20楼宇大专2,2021-09-01 16:18:00,2021-10-01 16:18:00,2021-09-26 11:56:42
68360,2000033726,撒野,45,I247.5/6248,1147541030,20楼宇大专2,2021-09-01 16:18:00,2021-10-01 16:18:00,2021-09-26 11:57:01
68241,2000036351,剑来 1：少年起微末,40,I247.58/197,1148546518,19施工大专1,2021-09-01 16:19:00,2021-10-01 16:19:00,2021-09-23 12:30:21
69132,2000006936,笑傲江湖,27,I247.58/168,2509024974,19施工大专1,2021-09-01 16:19:00,2021-10-01 16:19:00,2021-10-15 11:50:29
67757,2000008170,在很久很久以前,32.8,I247.7/2030,1148333974,19园林大专,2021-09-01 16:21:00,2021-10-01 16:21:00,2021-09-06 12:00:30
67758,2000005538,汤姆·索亚历险记(插图本)/译林名著精选,18,I712.84/141,0572755180,19园林大专,2021-09-01 16:21:00,2021-10-01 16:21:00,2021-09-06 12:00:45
68961,2000025762,山茶文具店,49.8,I313.45/340,0575911724,19装饰大专2,2021-09-01 16:22:00,2021-10-01 16:22:00,2021-10-11 16:08:59
67775,2000039293,2020年中国武侠小说精选,36,I247.57/4237,1148010438,20楼宇大专1,2021-09-02 11:38:00,2021-10-02 11:38:00,2021-09-06 16:07:21
67727,2000002481,学生英语基础词汇双解考试词典,36,H316/2,0649729680,20楼宇大专1,2021-09-02 11:39:00,2021-10-02 11:39:00,2021-09-03 11:20:48
67728,2000004349,美剧中那些给力的生活口语,35,H319.9/263,0649729680,20楼宇大专1,2021-09-02 11:39:00,2021-10-02 11:39:00,2021-09-03 11:20:57
67729,2000005249,菊与刀,24,K313.03/1,0649729680,20楼宇大专1,2021-09-02 11:39:00,2021-10-02 11:39:00,2021-09-03 11:21:03
67731,1000116374,图解水经注,68,K928/971,0649729680,20楼宇大专1,2021-09-02 11:39:00,2021-10-02 11:39:00,2021-09-03 11:21:18
67776,2000009732,日本建筑解剖书,45,TU-863.13/2,0649729680,20楼宇大专1,2021-09-02 11:39:00,2021-10-02 11:39:00,2021-09-06 16:07:30
67756,2000034198,风雪迷失夜,46,I247.57/4171,1148707158,20鲁班实验1,2021-09-02 11:44:00,2021-10-02 11:44:00,2021-09-06 11:50:44
67887,2000030225,朝阳警事,59,I247.5/6198,2508387806,19施工大专3,2021-09-02 12:01:00,2021-10-02 12:01:00,2021-09-09 12:11:49
67888,2000028955,神印王座(Ⅶ永恒之心),24.8,I247.5/6190,2508276398,19施工大专3,2021-09-02 12:01:00,2021-10-02 12:01:00,2021-09-09 12:11:54
68170,2000029047,第三重人格,38,I247.57/4102,1146450118,19施工大专3,2021-09-02 12:01:00,2021-10-02 12:01:00,2021-09-22 12:24:58
67869,2000035623,听雷,49.8,I247.5/6295,1148360166,20市政大专,2021-09-02 12:02:00,2021-10-02 12:02:00,2021-09-09 11:59:14
67889,2000013580,三体,23,I247.5/5902,1548291282,19施工大专3,2021-09-02 12:02:00,2021-10-02 12:02:00,2021-09-09 12:11:59
69061,2000034189,我的妄想症男友,39.8,I247.57/4170,1148360166,20市政大专,2021-09-02 12:02:00,2021-10-02 12:02:00,2021-10-14 08:16:21
67870,2000035620,听雷.2,49.8,I247.5/6294,1148360166,20市政大专,2021-09-02 12:03:00,2021-10-02 12:03:00,2021-09-09 11:59:19
67871,2000035619,听雷.3,49.8,I247.5/6293,1148360166,20市政大专,2021-09-02 12:03:00,2021-10-02 12:03:00,2021-09-09 11:59:22
67956,2000040032,国宝档案.贰,45,K87/167,2662461675,19楼宇大专1,2021-09-02 12:17:00,2021-10-02 12:17:00,2021-09-15 08:05:18
67957,2000040036,国宝档案.肆,45,K87/169,2662461675,19楼宇大专1,2021-09-02 12:17:00,2021-10-02 12:17:00,2021-09-15 08:05:26
67958,2000040033,国宝档案.叁,45,K87/168,2662461675,19楼宇大专1,2021-09-02 12:17:00,2021-10-02 12:17:00,2021-09-15 08:05:32
67960,2000040029,国宝档案.壹,45,K87/166,2662461675,19楼宇大专1,2021-09-02 12:17:00,2021-10-02 12:17:00,2021-09-15 08:05:45
67762,2000038144,斗罗大陆第四部23,32,I247.59/261,0614880336,19市政大专,2021-09-02 12:34:00,2021-10-02 12:34:00,2021-09-06 12:10:48
67792,2000019211,2016中国小说排行榜,48,I247.7/2087,1147591158,19市政大专,2021-09-02 12:34:00,2021-10-02 12:34:00,2021-09-07 13:11:09
67879,2000006903,龙族(Ⅱ悼亡者之瞳),29.8,J228.2/153,1252499122,19市政大专,2021-09-02 12:34:00,2021-10-02 12:34:00,2021-09-09 12:07:06
68612,2000027473,无缝地带·寂灾,39.8,I247.56/1207,1148476054,20施工大专1,2021-09-02 12:41:00,2021-10-02 12:41:00,2021-09-29 12:07:56
68570,2000012626,龙马传4,35,I313.45/262,0554037292,20园林大专,2021-09-02 12:42:00,2021-10-02 12:42:00,2021-09-29 11:58:44
68667,2000021638,我是猫,39.8,I313.44/2,0554037292,20园林大专,2021-09-02 12:42:00,2021-10-02 12:42:00,2021-09-30 10:28:21
68458,2000002087,别让坏脾气毁了你,29.8,B842.6/91,0554037292,20园林大专,2021-09-02 12:43:00,2021-10-02 12:43:00,2021-09-27 13:04:03
68569,2000017686,岁月在，我在,39.9,I267/3136,0554037292,20园林大专,2021-09-02 12:43:00,2021-10-02 12:43:00,2021-09-29 11:58:41
68587,2000025507,毕业5年决定你的一生,32,B848.4/873,0554037292,20园林大专,2021-09-02 12:43:00,2021-10-02 12:43:00,2021-09-29 12:00:02
68590,2000020932,生命向前,48,B848.4/857,0554037292,20园林大专,2021-09-02 12:43:00,2021-10-02 12:43:00,2021-09-29 12:00:14
68573,2000026996,不怕青春太疼痛，只怕青春没来过,39.8,I267/3264,0554037292,20园林大专,2021-09-02 12:44:00,2021-10-02 12:44:00,2021-09-29 11:58:58
68572,2000026685,解忧杂货店,39.5,I313.45/246,0554037292,20园林大专,2021-09-02 12:45:00,2021-10-02 12:45:00,2021-09-29 11:58:53
68578,2000025610,守藏,29.8,I247.5/6166,0554037292,20园林大专,2021-09-02 12:45:00,2021-10-02 12:45:00,2021-09-29 11:59:23
68579,2000007486,何以笙箫默(7周年精装珍藏版),25,I247.5/5996,0554037292,20园林大专,2021-09-02 12:45:00,2021-10-02 12:45:00,2021-09-29 11:59:27
68584,2000024303,人生若只如初见(古典诗词的美丽与哀愁增订版),30,I267/3244,0554037292,20园林大专,2021-09-02 12:45:00,2021-10-02 12:45:00,2021-09-29 11:59:44
68586,2000019076,最糟糕的如厕训练书,36,I287.8/1,0554037292,20园林大专,2021-09-02 12:45:00,2021-10-02 12:45:00,2021-09-29 11:59:58
68588,2000036824,等一朵花开,68,I267/3384,0554037292,20园林大专,2021-09-02 12:45:00,2021-10-02 12:45:00,2021-09-29 12:00:05
68568,2000035921,将进酒.上,34,I247.5/6299,0554037292,20园林大专,2021-09-02 12:46:00,2021-10-02 12:46:00,2021-09-29 11:58:38
68571,2000035922,将进酒.下,34,I247.5/6300,0554037292,20园林大专,2021-09-02 12:46:00,2021-10-02 12:46:00,2021-09-29 11:58:49
68574,2000035346,少女侦探事件簿.1,34.9,I247.57/4199,0554037292,20园林大专,2021-09-02 12:46:00,2021-10-02 12:46:00,2021-09-29 11:59:03
68575,2000006951,倚天屠龙记（四）,27,I247.5/5980,0554037292,20园林大专,2021-09-02 12:46:00,2021-10-02 12:46:00,2021-09-29 11:59:08
68583,2000030907,晚风枕酒,48,I247.5/6205,0554037292,20园林大专,2021-09-02 12:46:00,2021-10-02 12:46:00,2021-09-29 11:59:41
68589,2000035348,少女侦探事件簿.2,34.9,I247.57/4200,0554037292,20园林大专,2021-09-02 12:46:00,2021-10-02 12:46:00,2021-09-29 12:00:11
68591,2000027382,昭奚旧草下,24.9,I247.5/6187,0554037292,20园林大专,2021-09-02 12:46:00,2021-10-02 12:46:00,2021-09-29 12:00:17
68593,2000017579,那年夏天我们一起毕业,25,I247.57/1335,0554037292,20园林大专,2021-09-02 12:46:00,2021-10-02 12:46:00,2021-09-29 12:00:24
68576,2000024726,十五岁的星空,20,I247.57/4033,0554037292,20园林大专,2021-09-02 12:47:00,2021-10-02 12:47:00,2021-09-29 11:59:13
68592,2000015075,不负如来不负卿上,27.5,I247.57/1304,0554037292,20园林大专,2021-09-02 12:47:00,2021-10-02 12:47:00,2021-09-29 12:00:21
68668,2000015077,不负如来不负卿下,27.5,I247.57/1305,0554037292,20园林大专,2021-09-02 12:47:00,2021-10-02 12:47:00,2021-09-30 10:28:26
67742,2000029536,无羁,48,I247.58/195,1548296434,19造价大专2,2021-09-02 12:49:00,2021-10-02 12:49:00,2021-09-03 12:06:19
68567,2000017132,暗恋·橘生淮南上,29,I247.57/1300,0554037292,20园林大专,2021-09-02 12:49:00,2021-10-02 12:49:00,2021-09-29 11:58:35
67789,2000037895,山海高中,48,I247.57/4225,2662673115,19造价大专2,2021-09-02 12:50:00,2021-10-02 12:50:00,2021-09-07 12:25:15
68502,1100008411,训练思维的数学趣题,11.5,O1/1,1147932198,20视觉大专,2021-09-02 12:50:00,2021-10-02 12:50:00,2021-09-28 12:06:02
68704,2000026804,数独游戏,39.9,G898.2/158,1147932198,20视觉大专,2021-09-02 12:50:00,2021-10-02 12:50:00,2021-10-08 12:04:43
68705,2000000783,人体素描写生教程,38,J214/273,1147932198,20视觉大专,2021-09-02 12:50:00,2021-10-02 12:50:00,2021-10-08 12:04:57
68707,2000010624,园林风景钢笔画技法,45,J214.2/5,1147932198,20视觉大专,2021-09-02 12:50:00,2021-10-02 12:50:00,2021-10-08 12:05:20
68500,1100072099,数学谜题,15,O1/1,1147932198,20视觉大专,2021-09-02 12:51:00,2021-10-02 12:51:00,2021-09-28 12:05:55
68501,1100008409,数学的奇妙,17,O1/135,1147932198,20视觉大专,2021-09-02 12:51:00,2021-10-02 12:51:00,2021-09-28 12:05:57
68697,1000076201,暗算,20,I247.5/921,1147932198,20视觉大专,2021-09-02 12:51:00,2021-10-02 12:51:00,2021-10-08 12:03:20
68699,2000036979,龙族Ⅱ,49,I247.5/6325,1147932198,20视觉大专,2021-09-02 12:51:00,2021-10-02 12:51:00,2021-10-08 12:03:49
68701,2000001811,最经典的侦探推理游戏大全集,39.8,G898.2/126,1147932198,20视觉大专,2021-09-02 12:51:00,2021-10-02 12:51:00,2021-10-08 12:04:12
68706,2000005922,王羲之书法全集(8)/新编三希堂法帖,45,J292.23/14,1147932198,20视觉大专,2021-09-02 12:51:00,2021-10-02 12:51:00,2021-10-08 12:05:10
68503,1100068544,开阔眼界的数学故事,25,O1/96,1147932198,20视觉大专,2021-09-02 12:52:00,2021-10-02 12:52:00,2021-09-28 12:06:05
68698,2000038172,龙族Ⅰ,43,I247.5/6324,1147932198,20视觉大专,2021-09-02 12:52:00,2021-10-02 12:52:00,2021-10-08 12:03:36
68710,2000031697,迷人的数学,78,O1-49/982,1147932198,20视觉大专,2021-09-02 12:52:00,2021-10-02 12:52:00,2021-10-08 12:05:52
730,2000026571,小王子,18,I565.88/6,0616147152,20造价大专2,2021-09-02 12:52:48,2021-10-02 12:52:48,未还
731,2000005074,少年维特的烦恼,12.8,I516.44/1,0616147152,20造价大专2,2021-09-02 12:52:55,2021-10-02 12:52:55,未还
732,2000026569,猎人笔记,28,I512.44/103,0616147152,20造价大专2,2021-09-02 12:53:03,2021-10-02 12:53:03,未还
733,1100090499,童年· 在人间· 我的大学,29.8,I512.45/150,0616147152,20造价大专2,2021-09-02 12:53:09,2021-10-02 12:53:09,未还
736,1100089855,福尔摩斯探案,21.8,I561/1390,0616147152,20造价大专2,2021-09-02 12:53:14,2021-10-02 12:53:14,未还
738,2000024214,格林童话全集,32,I516.88/12,0616147152,20造价大专2,2021-09-02 12:53:21,2021-10-02 12:53:21,未还
739,2000008196,一九八四(精)/经典译林,19.5,I561.45/290,0616147152,20造价大专2,2021-09-02 12:53:47,2021-10-02 12:53:47,未还
740,2000026581,堂吉诃德(精)/经典译林,62,I551.43/14,0616147152,20造价大专2,2021-09-02 12:53:54,2021-10-02 12:53:54,未还
741,2000005076,莎士比亚喜剧悲剧集,32,I561.33/377,0616147152,20造价大专2,2021-09-02 12:54:01,2021-10-02 12:54:01,未还
67699,2000019236,人间失格,45,I313.45/295,2660313131,19装饰大专2,2021-09-02 12:54:25,2021-10-02 12:54:25,2021-09-02 12:54:30
67911,2000019236,人间失格,45,I313.45/295,2660313131,19装饰大专2,2021-09-02 12:55:00,2021-10-02 12:55:00,2021-09-10 09:53:49
67912,2000017682,花与爱丽丝杀人事件,39.8,I313.456/1,2507922862,19装饰大专2,2021-09-02 12:55:00,2021-10-02 12:55:00,2021-09-10 09:53:57
67875,2000037894,山海高中,48,I247.57/4225,2662551611,19装饰大专3,2021-09-02 12:57:00,2021-10-02 12:57:00,2021-09-09 12:02:58
67700,2000039703,十四岁很美,30,I287.45/126,0554037292,20园林大专,2021-09-02 13:00:00,2021-10-02 13:00:00,2021-09-02 13:00:31
67931,2000027492,三国机密·潜龙在渊,39.8,I247.53/149,2662061163,19园林大专,2021-09-02 13:00:00,2021-10-02 13:00:00,2021-09-14 12:31:50
67932,2000035622,听雷,49.8,I247.5/6295,2660615259,19园林大专,2021-09-02 13:00:00,2021-10-02 13:00:00,2021-09-14 12:31:55
68529,2000029307,知否知否应是绿肥红瘦2,42,I247.57/4115,2662595179,19园林大专,2021-09-02 13:02:00,2021-10-02 13:02:00,2021-09-28 12:35:07
67790,2000024074,诛仙肆,32.8,I247.5/6029,2662238779,19装饰大专3,2021-09-02 13:03:00,2021-10-02 13:03:00,2021-09-07 12:37:45
68004,2000010317,诛仙肆,32.8,I247.5/6029,1146375878,19装饰大专3,2021-09-02 13:03:00,2021-10-02 13:03:00,2021-09-15 14:20:18
67773,2000018935,幽暗国度Ⅰ面具,32,I247.56/1195,0647967472,20施工大专1,2021-09-02 13:13:00,2021-10-02 13:13:00,2021-09-06 15:59:13
67898,2000027444,斗罗大陆第三部9,28,I247.59/189,1148177846,20市政大专,2021-09-02 13:22:00,2021-10-02 13:22:00,2021-09-09 13:22:22
67900,2000027446,斗罗大陆第三部11,28,I247.59/191,1146856486,20市政大专,2021-09-02 13:22:00,2021-10-02 13:22:00,2021-09-09 13:22:35
68111,2000027462,斗罗大陆第三部28,29.8,I247.5/6188,1148106118,20市政大专,2021-09-02 13:22:00,2021-10-02 13:22:00,2021-09-17 13:19:44
67899,2000027443,斗罗大陆第三部8,28,I247.59/188,1147442534,20市政大专,2021-09-02 13:23:00,2021-10-02 13:23:00,2021-09-09 13:22:29
67747,2000038126,斗罗大陆第四部14,32,I247.59/252,2661860747,19施工大专3,2021-09-02 13:25:00,2021-10-02 13:25:00,2021-09-06 08:19:30
67943,2000036464,重生,59,I247.5/6314,0575638060,19施工大专3,2021-09-02 13:26:00,2021-10-02 13:26:00,2021-09-14 16:00:03
67702,2000034341,宇宙钟摆Ⅱ量子幽灵,36.8,I247.55/43,0572372460,21施工大专3,2021-09-02 13:56:00,2021-10-02 13:56:00,2021-09-02 13:56:20
67905,2000034333,琴帝14,29.8,I247.59/235,2661002651,19施工大专3,2021-09-02 16:01:00,2021-10-02 16:01:00,2021-09-09 16:01:38
67906,2000034335,琴帝15,29.8,I247.59/236,0650020304,19施工大专3,2021-09-02 16:02:00,2021-10-02 16:02:00,2021-09-09 16:01:40
621,2000012186,小别离,28,I247.57/1296,2661238923,19市政大专,2021-09-02 16:06:56,2021-10-02 16:06:56,未还
67941,2000005228,盗墓笔记(8大结局上),32.8,I247.5/5951,2508376974,19市政大专,2021-09-02 16:07:00,2021-10-02 16:07:00,2021-09-14 15:15:19
67764,2000038142,斗罗大陆第四部22,32,I247.59/260,0648380128,19市政大专,2021-09-02 16:08:00,2021-10-02 16:08:00,2021-09-06 12:10:54
67770,2000035345,少女侦探事件簿.1,34.9,I247.57/4199,2508810110,19市政大专,2021-09-02 16:08:00,2021-10-02 16:08:00,2021-09-06 13:31:36
67755,2000037857,斗罗大陆第四部11,32,I247.59/249,1148430886,20鲁班实验1,2021-09-02 16:17:00,2021-10-02 16:17:00,2021-09-06 11:40:07
68290,2000007349,本草纲目,78,R281.3/1,0571831292,20楼宇大专2,2021-09-03 11:37:00,2021-10-03 11:37:00,2021-09-24 11:41:26
67786,2000036354,剑来 3：清梦压星河,42,I247.58/199,0572512444,21装饰大专3,2021-09-03 11:42:00,2021-10-03 11:42:00,2021-09-07 12:10:12
67812,2000005029,狼图腾,39.8,I247.5/5947,0571753244,21施工大专4,2021-09-03 12:14:00,2021-10-03 12:14:00,2021-09-07 16:03:54
67859,2000029421,伽利略的苦恼,45,I313.45/361,0571986620,21施工大专4,2021-09-03 12:14:00,2021-10-03 12:14:00,2021-09-08 16:32:11
68521,2000018945,让你爱不释手的极简明朝史,29.8,K248.09/27,2508324142,19造价大专2,2021-09-03 12:14:00,2021-10-03 12:14:00,2021-09-28 12:18:39
67759,2000027432,诛仙,32.8,I247.5/6026,0572360924,21施工大专4,2021-09-03 12:15:00,2021-10-03 12:15:00,2021-09-06 12:00:56
67810,2000038247,盗墓笔记(4),45,I247.5/6339,0572465660,21施工大专4,2021-09-03 12:15:00,2021-10-03 12:15:00,2021-09-07 16:03:47
68577,2000010569,锦绣未央1,25,I247.57/1281,0554037292,20园林大专,2021-09-03 12:17:00,2021-10-03 12:17:00,2021-09-29 11:59:17
68582,2000010570,锦绣未央2,25,I247.57/1282,0554037292,20园林大专,2021-09-03 12:17:00,2021-10-03 12:17:00,2021-09-29 11:59:39
68669,2000010572,锦绣未央3,25,I247.57/1283,0554037292,20园林大专,2021-09-03 12:17:00,2021-10-03 12:17:00,2021-09-30 10:28:31
68580,2000016520,锦绣未央,25,I247.57/1313,1545731634,20园林大专,2021-09-03 12:18:00,2021-10-03 12:18:00,2021-09-29 11:59:33
68581,2000016518,锦绣未央,25,I247.57/1312,0554037292,20园林大专,2021-09-03 12:18:00,2021-10-03 12:18:00,2021-09-29 11:59:36
1067,8000001924,科幻世界,0,N49,2662372507,19造价大专2,2021-09-06 00:00:00,2021-10-06 00:00:00,未还
67774,2000037858,斗罗大陆第四部12,32,I247.59/250,1148430886,20鲁班实验1,2021-09-06 11:41:00,2021-10-06 11:41:00,2021-09-06 16:01:06
67893,2000015172,时间的针脚,39.5,I551.45/3,1148707158,20鲁班实验1,2021-09-06 11:53:00,2021-10-06 11:53:00,2021-09-09 12:43:31
67835,2000018072,28岁未成年,32,I247.57/1353,1147759814,20楼宇大专2,2021-09-06 12:09:00,2021-10-06 12:09:00,2021-09-08 12:04:57
67836,2000025558,云边有个小卖部,42,I247.57/4056,0573327356,21房产大专,2021-09-06 12:09:00,2021-10-06 12:09:00,2021-09-08 12:05:04
67811,2000024071,诛仙贰,32.8,I247.5/6027,0572360924,21施工大专4,2021-09-06 12:13:00,2021-10-06 12:13:00,2021-09-07 16:03:50
67930,2000018711,中国民间故事丛书——江苏徐州·丰县,42,I277.3/18,0575122588,21施工中专2,2021-09-06 12:13:00,2021-10-06 12:13:00,2021-09-14 12:26:37
68065,2000034222,慕尔如星,36.8,I247.57/4175,2508200014,19园林大专,2021-09-06 12:13:00,2021-10-06 12:13:00,2021-09-16 16:07:38
68230,2000018986,离开前请叫醒我,36.8,I217.2/130,1148333974,19园林大专,2021-09-06 12:13:00,2021-10-06 12:13:00,2021-09-23 12:17:51
68380,2000029998,没有星星，夜不滚烫,45,I247.7/2133,0572755180,19园林大专,2021-09-06 12:13:00,2021-10-06 12:13:00,2021-09-26 12:20:35
67959,2000040037,国宝档案.伍,45,K87/170,1146970646,19楼宇大专1,2021-09-06 12:15:00,2021-10-06 12:15:00,2021-09-15 08:05:36
67788,2000034163,淡定是最好的优雅,49.8,I267.1/2608,1148626230,20楼宇大专1,2021-09-06 12:16:00,2021-10-06 12:16:00,2021-09-07 12:24:28
67844,2000028959,斗罗大陆第三部5,34.8,I247.59/212,2508751918,20楼宇大专1,2021-09-06 12:16:00,2021-10-06 12:16:00,2021-09-08 12:40:15
67856,2000026087,兰亭序杀局,49.8,I247.59/175,0572871916,20楼宇大专1,2021-09-06 12:16:00,2021-10-06 12:16:00,2021-09-08 16:07:08
67857,2000036961,云中歌.2,45,I247.57/4215,1148379526,20楼宇大专1,2021-09-06 12:16:00,2021-10-06 12:16:00,2021-09-08 16:07:12
68031,2000039654,攀登者,39.8,I247.5/6351,2662179579,19楼宇大专1,2021-09-06 12:16:00,2021-10-06 12:16:00,2021-09-16 12:33:42
67794,2000038153,斗罗大陆第四部27,32,I247.59/267,2508119662,19市政大专,2021-09-06 12:17:00,2021-10-06 12:17:00,2021-09-07 13:17:48
67880,2000038165,斗罗大陆第四部30,32,I247.59/270,2507983838,19市政大专,2021-09-06 12:17:00,2021-10-06 12:17:00,2021-09-09 12:07:12
68524,2000021995,许三观卖血记,29,I247.57/4010,2507983838,19市政大专,2021-09-06 12:17:00,2021-10-06 12:17:00,2021-09-28 12:32:11
68525,2000022000,在细雨中呼喊,29,I247.57/4011,2507983838,19市政大专,2021-09-06 12:17:00,2021-10-06 12:17:00,2021-09-28 12:32:38
68713,2000022006,兄弟/余华作品,43,I247.5/6148,2507983838,19市政大专,2021-09-06 12:17:00,2021-10-06 12:17:00,2021-10-08 12:13:37
68963,2000018237,活着,20,I247.5/6095,2507983838,19市政大专,2021-09-06 12:17:00,2021-10-06 12:17:00,2021-10-11 16:19:10
67831,2000018902,幽暗国度Ⅲ万劫,32,I247.56/1194,2508208990,19市政大专,2021-09-06 12:18:00,2021-10-06 12:18:00,2021-09-08 11:59:50
68962,2000027426,龙族(Ⅲ黑月之潮（上）),29.8,I247.5/5991,2507983838,19市政大专,2021-09-06 12:18:00,2021-10-06 12:18:00,2021-10-11 16:18:37
67787,2000038140,斗罗大陆第四部21,32,I247.59/259,1146981222,19市政大专,2021-09-06 12:19:00,2021-10-06 12:19:00,2021-09-07 12:13:46
69223,2000024545,月亮与六便士,39.8,I561.45/362,0572452908,21造价大专2,2021-09-06 12:40:00,2021-10-06 12:40:00,2021-10-18 12:49:05
67842,2000028946,声之形1,12.8,J238/38,0571735436,21古建大专,2021-09-06 12:42:00,2021-10-06 12:42:00,2021-09-08 12:22:55
67843,2000028947,声之形2,12.8,J238/39,0572417164,21古建大专,2021-09-06 12:42:00,2021-10-06 12:42:00,2021-09-08 12:23:01
67896,2000025559,云边有个小卖部,42,I247.57/4056,0649959088,20视觉大专,2021-09-06 12:53:00,2021-10-06 12:53:00,2021-09-09 12:57:35
67769,2000027924,光之子3,39,I247.59/209,1148528022,20施工大专1,2021-09-06 12:57:00,2021-10-06 12:57:00,2021-09-06 12:56:52
713,2000001832,岛,28,I561.45/269,2662291403,19园林大专,2021-09-06 13:03:19,2021-10-06 13:03:19,未还
67999,2000027615,江宁探案录,45,I247.56/1210,2660955307,19园林大专,2021-09-06 13:04:00,2021-10-06 13:04:00,2021-09-15 13:07:48
68000,2000030306,贵婉日记,45,I247.7/2136,1147815014,19园林大专,2021-09-06 13:04:00,2021-10-06 13:04:00,2021-09-15 13:08:56
68399,2000027558,大唐辟邪司,39.8,I247.56/1208,2661252235,19园林大专,2021-09-06 13:04:00,2021-10-06 13:04:00,2021-09-26 13:05:20
68129,2000028931,半小时漫画中国史3,39.9,K209/1168,0615838096,20造价大专1,2021-09-06 13:13:00,2021-10-06 13:13:00,2021-09-18 11:49:35
67845,2000027934,人间便利店,45,I313.45/353,1148178374,20楼宇大专2,2021-09-06 13:15:00,2021-10-06 13:15:00,2021-09-08 12:50:12
67793,2000038138,斗罗大陆第四部20,32,I247.59/258,2508895006,19市政大专,2021-09-06 13:17:00,2021-10-06 13:17:00,2021-09-07 13:11:13
67804,2000035126,奇异博士,45,H319.4/1179,2662654027,19市政大专,2021-09-06 13:17:00,2021-10-06 13:17:00,2021-09-07 15:59:39
68287,1100087211,脑筋急转弯大全集,29,G898.2/76,0614580224,19楼宇大专2,2021-09-06 13:23:00,2021-10-06 13:23:00,2021-09-24 08:19:39
68408,2000037874,斗罗大陆第四部20,32,I247.59/258,2661985995,19楼宇大专2,2021-09-06 13:23:00,2021-10-06 13:23:00,2021-09-26 13:26:12
771,2000001810,最经典的侦探推理游戏大全集,39.8,G898.2/126,1146902726,19楼宇大专2,2021-09-06 13:24:02,2021-10-06 13:24:02,未还
773,2000006081,八路军口述史上册,74,E297.3/1,2508343502,20施工大专3,2021-09-06 13:26:42,2021-10-06 13:26:42,未还
68054,2000036458,星海旅人,48,I247.55/46,0571482556,19市政大专,2021-09-06 16:02:00,2021-10-06 16:02:00,2021-09-16 13:29:34
67805,2000038090,神印王座(Ⅳ梦幻神殿),24.8,I247.5/6334,0647967472,20施工大专1,2021-09-06 16:03:00,2021-10-06 16:03:00,2021-09-07 15:59:44
67901,2000035347,少女侦探事件簿.2,34.9,I247.57/4200,2509078974,19市政大专,2021-09-06 16:04:00,2021-10-06 16:04:00,2021-09-09 13:33:03
67937,2000037859,斗罗大陆第四部12,32,I247.59/250,0648380128,19市政大专,2021-09-06 16:04:00,2021-10-06 16:04:00,2021-09-14 15:05:58
67785,2000037861,斗罗大陆第四部13,32,I247.59/251,1148430886,20鲁班实验1,2021-09-06 16:08:00,2021-10-06 16:08:00,2021-09-07 11:41:09
67820,2000029536,无羁,48,I247.58/195,1147069718,20鲁班实验1,2021-09-06 16:08:00,2021-10-06 16:08:00,2021-09-08 11:40:43
67813,2000001822,悖论13,39.5,I313.45/242,2662363643,19造价大专2,2021-09-06 16:13:00,2021-10-06 16:13:00,2021-09-08 07:42:43
67953,2000034307,琴帝1,29.8,I247.59/222,1148688214,20施工大专2,2021-09-06 16:13:00,2021-10-06 16:13:00,2021-09-14 16:04:11
780,2000025994,诗词格律,22,I207.21/7,1148010438,20楼宇大专1,2021-09-06 16:20:47,2021-10-06 16:20:47,未还
67807,2000040025,生僻词,42,H12/79,0649729680,20楼宇大专1,2021-09-06 16:21:00,2021-10-06 16:21:00,2021-09-07 16:01:09
68069,2000029067,饥饿帝国,99,K561.4/1,0649729680,20楼宇大专1,2021-09-06 16:21:00,2021-10-06 16:21:00,2021-09-16 16:17:22
68351,1000146516,贞观政要(青花典藏珍藏版)/国学典藏书系,32.8,D691.5/25,0649729680,20楼宇大专1,2021-09-06 16:21:00,2021-10-06 16:21:00,2021-09-26 11:26:38
68606,1000146510,尚书·礼记,32.8,K892.9/19,0649729680,20楼宇大专1,2021-09-06 16:21:00,2021-10-06 16:21:00,2021-09-29 12:01:59
67808,2000038126,斗罗大陆第四部14,32,I247.59/252,1148430886,20鲁班实验1,2021-09-07 11:42:00,2021-10-07 11:42:00,2021-09-07 16:01:59
67829,2000038128,斗罗大陆第四部15,32,I247.59/253,2661860747,19施工大专3,2021-09-07 11:44:00,2021-10-07 11:44:00,2021-09-08 11:42:14
68055,2000038174,龙族Ⅰ,43,I247.5/6324,0572178044,21造价大专2,2021-09-07 11:45:00,2021-10-07 11:45:00,2021-09-16 15:59:55
68056,2000038173,龙族Ⅰ,43,I247.5/6324,1146684118,21造价大专2,2021-09-07 11:45:00,2021-10-07 11:45:00,2021-09-16 15:59:57
67819,2000026911,元尊,32.8,I247.59/176,0571865708,21楼宇大专1,2021-09-07 11:56:00,2021-10-07 11:56:00,2021-09-08 11:09:15
67994,2000035920,将进酒.上,34,I247.5/6299,0571587452,21古建大专,2021-09-07 11:58:00,2021-10-07 11:58:00,2021-09-15 12:55:39
67818,2000010311,诛仙,32.8,I247.5/6026,0572423740,21楼宇大专1,2021-09-07 11:59:00,2021-10-07 11:59:00,2021-09-08 11:09:11
68694,2000024610,还珠格格第一部,54.8,I247.57/4032,0572510476,21古建大专,2021-09-07 11:59:00,2021-10-07 11:59:00,2021-10-08 11:58:11
67837,2000026022,星河彼岸,42,I247.59/174,1447643010,21房产大专,2021-09-07 12:12:00,2021-10-07 12:12:00,2021-09-08 12:05:27
67988,2000036361,剑来 6：剑符在扁舟,43,I247.58/202,0572512444,21装饰大专3,2021-09-07 12:12:00,2021-10-07 12:12:00,2021-09-15 12:26:09
67830,2000038143,斗罗大陆第四部22,32,I247.59/260,1146981222,19市政大专,2021-09-07 12:15:00,2021-10-07 12:15:00,2021-09-08 11:59:46
328,2000037340,金银岛,35,I561.44/481,0616147152,20造价大专2,2021-09-07 12:26:13,2021-10-07 12:26:13,未还
714,2000026584,百万英镑,28,I712.44/47,0616147152,20造价大专2,2021-09-07 12:26:16,2021-10-07 12:26:16,未还
785,1100097363,麦田里的守望者,18,I712.45/790,0616147152,20造价大专2,2021-09-07 12:26:18,2021-10-07 12:26:18,未还
786,1100089975,飘(上）,24,I712.45/727,0616147152,20造价大专2,2021-09-07 12:26:21,2021-10-07 12:26:21,未还
787,1100089695,被侮辱与被损害的人,22,I512.44/81,0616147152,20造价大专2,2021-09-07 12:26:23,2021-10-07 12:26:23,未还
789,1100089980,飘(下）,24,I712.45/726,0616147152,20造价大专2,2021-09-07 12:26:26,2021-10-07 12:26:26,未还
790,1100090004,老人与海,15,I712.45/725,0616147152,20造价大专2,2021-09-07 12:26:28,2021-10-07 12:26:28,未还
67996,2000034309,琴帝2,29.8,I247.59/223,0615014768,20市政大专,2021-09-07 12:27:00,2021-10-07 12:27:00,2021-09-15 13:03:34
67838,2000036336,不负过往，不惧孤独,49.8,I267.1/2628,0572444220,20楼宇大专1,2021-09-07 12:30:00,2021-10-07 12:30:00,2021-09-08 12:10:55
68793,2000006680,天龙八部（五）,27.6,I247.5/5985,1147564006,20市政中专,2021-09-07 12:30:00,2021-10-07 12:30:00,2021-10-09 13:38:41
68801,2000015283,复活,36,I512.44/93,1147564006,20市政中专,2021-09-07 12:30:00,2021-10-07 12:30:00,2021-10-09 13:39:58
68805,1100033392,车来人往,23,I247.5/1576,1147564006,20市政中专,2021-09-07 12:30:00,2021-10-07 12:30:00,2021-10-09 13:40:23
68806,2000012133,心理学,28,B84/548,1147564006,20市政中专,2021-09-07 12:30:00,2021-10-07 12:30:00,2021-10-09 13:40:28
68808,2000016515,在小吃店遇见凯恩斯,42,F0-49/178,1147564006,20市政中专,2021-09-07 12:30:00,2021-10-07 12:30:00,2021-10-09 13:41:01
68814,1200022710,学校会伤人,32,G40/518,1147564006,20市政中专,2021-09-07 12:30:00,2021-10-07 12:30:00,2021-10-09 13:41:55
68791,2000016613,宇宙往事,38,I247.55/4,1147564006,20市政中专,2021-09-07 12:31:00,2021-10-07 12:31:00,2021-10-09 13:37:57
68797,2000011527,窥视日本,30,I313.65/6,1147564006,20市政中专,2021-09-07 12:31:00,2021-10-07 12:31:00,2021-10-09 13:39:06
68798,1000096418,官场现形记,20,I242.4/393,1147564006,20市政中专,2021-09-07 12:31:00,2021-10-07 12:31:00,2021-10-09 13:39:10
68799,1000096410,隋唐演义,20,I242.4/395,1147564006,20市政中专,2021-09-07 12:31:00,2021-10-07 12:31:00,2021-10-09 13:39:14
68800,1000096426,儒林外史,20,I242.4/391,1147564006,20市政中专,2021-09-07 12:31:00,2021-10-07 12:31:00,2021-10-09 13:39:46
68803,2000027023,如父如子,49.8,I313.45/349,1147564006,20市政中专,2021-09-07 12:31:00,2021-10-07 12:31:00,2021-10-09 13:40:11
68810,2000034393,未来星球2049,48,I247.5/6263,1147564006,20市政中专,2021-09-07 12:31:00,2021-10-07 12:31:00,2021-10-09 13:41:35
68811,2000037944,西西弗神话,45,I565.65/4,1147564006,20市政中专,2021-09-07 12:31:00,2021-10-07 12:31:00,2021-10-09 13:41:39
68812,2000018235,活着,20,I247.5/6095,1147564006,20市政中专,2021-09-07 12:31:00,2021-10-07 12:31:00,2021-10-09 13:41:44
68815,1000132522,暗夜千羽--魔幻唐朝,28,I247.5/6317,1147564006,20市政中专,2021-09-07 12:31:00,2021-10-07 12:31:00,2021-10-09 13:41:59
68816,2000021318,春秋战国3,36,I247.53/140,1147564006,20市政中专,2021-09-07 12:31:00,2021-10-07 12:31:00,2021-10-09 13:42:03
68817,2000036581,神印王座,32.8,I247.5/6318,1147564006,20市政中专,2021-09-07 12:31:00,2021-10-07 12:31:00,2021-10-09 13:42:13
68819,1000103317,说岳全传 杨家将,19.8,I242.4/873,1147564006,20市政中专,2021-09-07 12:31:00,2021-10-07 12:31:00,2021-10-09 13:43:00
68820,2000016694,人机战争,38,I247.55/6,1147564006,20市政中专,2021-09-07 12:31:00,2021-10-07 12:31:00,2021-10-09 13:43:20
68792,1100086656,圣经故事,22,B971/33,1147564006,20市政中专,2021-09-07 12:32:00,2021-10-07 12:32:00,2021-10-09 13:38:30
68794,2000017763,教堂钟声,28,I561.44/467,1147564006,20市政中专,2021-09-07 12:32:00,2021-10-07 12:32:00,2021-10-09 13:38:47
68795,1000075957,中国漫画史话,32,J209.2/5,1147564006,20市政中专,2021-09-07 12:32:00,2021-10-07 12:32:00,2021-10-09 13:38:56
68796,2000005556,钢铁是怎样炼成的(插图本)/译林名著精选,19.5,I512.45/152,1147564006,20市政中专,2021-09-07 12:32:00,2021-10-07 12:32:00,2021-10-09 13:39:01
68802,2000029377,世界宗教,99.8,B928.1/1,1147564006,20市政中专,2021-09-07 12:32:00,2021-10-07 12:32:00,2021-10-09 13:40:04
68804,2000008092,如果还能再见你,39.8,I247.7/2027,1147564006,20市政中专,2021-09-07 12:32:00,2021-10-07 12:32:00,2021-10-09 13:40:17
68807,2000037258,觉醒,59,I247.57/4219,1147564006,20市政中专,2021-09-07 12:32:00,2021-10-07 12:32:00,2021-10-09 13:40:52
68809,2000009490,火星崛起,49.9,I712.459/1,1147564006,20市政中专,2021-09-07 12:32:00,2021-10-07 12:32:00,2021-10-09 13:41:07
68813,2000016620,流浪地球,35,I247.7/2060,1147564006,20市政中专,2021-09-07 12:32:00,2021-10-07 12:32:00,2021-10-09 13:41:49
68818,2000000590,追风筝的人,29,I712.45/792,1147564006,20市政中专,2021-09-07 12:32:00,2021-10-07 12:32:00,2021-10-09 13:42:27
68987,2000035321,海棠经雨胭脂透,49,I247.57/4197,2508379982,20视觉大专,2021-09-07 12:34:00,2021-10-07 12:34:00,2021-10-12 12:24:01
67980,2000021994,许三观卖血记,29,I247.57/4010,2660524955,19装饰大专3,2021-09-07 12:46:00,2021-10-07 12:46:00,2021-09-15 12:17:48
67981,2000005633,琅琊榜（上）,25,I247.59/121,2661971835,19装饰大专3,2021-09-07 12:46:00,2021-10-07 12:46:00,2021-09-15 12:17:53
67841,2000034308,琴帝1,29.8,I247.59/222,1549488066,19装饰大专3,2021-09-07 12:51:00,2021-10-07 12:51:00,2021-09-08 12:22:51
68005,2000024077,诛仙伍,32.8,I247.5/6025,2662238779,19装饰大专3,2021-09-07 12:54:00,2021-10-07 12:54:00,2021-09-15 14:20:21
68049,2000023721,龙族（Ⅳ奥丁之源）,32,I274.5/2,0574001980,19装饰大专3,2021-09-07 12:54:00,2021-10-07 12:54:00,2021-09-16 13:05:51
67833,2000027380,昭奚旧草上,24.9,I247.5/6186,2660431131,19装饰大专3,2021-09-07 12:55:00,2021-10-07 12:55:00,2021-09-08 12:00:23
67876,2000033706,默读,48,I247.5/6247,2660338331,19装饰大专3,2021-09-07 12:55:00,2021-10-07 12:55:00,2021-09-09 12:03:28
68003,2000024076,诛仙伍,32.8,I247.5/6025,2661583163,19装饰大专3,2021-09-07 12:55:00,2021-10-07 12:55:00,2021-09-15 14:20:15
67846,2000027559,大唐辟邪司,39.8,I247.56/1208,1148119590,20装饰大专1,2021-09-07 12:56:00,2021-10-07 12:56:00,2021-09-08 12:54:02
67873,2000030240,思念成城,49.8,I247.5/6199,2508014030,19装饰大专3,2021-09-07 12:56:00,2021-10-07 12:56:00,2021-09-09 12:02:48
67878,2000029537,无羁,48,I247.58/195,0648285568,20鲁班实验2,2021-09-07 12:58:00,2021-10-07 12:58:00,2021-09-09 12:07:01
68174,2000035429,将进酒.上,34,I247.5/6286,2662673115,19造价大专2,2021-09-07 13:00:00,2021-10-07 13:00:00,2021-09-22 12:35:04
67834,2000038141,斗罗大陆第四部21,32,I247.59/259,2508895006,19市政大专,2021-09-07 13:14:00,2021-10-07 13:14:00,2021-09-08 12:04:18
67992,2000036450,魔术师,49.8,I247.5/6312,1147591158,19市政大专,2021-09-07 13:14:00,2021-10-07 13:14:00,2021-09-15 12:46:47
68100,2000034221,慕尔如星,36.8,I247.57/4175,0648991632,20鲁班实验2,2021-09-07 13:16:00,2021-10-07 13:16:00,2021-09-17 12:36:22
68732,1000144077,藏地密码珍藏版大全集(共10册)(精10,28.8,I247.5/5500,1146904230,20鲁班实验2,2021-09-07 13:16:00,2021-10-07 13:16:00,2021-10-08 12:40:57
67832,2000038156,斗罗大陆第四部28,32,I247.59/268,2508119662,19市政大专,2021-09-07 13:19:00,2021-10-07 13:19:00,2021-09-08 11:59:52
67938,1000141891,平凡的世界(共3册),29.9,I247.5/5367,1147816726,19市政大专,2021-09-07 13:28:00,2021-10-07 13:28:00,2021-09-14 15:08:00
68256,2000027486,卧底,39.9,I247.57/4086,1146546726,19市政大专,2021-09-07 13:28:00,2021-10-07 13:28:00,2021-09-23 13:25:38
68263,2000038167,斗罗大陆第四部30,32,I247.59/270,1146790838,19市政大专,2021-09-07 13:28:00,2021-10-07 13:28:00,2021-09-23 13:28:55
211,2000023726,龙族(Ⅲ黑月之潮（上）),29.8,I247.5/6160,1146395238,19施工大专3,2021-09-07 16:01:14,2021-10-07 16:01:14,未还
67872,2000037879,斗罗大陆第四部22,32,I247.59/260,2662654027,19市政大专,2021-09-07 16:02:00,2021-10-07 16:02:00,2021-09-09 12:00:32
67821,2000038129,斗罗大陆第四部15,32,I247.59/253,1148430886,20鲁班实验1,2021-09-07 16:03:00,2021-10-07 16:03:00,2021-09-08 11:40:48
68058,2000024073,诛仙叁,32.8,I247.5/6028,0572360924,21施工大专4,2021-09-07 16:06:00,2021-10-07 16:06:00,2021-09-16 16:02:31
67854,2000038089,神印王座(Ⅴ星光神兽),24.8,I247.5/6333,0647967472,20施工大专1,2021-09-07 16:11:00,2021-10-07 16:11:00,2021-09-08 16:00:18
67902,2000036350,剑来 1：少年起微末,40,I247.58/197,0572465660,21施工大专4,2021-09-07 16:14:00,2021-10-07 16:14:00,2021-09-09 15:59:40
67903,2000021709,热血尖兵,39.8,I247.5/6134,0571753244,21施工大专4,2021-09-07 16:14:00,2021-10-07 16:14:00,2021-09-09 15:59:42
67948,2000021148,暴走漫画,12,J228.2/217,1148321142,20施工大专3,2021-09-07 16:17:00,2021-10-07 16:17:00,2021-09-14 16:02:17
67952,2000029613,偷影子的人,39.8,I565.45/72,1148329638,20施工大专2,2021-09-07 16:17:00,2021-10-07 16:17:00,2021-09-14 16:04:06
67954,2000029422,伽利略的苦恼,45,I313.45/361,2508989934,20施工大专4,2021-09-07 16:17:00,2021-10-07 16:17:00,2021-09-14 16:04:15
67822,2000015158,美丽的地球,78,P941/11,0649729680,20楼宇大专1,2021-09-07 16:22:00,2021-10-07 16:22:00,2021-09-08 11:41:31
67823,2000020679,中国诗词大会,34.8,I207.2/140,0649729680,20楼宇大专1,2021-09-07 16:22:00,2021-10-07 16:22:00,2021-09-08 11:41:35
67824,2000011743,人类星球,88,P941/5,0649729680,20楼宇大专1,2021-09-07 16:22:00,2021-10-07 16:22:00,2021-09-08 11:41:40
67825,2000011741,冰冻星球,88,P941.6/1,0649729680,20楼宇大专1,2021-09-07 16:22:00,2021-10-07 16:22:00,2021-09-08 11:41:56
67826,2000015149,亚洲,78,P941/6,0649729680,20楼宇大专1,2021-09-07 16:22:00,2021-10-07 16:22:00,2021-09-08 11:42:01
67827,2000015150,非洲,78,P941/7,0649729680,20楼宇大专1,2021-09-07 16:22:00,2021-10-07 16:22:00,2021-09-08 11:42:05
67828,2000015154,南美洲,78,P941/9,0649729680,20楼宇大专1,2021-09-07 16:22:00,2021-10-07 16:22:00,2021-09-08 11:42:09
67965,2000015153,美丽的地球,78,P941/8,0649729680,20楼宇大专1,2021-09-07 16:22:00,2021-10-07 16:22:00,2021-09-15 11:33:16
68495,2000014681,紫电青霜,35,I246.58/19,0649729680,20楼宇大专1,2021-09-07 16:22:00,2021-10-07 16:22:00,2021-09-28 11:59:01
67855,2000037866,斗罗大陆第四部16,32,I247.59/254,1148430886,20鲁班实验1,2021-09-08 11:42:00,2021-10-08 11:42:00,2021-09-08 16:02:35
67907,2000037867,斗罗大陆第四部16,32,I247.59/254,2661860747,19施工大专3,2021-09-08 11:45:00,2021-10-08 11:45:00,2021-09-09 16:01:42
67964,2000016560,秦朝穿越指南,45,K233.09/5,0649729680,20楼宇大专1,2021-09-08 11:46:00,2021-10-08 11:46:00,2021-09-15 11:33:13
67858,2000026912,元尊,32.8,I247.59/177,0571865708,21楼宇大专1,2021-09-08 11:58:00,2021-10-08 11:58:00,2021-09-08 16:30:33
67866,2000010312,诛仙贰,32.8,I247.5/6027,0572423740,21楼宇大专1,2021-09-08 11:58:00,2021-10-08 11:58:00,2021-09-09 11:43:08
67852,2000038145,斗罗大陆第四部23,32,I247.59/261,1146981222,19市政大专,2021-09-08 12:01:00,2021-10-08 12:01:00,2021-09-08 15:58:47
67881,2000038161,斗罗大陆第四部29,32,I247.59/269,2508119662,19市政大专,2021-09-08 12:01:00,2021-10-08 12:01:00,2021-09-09 12:07:17
68858,2000018902,幽暗国度Ⅲ万劫,32,I247.56/1194,1147932198,20视觉大专,2021-09-08 12:01:00,2021-10-08 12:01:00,2021-10-11 12:24:44
67925,2000037880,斗罗大陆第四部23,32,I247.59/261,2508895006,19市政大专,2021-09-08 12:06:00,2021-10-08 12:06:00,2021-09-14 11:06:01
67926,2000038147,斗罗大陆第四部24,32,I247.59/262,1146363414,19市政大专,2021-09-08 12:06:00,2021-10-08 12:06:00,2021-09-14 11:06:05
68459,2000034310,琴帝2,29.8,I247.59/223,0573327356,21房产大专,2021-09-08 12:10:00,2021-10-08 12:10:00,2021-09-27 13:06:34
68555,2000037895,山海高中,48,I247.57/4225,1147759814,20楼宇大专2,2021-09-08 12:11:00,2021-10-08 12:11:00,2021-09-29 09:46:19
68041,2000029730,承檬欢喜,32,I247.57/4129,0571684252,21房产大专,2021-09-08 12:15:00,2021-10-08 12:15:00,2021-09-16 12:52:11
67883,2000034206,毕竟流行去,39,I267.1/2612,0572444220,20楼宇大专1,2021-09-08 12:16:00,2021-10-08 12:16:00,2021-09-09 12:08:47
68096,2000010278,哑舍肆,25,I247.5/6019,0647885344,20鲁班实验2,2021-09-08 12:19:00,2021-10-08 12:19:00,2021-09-17 12:35:42
68165,2000007456,心有欢喜过生活,39.8,I267/2981,0647885344,20鲁班实验2,2021-09-08 12:19:00,2021-10-08 12:19:00,2021-09-22 12:15:50
68870,2000007554,咸也好，淡也好,39.9,I267/2983,0647885344,20鲁班实验2,2021-09-08 12:19:00,2021-10-08 12:19:00,2021-10-11 12:34:32
68886,2000007451,把生命浪费在美好的事物上,42,I267/2980,0647885344,20鲁班实验2,2021-09-08 12:19:00,2021-10-08 12:19:00,2021-10-11 12:38:18
68888,2000010348,愿生命从容,39.8,I267/2983,0647885344,20鲁班实验2,2021-09-08 12:19:00,2021-10-08 12:19:00,2021-10-11 12:38:37
68097,2000010280,哑舍叁,25,I247.5/6020,0647885344,20鲁班实验2,2021-09-08 12:20:00,2021-10-08 12:20:00,2021-09-17 12:35:54
68167,2000013392,劳者自歌,27,I266/540,0647885344,20鲁班实验2,2021-09-08 12:20:00,2021-10-08 12:20:00,2021-09-22 12:15:58
68238,2000013410,匆匆,25,I266/538,0647885344,20鲁班实验2,2021-09-08 12:20:00,2021-10-08 12:20:00,2021-09-23 12:24:51
68868,2000018412,致青春路上的你,59,I267/3148,0647885344,20鲁班实验2,2021-09-08 12:20:00,2021-10-08 12:20:00,2021-10-11 12:33:58
68869,2000007146,俗世奇人2,22,I247.7/2017,0647885344,20鲁班实验2,2021-09-08 12:20:00,2021-10-08 12:20:00,2021-10-11 12:34:15
68875,2000013318,希望,29,I266/535,0647885344,20鲁班实验2,2021-09-08 12:20:00,2021-10-08 12:20:00,2021-10-11 12:35:57
68885,2000018032,告白与告别,32.8,I267/3140,0647885344,20鲁班实验2,2021-09-08 12:20:00,2021-10-08 12:20:00,2021-10-11 12:38:08
68887,2000033671,最糟的宇宙，最好的地球,30,I247.7/2148,0647885344,20鲁班实验2,2021-09-08 12:20:00,2021-10-08 12:20:00,2021-10-11 12:38:28
68098,2000027923,光之子2,39,I247.59/208,0647885344,20鲁班实验2,2021-09-08 12:21:00,2021-10-08 12:21:00,2021-09-17 12:36:04
68099,2000027920,光之子1,40,I247.59/207,0647885344,20鲁班实验2,2021-09-08 12:21:00,2021-10-08 12:21:00,2021-09-17 12:36:11
68101,2000027925,光之子3,39,I247.59/209,0647885344,20鲁班实验2,2021-09-08 12:21:00,2021-10-08 12:21:00,2021-09-17 12:36:29
68873,2000039533,迟到的勋章,69,I25/10347,0647885344,20鲁班实验2,2021-09-08 12:21:00,2021-10-08 12:21:00,2021-10-11 12:34:57
68874,2000016721,如果大雪封门,32,I247.7/2039,0647885344,20鲁班实验2,2021-09-08 12:21:00,2021-10-08 12:21:00,2021-10-11 12:35:31
68877,2000037231,呼吸在一米之外,48,I25/10345,0647885344,20鲁班实验2,2021-09-08 12:21:00,2021-10-08 12:21:00,2021-10-11 12:36:38
69020,2000008418,传奇小说,29.8,I247.7/2033,0647885344,20鲁班实验2,2021-09-08 12:21:00,2021-10-08 12:21:00,2021-10-13 09:50:03
67860,2000027437,斗罗大陆第三部2,28,I247.59/182,0647885344,20鲁班实验2,2021-09-08 12:22:00,2021-10-08 12:22:00,2021-09-09 07:41:07
68166,2000037797,盗墓笔记.十年,46,I247.57/4206,0647885344,20鲁班实验2,2021-09-08 12:22:00,2021-10-08 12:22:00,2021-09-22 12:15:54
68168,2000005634,琅琊榜（上）,25,I247.59/121,0647885344,20鲁班实验2,2021-09-08 12:22:00,2021-10-08 12:22:00,2021-09-22 12:16:01
68233,2000036358,剑来 5：山水有相逢,43,I247.58/201,0647885344,20鲁班实验2,2021-09-08 12:22:00,2021-10-08 12:22:00,2021-09-23 12:23:58
68235,2000036356,剑来 4：草长莺飞时,43,I247.58/200,0647885344,20鲁班实验2,2021-09-08 12:22:00,2021-10-08 12:22:00,2021-09-23 12:24:34
68236,2000036355,剑来 3：清梦压星河,42,I247.58/199,0647885344,20鲁班实验2,2021-09-08 12:22:00,2021-10-08 12:22:00,2021-09-23 12:24:40
68237,2000036353,剑来 2：忽为远行客,45,I247.58/198,0647885344,20鲁班实验2,2021-09-08 12:22:00,2021-10-08 12:22:00,2021-09-23 12:24:46
68878,2000036206,南江十七夏.上,39.9,I247.57/4204,0647885344,20鲁班实验2,2021-09-08 12:22:00,2021-10-08 12:22:00,2021-10-11 12:37:01
68884,2000035980,静安1976,49,I247.57/4202,0647885344,20鲁班实验2,2021-09-08 12:22:00,2021-10-08 12:22:00,2021-10-11 12:37:51
67867,2000031897,散落星河的记忆中册,39.8,I247.55/31,1148232390,20装饰大专2,2021-09-08 12:23:00,2021-10-08 12:23:00,2021-09-09 11:56:23
67868,2000009309,野外生存指南,39.8,G895-62/2,1148538806,20装饰大专2,2021-09-08 12:23:00,2021-10-08 12:23:00,2021-09-09 11:57:18
68890,2000029733,虫子的世界,32.8,I247.7/2038,0647885344,20鲁班实验2,2021-09-08 12:23:00,2021-10-08 12:23:00,2021-10-11 12:41:45
67895,2000034311,琴帝3,29.8,I247.59/224,1549488066,19装饰大专3,2021-09-08 12:24:00,2021-10-08 12:24:00,2021-09-09 12:53:13
67892,2000028949,声之形4,12.8,J238/41,0571602572,21古建大专,2021-09-08 12:26:00,2021-10-08 12:26:00,2021-09-09 12:15:07
68187,2000028950,声之形5,12.8,J238/42,0572417164,21古建大专,2021-09-08 12:26:00,2021-10-08 12:26:00,2021-09-22 13:14:02
68188,2000028948,声之形3,12.8,J238/40,0571735436,21古建大专,2021-09-08 12:26:00,2021-10-08 12:26:00,2021-09-22 13:14:07
67979,2000025788,我们的轻熟时光上,29,I247.57/4065,0573528476,21房产大专,2021-09-08 12:27:00,2021-10-08 12:27:00,2021-09-15 12:17:28
69149,2000001858,哈利·波特与“混血王子”,58,I561.84/7,1148212614,20装饰大专2,2021-09-08 12:27:00,2021-10-08 12:27:00,2021-10-15 12:28:21
69161,2000026974,摆渡人,36,I561.45/368,1148212614,20装饰大专2,2021-09-08 12:27:00,2021-10-08 12:27:00,2021-10-15 12:29:54
69164,2000036572,无人生还,35,I561.456/2,1148212614,20装饰大专2,2021-09-08 12:27:00,2021-10-08 12:27:00,2021-10-15 12:30:09
69150,2000007568,影响青少年一生的读者文摘--情感教育篇,30,I14/1470,1148212614,20装饰大专2,2021-09-08 12:28:00,2021-10-08 12:28:00,2021-10-15 12:28:27
69151,2000023708,哑舍伍,28,I247.5/6154,1148212614,20装饰大专2,2021-09-08 12:28:00,2021-10-08 12:28:00,2021-10-15 12:28:39
69154,2000037002,让我留在你身边,46.8,I247.81/40,1148212614,20装饰大专2,2021-09-08 12:28:00,2021-10-08 12:28:00,2021-10-15 12:28:59
69155,2000036383,最美的时光,45,I247.5/6310,1148212614,20装饰大专2,2021-09-08 12:28:00,2021-10-08 12:28:00,2021-10-15 12:29:12
69156,2000023714,哑舍贰,25,I247.5/6157,1148212614,20装饰大专2,2021-09-08 12:28:00,2021-10-08 12:28:00,2021-10-15 12:29:18
69157,2000023712,哑舍叁,25,I247.5/6156,1148212614,20装饰大专2,2021-09-08 12:28:00,2021-10-08 12:28:00,2021-10-15 12:29:25
69158,2000023717,哑舍,23.8,I247.5/6158,1148212614,20装饰大专2,2021-09-08 12:28:00,2021-10-08 12:28:00,2021-10-15 12:29:32
69165,2000035913,江湖异闻录,68,I246.7/53,1148212614,20装饰大专2,2021-09-08 12:28:00,2021-10-08 12:28:00,2021-10-15 12:30:17
69167,2000023711,哑舍肆,25,I247.5/6155,1148212614,20装饰大专2,2021-09-08 12:28:00,2021-10-08 12:28:00,2021-10-15 12:30:28
69144,2000023991,后来 时间都与你有关,39.8,I247.7/2115,1148212614,20装饰大专2,2021-09-08 12:29:00,2021-10-08 12:29:00,2021-10-15 12:27:23
69145,2000029997,没有星星，夜不滚烫,45,I247.7/2133,1148212614,20装饰大专2,2021-09-08 12:29:00,2021-10-08 12:29:00,2021-10-15 12:27:34
69146,2000036748,我们最好的时光,49.8,I247.57/4212,1148212614,20装饰大专2,2021-09-08 12:29:00,2021-10-08 12:29:00,2021-10-15 12:27:53
69168,2000016646,你是我生命里最温暖的事,29.8,I247.57/1318,1148212614,20装饰大专2,2021-09-08 12:29:00,2021-10-08 12:29:00,2021-10-15 12:30:33
68702,1000127314,超级漫画技法宝典,45,J218.2/8,1147932198,20视觉大专,2021-09-08 12:31:00,2021-10-08 12:31:00,2021-10-08 12:04:25
68859,2000021059,悟空传,32,I247.59/161,1147932198,20视觉大专,2021-09-08 12:31:00,2021-10-08 12:31:00,2021-10-11 12:24:50
68695,2000037327,时代广场的蟋蟀,18,I712.88/4,1147932198,20视觉大专,2021-09-08 12:32:00,2021-10-08 12:32:00,2021-10-08 12:03:05
68696,2000011134,肖申克的救赎,38,I712.45/851,1147932198,20视觉大专,2021-09-08 12:32:00,2021-10-08 12:32:00,2021-10-08 12:03:10
68703,2000011815,爱上动漫,35,J214/305,1147932198,20视觉大专,2021-09-08 12:32:00,2021-10-08 12:32:00,2021-10-08 12:04:31
68708,2000023822,第七条猎狗,36,I287.47/18,1147932198,20视觉大专,2021-09-08 12:32:00,2021-10-08 12:32:00,2021-10-08 12:05:32
68840,1100090346,猎人笔记,20,I512.44/85,1147932198,20视觉大专,2021-09-08 12:32:00,2021-10-08 12:32:00,2021-10-11 12:20:22
68853,2000001185,哈利·波特与密室,32,I561.84/3,1147932198,20视觉大专,2021-09-08 12:33:00,2021-10-08 12:33:00,2021-10-11 12:24:11
68854,2000001184,哈利·波特与阿兹卡班囚徒,36,I561.84/2,1147932198,20视觉大专,2021-09-08 12:33:00,2021-10-08 12:33:00,2021-10-11 12:24:17
68855,2000001181,哈利·波特与魔法石,29,I561.84/1,1147932198,20视觉大专,2021-09-08 12:33:00,2021-10-08 12:33:00,2021-10-11 12:24:22
68856,1100077353,福尔摩斯探案全集,29.3,I561/1338,1147932198,20视觉大专,2021-09-08 12:33:00,2021-10-08 12:33:00,2021-10-11 12:24:28
68857,1100077363,福尔摩斯探案全集,29.3,I561/1341,1147932198,20视觉大专,2021-09-08 12:33:00,2021-10-08 12:33:00,2021-10-11 12:24:33
68860,1100077358,福尔摩斯探案全集,29.3,I561/1336,1147932198,20视觉大专,2021-09-08 12:33:00,2021-10-08 12:33:00,2021-10-11 12:24:57
68865,2000034283,全职高手5,48,I247.59/221,1147932198,20视觉大专,2021-09-08 12:33:00,2021-10-08 12:33:00,2021-10-11 12:27:28
68040,2000027425,秀才遇到妖,38,J228.2/171,1447643010,21房产大专,2021-09-08 12:34:00,2021-10-08 12:34:00,2021-09-16 12:52:04
68700,2000001238,机器人启示录,49,I712.45/793,1147932198,20视觉大专,2021-09-08 12:34:00,2021-10-08 12:34:00,2021-10-08 12:04:04
68852,2000016618,星际远征,35,I247.7/2059,1147932198,20视觉大专,2021-09-08 12:34:00,2021-10-08 12:34:00,2021-10-11 12:24:01
67874,2000029151,一粒红尘·昭觉,38,I247.57/4106,2660431131,19装饰大专3,2021-09-08 12:38:00,2021-10-08 12:38:00,2021-09-09 12:02:52
67865,2000038166,斗罗大陆第四部30,32,I247.59/270,2508751918,20楼宇大专1,2021-09-08 12:43:00,2021-10-08 12:43:00,2021-09-09 11:39:53
1008,2000037972,水彩绘,79.9,J215/96,0616147152,20造价大专2,2021-09-08 12:45:07,2021-10-08 12:45:07,未还
67916,2000005563,变色龙(插图本契诃夫中短篇小说集)/译林名著精选,18.5,I512.44/86,0572124604,21造价大专1,2021-09-08 12:55:00,2021-10-08 12:55:00,2021-09-13 12:31:30
765,2000035119,"喜欢你,藏画里",39.8,J214/324,0616147152,20造价大专2,2021-09-08 12:55:40,2021-10-08 12:55:40,未还
67975,2000018635,某人日常,42,J228.2/206,1548296434,19造价大专2,2021-09-08 12:57:00,2021-10-08 12:57:00,2021-09-15 12:06:06
67894,2000032634,听你的,49.8,I247.81/35,1148119590,20装饰大专1,2021-09-08 12:58:00,2021-10-08 12:58:00,2021-09-09 12:47:32
69239,2000036883,庆余年5,39,I247.5/6323,2508654814,19市政大专,2021-09-08 13:01:00,2021-10-08 13:01:00,2021-10-18 13:15:54
67963,2000025872,子不语,39.8,I242.1/114,0649729680,20楼宇大专1,2021-09-08 13:06:00,2021-10-08 13:06:00,2021-09-15 11:33:11
67966,2000023881,白话聊斋,45,I242.1/112,0649729680,20楼宇大专1,2021-09-08 13:06:00,2021-10-08 13:06:00,2021-09-15 11:33:19
68494,2000021570,唐宋词鉴赏,65,I207.23/114,0649729680,20楼宇大专1,2021-09-08 13:06:00,2021-10-08 13:06:00,2021-09-28 11:58:58
67982,2000028490,门,42,I313.45/354,1148178374,20楼宇大专2,2021-09-08 13:10:00,2021-10-08 13:10:00,2021-09-15 12:18:11
67882,2000038127,斗罗大陆第四部14,32,I247.59/252,0614880336,19市政大专,2021-09-08 13:13:00,2021-10-08 13:13:00,2021-09-09 12:07:21
68032,2000036965,破云,49.8,I247.56/1221,2660452779,19装饰大专3,2021-09-08 13:13:00,2021-10-08 13:13:00,2021-09-16 12:39:20
68033,2000036968,破云Ⅱ,49.8,I247.56/1222,1253340178,19装饰大专3,2021-09-08 13:13:00,2021-10-08 13:13:00,2021-09-16 12:39:35
68106,2000018092,大秦帝国(全新修订版共11册),54.4,I247.5/6089,0086179184,19市政大专,2021-09-08 13:14:00,2021-10-08 13:14:00,2021-09-17 12:59:35
67853,2000039553,智能的觉醒,25,I247.55/47,2661033003,19市政大专,2021-09-08 13:21:00,2021-10-08 13:21:00,2021-09-08 16:00:13
67904,2000038088,神印王座(Ⅵ光之祈祷),24.8,I247.5/6332,0647967472,20施工大专1,2021-09-08 16:01:00,2021-10-08 16:01:00,2021-09-09 15:59:45
68213,2000024078,诛仙大结局,32.8,I247.5/6024,2661711451,19装饰大专3,2021-09-08 16:01:00,2021-10-08 16:01:00,2021-09-23 11:56:54
67877,2000038146,斗罗大陆第四部24,32,I247.59/262,1146981222,19市政大专,2021-09-08 16:02:00,2021-10-08 16:02:00,2021-09-09 12:06:57
67908,2000036347,天下刀宗,56,I247.58/196,1147069718,20鲁班实验1,2021-09-08 16:02:00,2021-10-08 16:02:00,2021-09-09 16:02:46
67928,2000021703,戮仙,38,I247.5/6133,2508208990,19市政大专,2021-09-08 16:02:00,2021-10-08 16:02:00,2021-09-14 11:58:24
67884,2000037868,斗罗大陆第四部17,32,I247.59/255,1148430886,20鲁班实验1,2021-09-08 16:03:00,2021-10-08 16:03:00,2021-09-09 12:08:51
67942,2000001820,麒麟之翼,33,I313.45/241,2662363643,19造价大专2,2021-09-08 16:03:00,2021-10-08 16:03:00,2021-09-14 15:53:45
68053,2000019333,幻境工程师,23,I247.55/13,2661033003,19市政大专,2021-09-08 16:08:00,2021-10-08 16:08:00,2021-09-16 13:29:30
67995,2000021459,大唐辟邪司,39.8,I247.56/1197,0572871916,20楼宇大专1,2021-09-08 16:16:00,2021-10-08 16:16:00,2021-09-15 12:58:00
68011,2000036980,龙族Ⅱ,49,I247.5/6325,1148329878,20楼宇大专1,2021-09-08 16:16:00,2021-10-08 16:16:00,2021-09-15 16:05:28
68373,2000038134,斗罗大陆第四部18,32,I247.59/256,1148379526,20楼宇大专1,2021-09-08 16:16:00,2021-10-08 16:16:00,2021-09-26 12:10:23
68893,2000025683,兰亭序杀局,39.8,I247.59/172,1146807702,20楼宇大专1,2021-09-08 16:16:00,2021-10-08 16:16:00,2021-10-11 12:47:05
67864,2000026915,元尊,32.8,I247.59/178,0571865708,21楼宇大专1,2021-09-08 16:32:00,2021-10-08 16:32:00,2021-09-09 11:33:18
68028,2000021760,天黑以后(精),29.5,I313.45/315,0571986620,21施工大专4,2021-09-08 16:35:00,2021-10-08 16:35:00,2021-09-16 11:55:04
969,8000002215,知音漫客,0,J218,2508594366,19造价大专2,2021-09-09 00:00:00,2021-10-09 00:00:00,2021-09-27 13:00:00
974,8000001977,世界时装之苑-ELLE,0,J,2508052910,20施工大专4,2021-09-09 00:00:00,2021-10-09 00:00:00,2021-10-08 10:35:00
971,8000001991,旅游天地,0,K9,2508052910,20施工大专4,2021-09-09 00:00:00,2021-10-09 00:00:00,2021-10-08 10:35:00
973,8000001979,世界时装之苑-ELLE,0,J,2508052910,20施工大专4,2021-09-09 00:00:00,2021-10-09 00:00:00,2021-10-08 10:35:00
972,8000001976,世界时装之苑-ELLE,0,J,2508052910,20施工大专4,2021-09-09 00:00:00,2021-10-09 00:00:00,2021-10-08 10:35:00
975,8000001975,世界时装之苑-ELLE,0,J,2508052910,20施工大专4,2021-09-09 00:00:00,2021-10-09 00:00:00,2021-10-08 10:35:00
976,8000001980,世界时装之苑-ELLE,0,J,2508052910,20施工大专4,2021-09-09 00:00:00,2021-10-09 00:00:00,2021-10-08 10:36:00
977,8000001992,旅游天地,0,K9,2508052910,20施工大专4,2021-09-09 00:00:00,2021-10-09 00:00:00,2021-10-08 10:36:00
67909,2000026917,元尊,32.8,I247.59/179,0571865708,21楼宇大专1,2021-09-09 11:35:00,2021-10-09 11:35:00,2021-09-09 16:04:19
68123,2000038179,龙族Ⅱ,49,I247.5/6325,2508751918,20楼宇大专1,2021-09-09 11:43:00,2021-10-09 11:43:00,2021-09-17 16:05:30
67915,2000010314,诛仙叁,32.8,I247.5/6028,0572423740,21楼宇大专1,2021-09-09 11:47:00,2021-10-09 11:47:00,2021-09-13 12:22:06
68044,2000001808,侦探推理游戏,29.8,G898.2/125,0571675228,21楼宇大专1,2021-09-09 12:00:00,2021-10-09 12:00:00,2021-09-16 12:54:45
67977,2000038148,斗罗大陆第四部25,32,I247.59/263,2662654027,19市政大专,2021-09-09 12:02:00,2021-10-09 12:02:00,2021-09-15 12:08:46
69025,2000039924,共产党宣言,28,A122/2,0240487062,19视觉大专,2021-09-09 12:02:00,2021-10-09 12:02:00,2021-10-13 12:09:04
69281,2000036187,钟南山,22,I247.5/6303,1252403026,20造价大专1,2021-09-09 12:03:00,2021-10-09 12:03:00,2021-10-19 11:47:47
69288,2000026862,鬼谷子的局10,42,I247.5/6178,1252403026,20造价大专1,2021-09-09 12:03:00,2021-10-09 12:03:00,2021-10-19 11:48:18
69302,2000016477,孩子你慢慢来,29.8,I267/2982,1252403026,20造价大专1,2021-09-09 12:03:00,2021-10-09 12:03:00,2021-10-19 11:49:29
69303,2000012126,金翼,34,I247.53/108,1252403026,20造价大专1,2021-09-09 12:03:00,2021-10-09 12:03:00,2021-10-19 11:49:33
69279,2000013287,牵牛花,28,I266/533,1252403026,20造价大专1,2021-09-09 12:04:00,2021-10-09 12:04:00,2021-10-19 11:47:33
69280,2000008778,性情散文,29.8,I267/3003,1252403026,20造价大专1,2021-09-09 12:04:00,2021-10-09 12:04:00,2021-10-19 11:47:39
69282,2000013174,孤独深处,35,I247.7/2054,1252403026,20造价大专1,2021-09-09 12:04:00,2021-10-09 12:04:00,2021-10-19 11:47:52
69285,1000145458,特别的一天,28,I247.7/2006,1252403026,20造价大专1,2021-09-09 12:04:00,2021-10-09 12:04:00,2021-10-19 11:48:04
69289,2000034238,放生,45,I247.7/2154,1252403026,20造价大专1,2021-09-09 12:04:00,2021-10-09 12:04:00,2021-10-19 11:48:23
69290,2000012620,听来的故事,33.8,I247.7/2052,1252403026,20造价大专1,2021-09-09 12:04:00,2021-10-09 12:04:00,2021-10-19 11:48:27
69292,2000007558,冰心散文,30,I267/2985,1252403026,20造价大专1,2021-09-09 12:04:00,2021-10-09 12:04:00,2021-10-19 11:48:38
69293,2000001034,泰拉文明消失之谜,15,I247.7/2007,1252403026,20造价大专1,2021-09-09 12:04:00,2021-10-09 12:04:00,2021-10-19 11:48:41
69297,2000010234,这些人，那些事,28,I251/258,1252403026,20造价大专1,2021-09-09 12:04:00,2021-10-09 12:04:00,2021-10-19 11:48:59
69298,2000034278,成都爱情故事·下,32.5,I247.57/4185,1252403026,20造价大专1,2021-09-09 12:04:00,2021-10-09 12:04:00,2021-10-19 11:49:05
69301,2000029770,白洋淀纪事,36,I247.7/2130,1252403026,20造价大专1,2021-09-09 12:04:00,2021-10-09 12:04:00,2021-10-19 11:49:25
69304,2000032250,牵着蜗牛去散步,29.8,I287.2/4,1252403026,20造价大专1,2021-09-09 12:04:00,2021-10-09 12:04:00,2021-10-19 11:49:47
69275,2000037190,人生处处是修行,52,I267/3396,1252403026,20造价大专1,2021-09-09 12:05:00,2021-10-09 12:05:00,2021-10-19 11:46:39
69276,2000018236,活着,20,I247.5/6095,1252403026,20造价大专1,2021-09-09 12:05:00,2021-10-09 12:05:00,2021-10-19 11:47:01
69277,2000039288,2020年中国精短美文精选,35,I267/3412,1252403026,20造价大专1,2021-09-09 12:05:00,2021-10-09 12:05:00,2021-10-19 11:47:14
69278,2000030299,夜空中最闪耀的星,29.8,I247.5/6200,1252403026,20造价大专1,2021-09-09 12:05:00,2021-10-09 12:05:00,2021-10-19 11:47:22
69283,2000039208,陈年旧事,45,I267/3410,1252403026,20造价大专1,2021-09-09 12:05:00,2021-10-09 12:05:00,2021-10-19 11:47:58
69284,2000030355,破城,28,I247.5/6202,1252403026,20造价大专1,2021-09-09 12:05:00,2021-10-09 12:05:00,2021-10-19 11:48:01
69286,2000029292,致我们暖暖的小时光,29.8,I247.57/4113,1252403026,20造价大专1,2021-09-09 12:05:00,2021-10-09 12:05:00,2021-10-19 11:48:11
69291,2000018238,芳华,39,I247.5/6096,1252403026,20造价大专1,2021-09-09 12:05:00,2021-10-09 12:05:00,2021-10-19 11:48:32
69294,2000036377,数字搏击,38,I247.57/4210,1252403026,20造价大专1,2021-09-09 12:05:00,2021-10-09 12:05:00,2021-10-19 11:48:46
69295,2000006104,大洋深处,18,I287.45/26,1252403026,20造价大专1,2021-09-09 12:05:00,2021-10-09 12:05:00,2021-10-19 11:48:51
69299,2000026646,目送,43,I267/2914,1252403026,20造价大专1,2021-09-09 12:05:00,2021-10-09 12:05:00,2021-10-19 11:49:08
69300,2000030236,不怕青春太疼痛，只怕青春没来过,39.8,I267/3264,1252403026,20造价大专1,2021-09-09 12:05:00,2021-10-09 12:05:00,2021-10-19 11:49:17
68029,2000034210,蜜汁炖鱿鱼,45,I247.57/4173,2660895195,19装饰大专3,2021-09-09 12:06:00,2021-10-09 12:06:00,2021-09-16 12:10:15
68030,2000026679,云边有个小卖部,42,I247.57/4056,2660734971,19装饰大专3,2021-09-09 12:06:00,2021-10-09 12:06:00,2021-09-16 12:10:28
69057,2000018936,幽暗国度Ⅰ面具,32,I247.56/1195,1148360166,20市政大专,2021-09-09 12:06:00,2021-10-09 12:06:00,2021-10-14 08:15:00
69058,2000018901,幽暗国度Ⅲ万劫,32,I247.56/1194,1148360166,20市政大专,2021-09-09 12:06:00,2021-10-09 12:06:00,2021-10-14 08:15:09
69060,2000036296,天谴之天罗地网,49,I247.56/1219,1148360166,20市政大专,2021-09-09 12:06:00,2021-10-09 12:06:00,2021-10-14 08:16:16
69287,2000016647,你是我生命里最温暖的事,29.8,I247.57/1318,1252403026,20造价大专1,2021-09-09 12:06:00,2021-10-09 12:06:00,2021-10-19 11:48:14
69296,2000016595,再见，少年,34.8,I247.57/1315,1252403026,20造价大专1,2021-09-09 12:06:00,2021-10-09 12:06:00,2021-10-19 11:48:55
69313,2000018757,我有特殊的侦探技巧上,26,I247.56/1190,1148360166,20市政大专,2021-09-09 12:06:00,2021-10-09 12:06:00,2021-10-19 12:08:37
69059,2000018891,幽暗国度,32,I247.56/1193,1148360166,20市政大专,2021-09-09 12:07:00,2021-10-09 12:07:00,2021-10-14 08:16:06
67929,2000038149,斗罗大陆第四部25,32,I247.59/263,1146981222,19市政大专,2021-09-09 12:08:00,2021-10-09 12:08:00,2021-09-14 11:58:31
67991,2000037864,斗罗大陆第四部15,32,I247.59/253,0614880336,19市政大专,2021-09-09 12:08:00,2021-10-09 12:08:00,2021-09-15 12:46:41
68046,2000018093,大秦帝国(全新修订版共11册),54.4,I247.5/6090,1252499122,19市政大专,2021-09-09 12:08:00,2021-10-09 12:08:00,2021-09-16 13:01:54
67910,2000037871,斗罗大陆第四部18,32,I247.59/256,1148430886,20鲁班实验1,2021-09-09 12:10:00,2021-10-09 12:10:00,2021-09-09 16:09:26
67976,2000034072,玩命旅行,49.8,I267.4/145,0572444220,20楼宇大专1,2021-09-09 12:13:00,2021-10-09 12:13:00,2021-09-15 12:06:46
67913,2000034012,就喜欢你看不惯我又干不掉我的样子4,59,J228.2/288,0648285568,20鲁班实验2,2021-09-09 12:14:00,2021-10-09 12:14:00,2021-09-10 11:25:39
68475,2000036815,你和我,68,I25/10342,2507890942,20施工大专1,2021-09-09 12:14:00,2021-10-09 12:14:00,2021-09-27 13:30:14
68070,2000036141,睡眠革命,49.8,R338.63/2,0649729680,20楼宇大专1,2021-09-09 12:18:00,2021-10-09 12:18:00,2021-09-16 16:17:26
68071,2000035160,别逗了，费曼先生,68,K837.126/6,0649729680,20楼宇大专1,2021-09-09 12:18:00,2021-10-09 12:18:00,2021-09-16 16:17:28
68172,2000022222,王道剑之一,32.25,I247.58/193,2508387806,19施工大专3,2021-09-09 12:18:00,2021-10-09 12:18:00,2021-09-22 12:25:14
68597,2000039007,急诊内科手册,79,R505.97/1,0649729680,20楼宇大专1,2021-09-09 12:18:00,2021-10-09 12:18:00,2021-09-29 12:00:56
68605,2000038370,微积分的力量,69,O172/21,0649729680,20楼宇大专1,2021-09-09 12:18:00,2021-10-09 12:18:00,2021-09-29 12:01:54
68607,1000146509,千金方,32.8,R289.34/1,0649729680,20楼宇大专1,2021-09-09 12:18:00,2021-10-09 12:18:00,2021-09-29 12:02:02
68171,2000013578,三体(Ⅱ黑暗森林)/中国科幻基石丛书,32,I247.5/5900,1548291282,19施工大专3,2021-09-09 12:19:00,2021-10-09 12:19:00,2021-09-22 12:25:04
68173,2000034937,疯了!桂宝.23，乐星卷,45,J228.2/292,2508276398,19施工大专3,2021-09-09 12:19:00,2021-10-09 12:19:00,2021-09-22 12:25:23
68367,2000017700,大都义侠,39,I247.58/179,2662194971,19施工大专3,2021-09-09 12:19:00,2021-10-09 12:19:00,2021-09-26 12:05:13
68301,2000029507,建筑三观,69,TU-80/20,0572865388,21装饰大专3,2021-09-09 12:24:00,2021-10-09 12:24:00,2021-09-24 11:47:33
68334,2000035430,将进酒.上,34,I247.5/6286,0571617948,21装饰大专3,2021-09-09 12:24:00,2021-10-09 12:24:00,2021-09-24 13:16:01
67973,2000029293,致我们暖暖的小时光,29.8,I247.57/4113,1700435635,21房产大专,2021-09-09 12:26:00,2021-10-09 12:26:00,2021-09-15 12:03:26
67983,2000031894,散落星河的记忆上册,48,I247.55/30,1148232390,20装饰大专2,2021-09-09 12:32:00,2021-10-09 12:32:00,2021-09-15 12:18:50
67984,2000015784,怀斯曼生存手册,39.8,G895/3,1148538806,20装饰大专2,2021-09-09 12:32:00,2021-10-09 12:32:00,2021-09-15 12:19:11
68392,2000021326,朝圣者,68,I611.45/23,0571650668,21房产大专,2021-09-09 12:47:00,2021-10-09 12:47:00,2021-09-26 12:56:58
68391,2000024080,哈利·波特与魔法石,92,I561.84/14,1447866098,21房产大专,2021-09-09 12:49:00,2021-10-09 12:49:00,2021-09-26 12:56:55
67933,2000030005,谢谢自己够勇敢,39,I247.8/5125,1148119590,20装饰大专1,2021-09-09 12:50:00,2021-10-09 12:50:00,2021-09-14 12:37:57
68390,2000001192,哈利·波特与火焰杯,56,I561.84/6,1449446786,21房产大专,2021-09-09 12:50:00,2021-10-09 12:50:00,2021-09-26 12:56:51
67987,2000027579,古董局中局1,45,I247.57/4089,0571602572,21古建大专,2021-09-09 12:52:00,2021-10-09 12:52:00,2021-09-15 12:24:17
68048,2000034313,琴帝4,29.8,I247.59/225,1549488066,19装饰大专3,2021-09-09 12:54:00,2021-10-09 12:54:00,2021-09-16 13:05:25
68193,2000040157,赘婿.1.江宁晨风,39.8,I247.59/273,0575041116,20装饰大专4,2021-09-09 12:57:00,2021-10-09 12:57:00,2021-09-22 15:57:11
68194,2000035923,将进酒.下,34,I247.5/6300,1146578758,20装饰大专4,2021-09-09 12:57:00,2021-10-09 12:57:00,2021-09-22 15:57:17
539,2000006945,倚天屠龙记（一）,27,I247.5/5977,0571567772,21楼宇大专1,2021-09-09 13:00:42,2021-10-09 13:00:42,未还
67935,2000004501,不说再见就不算分开,39.8,J228.2/144,0572223228,20鲁班实验1,2021-09-09 13:02:00,2021-10-09 13:02:00,2021-09-14 12:54:44
68426,2000026819,平凡的世界第一部,36,I247.57/4068,0649959088,20视觉大专,2021-09-09 13:03:00,2021-10-09 13:03:00,2021-09-26 16:05:58
67961,2000029152,一粒红尘Ⅱ乔楚,42,I247.57/4107,2660431131,19装饰大专3,2021-09-09 13:05:00,2021-10-09 13:05:00,2021-09-15 09:44:54
67962,2000030239,思念成城,49.8,I247.5/6199,2508014030,19装饰大专3,2021-09-09 13:05:00,2021-10-09 13:05:00,2021-09-15 09:44:57
67986,2000027013,同学录上册,39.8,I247.57/4080,2660338331,19装饰大专3,2021-09-09 13:05:00,2021-10-09 13:05:00,2021-09-15 12:21:57
68329,2000024950,西夏死书1,38,I247.57/4044,1147633286,19施工大专1,2021-09-09 13:18:00,2021-10-09 13:18:00,2021-09-24 12:31:01
67997,2000038128,斗罗大陆第四部15,32,I247.59/253,1147442534,20市政大专,2021-09-09 13:25:00,2021-10-09 13:25:00,2021-09-15 13:03:41
68052,2000027447,斗罗大陆第三部12,28,I247.57/4083,1146378630,20市政大专,2021-09-09 13:25:00,2021-10-09 13:25:00,2021-09-16 13:25:38
68404,2000027448,斗罗大陆第三部13,28,I247.59/192,1148494614,20市政大专,2021-09-09 13:25:00,2021-10-09 13:25:00,2021-09-26 13:06:16
68259,2000034337,琴帝16,29.8,I247.59/237,0650020304,19施工大专3,2021-09-09 16:03:00,2021-10-09 16:03:00,2021-09-23 13:27:22
68260,2000037841,斗罗大陆第四部3,32,I247.59/241,2661002651,19施工大专3,2021-09-09 16:03:00,2021-10-09 16:03:00,2021-09-23 13:27:26
67944,2000037868,斗罗大陆第四部17,32,I247.59/255,2661860747,19施工大专3,2021-09-09 16:04:00,2021-10-09 16:04:00,2021-09-14 16:00:06
67914,2000026919,元尊,32.8,I247.59/180,0571865708,21楼宇大专1,2021-09-09 16:05:00,2021-10-09 16:05:00,2021-09-10 11:40:51
67934,2000028955,神印王座(Ⅶ永恒之心),24.8,I247.5/6190,0647967472,20施工大专1,2021-09-09 16:06:00,2021-10-09 16:06:00,2021-09-14 12:49:55
67951,2000021716,四海鲸骑上,39.8,I247.59/168,1147069718,20鲁班实验1,2021-09-09 16:06:00,2021-10-09 16:06:00,2021-09-14 16:04:00
67923,2000034312,琴帝3,29.8,I247.59/224,0571753244,21施工大专4,2021-09-09 16:10:00,2021-10-09 16:10:00,2021-09-14 10:43:51
67924,2000034308,琴帝1,29.8,I247.59/222,0572465660,21施工大专4,2021-09-09 16:10:00,2021-10-09 16:10:00,2021-09-14 10:43:59
68013,2000034314,琴帝4,29.8,I247.59/225,0571644988,21施工大专4,2021-09-09 16:11:00,2021-10-09 16:11:00,2021-09-15 16:10:45
67917,2000037877,斗罗大陆第四部21,32,I247.59/259,1148430886,20鲁班实验1,2021-09-09 16:18:00,2021-10-09 16:18:00,2021-09-13 14:33:06
68545,2000024083,哈利·波特与密室,92,I561.84/15,2507922862,19装饰大专2,2021-09-10 11:08:00,2021-10-10 11:08:00,2021-09-28 13:25:23
742,2000036874,庆余年1,39,I247.5/6319,2660313131,19装饰大专2,2021-09-10 11:08:15,2021-10-10 11:08:15,未还
67927,2000029646,破城,28,I247.59/215,0648285568,20鲁班实验2,2021-09-10 11:29:00,2021-10-10 11:29:00,2021-09-14 11:57:23
67921,2000038323,逻辑思维与写作,45,H152/55,0572128924,21装饰大专4,2021-09-13 10:59:00,2021-10-13 10:59:00,2021-09-14 08:09:03
67922,2000040128,九型人格,68,B848/801,0572128924,21装饰大专4,2021-09-13 10:59:00,2021-10-13 10:59:00,2021-09-14 08:09:06
67919,2000040143,冰菓2,25,J238.2/31,0572128924,21装饰大专4,2021-09-13 11:00:00,2021-10-13 11:00:00,2021-09-14 08:08:55
67920,2000040140,冰菓1,25,J238.2/30,0572128924,21装饰大专4,2021-09-13 11:00:00,2021-10-13 11:00:00,2021-09-14 08:08:59
67998,2000024074,诛仙肆,32.8,I247.5/6029,0572423740,21楼宇大专1,2021-09-13 12:23:00,2021-10-13 12:23:00,2021-09-15 13:06:36
68161,2000029272,青镜,44,I247.57/4111,0571865708,21楼宇大专1,2021-09-13 13:07:00,2021-10-13 13:07:00,2021-09-22 12:10:17
67918,2000037878,斗罗大陆第四部22,32,I247.59/260,1148430886,20鲁班实验1,2021-09-13 14:33:00,2021-10-13 14:33:00,2021-09-13 16:06:56
67949,2000037882,斗罗大陆第四部24,32,I247.59/262,1148465622,20鲁班实验1,2021-09-13 16:08:00,2021-10-13 16:08:00,2021-09-14 16:03:56
67950,2000038144,斗罗大陆第四部23,32,I247.59/261,1148430886,20鲁班实验1,2021-09-13 16:08:00,2021-10-13 16:08:00,2021-09-14 16:03:58
68066,2000036352,剑来 2：忽为远行客,45,I247.58/198,0572128924,21装饰大专4,2021-09-14 08:19:00,2021-10-14 08:19:00,2021-09-16 16:08:57
68119,2000036354,剑来 3：清梦压星河,42,I247.58/199,0572128924,21装饰大专4,2021-09-14 08:19:00,2021-10-14 08:19:00,2021-09-17 16:03:26
68178,2000036359,剑来 5：山水有相逢,43,I247.58/201,0572128924,21装饰大专4,2021-09-14 08:19:00,2021-10-14 08:19:00,2021-09-22 12:43:28
68179,2000036360,剑来 6：剑符在扁舟,43,I247.58/202,0572128924,21装饰大专4,2021-09-14 08:19:00,2021-10-14 08:19:00,2021-09-22 12:43:37
68085,2000034318,琴帝6,29.8,I247.59/227,0571753244,21施工大专4,2021-09-14 10:49:00,2021-10-14 10:49:00,2021-09-17 11:57:07
68012,2000034316,琴帝5,29.8,I247.59/226,0572465660,21施工大专4,2021-09-14 10:50:00,2021-10-14 10:50:00,2021-09-15 16:10:42
67978,2000037886,斗罗大陆第四部26,32,I247.59/264,2660951387,19市政大专,2021-09-14 11:08:00,2021-10-14 11:08:00,2021-09-15 12:08:51
68025,2000038155,斗罗大陆第四部27,32,I247.59/267,2508895006,19市政大专,2021-09-14 11:08:00,2021-10-14 11:08:00,2021-09-16 11:46:57
67970,2000038150,斗罗大陆第四部26,32,I247.59/264,1146981222,19市政大专,2021-09-14 12:01:00,2021-10-14 12:01:00,2021-09-15 11:54:14
67971,2000034308,琴帝1,29.8,I247.59/222,2508119662,19市政大专,2021-09-14 12:03:00,2021-10-14 12:03:00,2021-09-15 11:54:19
68007,2000027006,沙海,34.9,I247.5/6179,2508208990,19市政大专,2021-09-14 12:03:00,2021-10-14 12:03:00,2021-09-15 16:00:11
68410,2000039290,2020年中国悬疑小说精选,35,I247.7/2173,0572387276,21装饰大专3,2021-09-14 12:03:00,2021-10-14 12:03:00,2021-09-26 15:59:56
68094,2000021747,孤儿列车,36,I561.45/351,0572188236,21装饰大专4,2021-09-14 12:26:00,2021-10-14 12:26:00,2021-09-17 12:30:16
69389,2000014894,复活,26,I512.44/92,0649350944,20鲁班实验2,2021-09-14 12:30:00,2021-10-14 12:30:00,2021-10-19 16:12:18
68335,2000006280,二战十大著名战役,29.8,E195.2/3,0575122588,21施工中专2,2021-09-14 12:32:00,2021-10-14 12:32:00,2021-09-24 13:24:14
67968,2000015035,你好，旧时光1,28,I247.5/6051,0648285568,20鲁班实验2,2021-09-14 12:39:00,2021-10-14 12:39:00,2021-09-15 11:48:59
67985,2000029266,总要习惯一个人,49.8,I247.81/29,1148119590,20装饰大专1,2021-09-14 12:44:00,2021-10-14 12:44:00,2021-09-15 12:20:32
68209,2000035621,听雷.2,49.8,I247.5/6294,2660615259,19园林大专,2021-09-14 12:54:00,2021-10-14 12:54:00,2021-09-23 11:55:03
67974,2000013173,孤独深处,35,I247.7/2054,0572223228,20鲁班实验1,2021-09-14 13:03:00,2021-10-14 13:03:00,2021-09-15 12:03:32
68001,2000004278,饥饿游戏1,28,I712.45/804,0647967472,20施工大专1,2021-09-14 13:05:00,2021-10-14 13:05:00,2021-09-15 13:15:28
233,2000034687,蜘蛛侠,45,H319.4/1169,0572313980,21楼宇大专2,2021-09-14 15:31:49,2021-10-14 15:31:49,未还
237,2000035127,海王,45,H319.4/1180,0572313980,21楼宇大专2,2021-09-14 15:31:52,2021-10-14 15:31:52,未还
381,2000014964,哈利·波特与被诅咒的孩子,69,I561.84/11,0572313980,21楼宇大专2,2021-09-14 15:31:57,2021-10-14 15:31:57,未还
643,2000024378,鞋狗,89.9,F471.268/1,0572313980,21楼宇大专2,2021-09-14 15:32:07,2021-10-14 15:32:07,未还
776,2000024079,诛仙大结局,32.8,I247.5/6024,0572313980,21楼宇大专2,2021-09-14 15:32:11,2021-10-14 15:32:11,未还
843,2000010308,诛仙伍,32.8,I247.5/6025,0572313980,21楼宇大专2,2021-09-14 15:32:16,2021-10-14 15:32:16,未还
1184,2000010316,诛仙肆,32.8,I247.5/6029,0572313980,21楼宇大专2,2021-09-14 15:32:22,2021-10-14 15:32:22,未还
1185,2000010315,诛仙叁,32.8,I247.5/6028,0572313980,21楼宇大专2,2021-09-14 15:32:27,2021-10-14 15:32:27,未还
1186,2000010313,诛仙贰,32.8,I247.5/6027,0572313980,21楼宇大专2,2021-09-14 15:32:31,2021-10-14 15:32:31,未还
1187,2000024069,诛仙,32.8,I247.5/6026,0572313980,21楼宇大专2,2021-09-14 15:32:37,2021-10-14 15:32:37,未还
1188,2000026807,三体(Ⅲ死神永生)/中国科幻基石丛书,38,I247.5/5899,0572313980,21楼宇大专2,2021-09-14 15:32:45,2021-10-14 15:32:45,未还
1189,2000026808,三体(Ⅱ黑暗森林)/中国科幻基石丛书,32,I247.5/5900,0572313980,21楼宇大专2,2021-09-14 15:32:52,2021-10-14 15:32:52,未还
1190,2000000700,鲁班的诅咒(5鬼斧神工大结局)/读客知识小说文库,36.9,I247.5/5909,0572313980,21楼宇大专2,2021-09-14 15:32:58,2021-10-14 15:32:58,未还
1191,2000006944,倚天屠龙记（一）,27,I247.5/5977,0572313980,21楼宇大专2,2021-09-14 15:33:06,2021-10-14 15:33:06,未还
1192,2000006675,天龙八部（三）,27.6,I247.5/5983,0572313980,21楼宇大专2,2021-09-14 15:33:10,2021-10-14 15:33:10,未还
1193,2000000695,鲁班的诅咒(3)/读客知识小说文库,29.9,I247.5/5907,0572313980,21楼宇大专2,2021-09-14 15:33:16,2021-10-14 15:33:16,未还
1194,2000000698,鲁班的诅咒(4武夷竹海阴宅村)/读客知识小说文库,29.9,I247.5/5908,0572313980,21楼宇大专2,2021-09-14 15:33:23,2021-10-14 15:33:23,未还
1195,2000000693,鲁班的诅咒(2),29.9,I247.5/5906,0572313980,21楼宇大专2,2021-09-14 15:33:30,2021-10-14 15:33:30,未还
1196,2000000691,鲁班的诅咒（1）,29.9,I247.5/5905,0572313980,21楼宇大专2,2021-09-14 15:33:35,2021-10-14 15:33:35,未还
1197,2000024037,盗墓笔记(1),32.8,I247.5/5958,0572313980,21楼宇大专2,2021-09-14 15:33:42,2021-10-14 15:33:42,未还
68261,2000024051,盗墓笔记(8大结局下),32.8,I247.5/5950,2508376974,19市政大专,2021-09-14 15:55:00,2021-10-14 15:55:00,2021-09-23 13:28:06
68110,2000037021,祈念守护人,59,I313.45/390,2662363643,19造价大专2,2021-09-14 15:57:00,2021-10-14 15:57:00,2021-09-17 13:16:43
68006,2000037870,斗罗大陆第四部18,32,I247.59/256,2661860747,19施工大专3,2021-09-14 16:02:00,2021-10-14 16:02:00,2021-09-15 15:21:43
68191,2000014896,暗恋·橘生淮南上,29,I247.57/1300,2662662187,19造价大专1,2021-09-14 16:03:00,2021-10-14 16:03:00,2021-09-22 13:19:25
68431,2000007609,蝴蝶梦,48,I561.45/287,2508206382,19造价大专1,2021-09-14 16:04:00,2021-10-14 16:04:00,2021-09-27 09:44:32
200,2000038176,龙族Ⅱ,49,I247.5/6325,1147954038,20施工大专1,2021-09-14 16:06:32,2021-10-14 16:06:32,未还
67967,2000038007,斗罗大陆第四部1,32,I247.59/266,1148320230,20园林大专,2021-09-14 16:07:00,2021-10-14 16:07:00,2021-09-15 11:39:04
68062,2000026811,三体,23,I247.5/5902,1146937926,20园林大专,2021-09-14 16:07:00,2021-10-14 16:07:00,2021-09-16 16:06:20
67969,2000037885,斗罗大陆第四部25,32,I247.59/263,1148430886,20鲁班实验1,2021-09-14 16:08:00,2021-10-14 16:08:00,2021-09-15 11:51:24
615,2000018763,X的悲剧,36,I712.45/892,1147069718,20鲁班实验1,2021-09-14 16:08:05,2021-10-14 16:08:05,未还
768,2000034422,解忧杂货店,39.5,I313.45/373,1147185846,20施工大专2,2021-09-14 16:12:48,2021-10-14 16:12:48,未还
68010,2000029437,朗读者Ⅱ（3）,56,I217.61/18,1147013542,20施工大专2,2021-09-14 16:13:00,2021-10-14 16:13:00,2021-09-15 16:03:03
68561,2000036914,疯了!桂宝.24,45,J228.2/308,1148321142,20施工大专3,2021-09-14 16:13:00,2021-10-14 16:13:00,2021-09-29 11:46:14
777,2000027007,沙海,34.9,I247.5/6179,1146461430,20施工大专1,2021-09-14 16:13:30,2021-10-14 16:13:30,未还
68414,2000008422,最强雇佣兵1,39.8,I247.59/126,1147119718,20施工大专1,2021-09-14 16:17:00,2021-10-14 16:17:00,2021-09-26 16:00:41
68412,2000024012,摆渡人2,42.8,I561.45/330,1146837398,20施工大专1,2021-09-14 16:18:00,2021-10-14 16:18:00,2021-09-26 16:00:29
68415,2000038253,盗墓笔记(7),45,I247.5/6342,0650071856,20施工大专1,2021-09-14 16:18:00,2021-10-14 16:18:00,2021-09-26 16:00:45
68423,2000038247,盗墓笔记(4),45,I247.5/6339,1147439926,20施工大专1,2021-09-14 16:18:00,2021-10-14 16:18:00,2021-09-26 16:01:46
68121,2000034440,偷记忆的男孩,42,I712.45/1018,1148329638,20施工大专2,2021-09-14 16:19:00,2021-10-14 16:19:00,2021-09-17 16:05:21
68938,2000019160,ABC谋杀案,28,I561.456/3,1146917750,20施工大专4,2021-09-14 16:19:00,2021-10-14 16:19:00,2021-10-11 16:02:43
68428,2000037251,他来时有星光,45,I247.5/6328,0571558572,21房产大专,2021-09-14 16:32:00,2021-10-14 16:32:00,2021-09-27 08:04:59
68429,2000019272,土木工程专业英语,40,H319.39/1,0572415900,21房产大专,2021-09-14 16:32:00,2021-10-14 16:32:00,2021-09-27 08:05:13
68430,2000029709,世界上最富哲理的美文,25,H319.4/1160,0571446204,21施工大专3,2021-09-14 16:32:00,2021-10-14 16:32:00,2021-09-27 08:05:27
982,8000001284,幽默大师,0,J22,1148139238,20楼宇大专2,2021-09-15 00:00:00,2021-10-15 00:00:00,2021-10-13 11:38:00
981,8000001656,幽默大师,0,J22,1148267446,20楼宇大专2,2021-09-15 00:00:00,2021-10-15 00:00:00,2021-10-13 11:38:00
68294,2000040677,破云.大结局,49.8,I247.56/1229,2662461675,19楼宇大专1,2021-09-15 11:35:00,2021-10-15 11:35:00,2021-09-24 11:46:01
68293,2000036966,破云,49.8,I247.56/1221,2662461675,19楼宇大专1,2021-09-15 11:39:00,2021-10-15 11:39:00,2021-09-24 11:45:29
68296,2000036967,破云Ⅱ,49.8,I247.56/1222,2662461675,19楼宇大专1,2021-09-15 11:39:00,2021-10-15 11:39:00,2021-09-24 11:46:42
68320,2000024254,清明上河图密码,49.9,I247.56/1189,2662461675,19楼宇大专1,2021-09-15 11:40:00,2021-10-15 11:40:00,2021-09-24 11:51:25
68286,2000006619,射雕英雄传（二）,27,I247.58/159,0649729680,20楼宇大专1,2021-09-15 11:41:00,2021-10-15 11:41:00,2021-09-23 17:16:29
68493,2000006622,射雕英雄传（三）,27,I247.58/160,0649729680,20楼宇大专1,2021-09-15 11:41:00,2021-10-15 11:41:00,2021-09-28 11:58:56
68603,2000011669,中学生公民教育系列活动的构建,48,G631.6/1,0649729680,20楼宇大专1,2021-09-15 11:41:00,2021-10-15 11:41:00,2021-09-29 12:01:38
68688,2000006998,射雕英雄传（四）,27,I247.58/161,0649729680,20楼宇大专1,2021-09-15 11:41:00,2021-10-15 11:41:00,2021-10-08 11:43:18
1013,2000029168,残次品上册,42.5,I247.55/25,1148707158,20鲁班实验1,2021-09-15 11:41:34,2021-10-15 11:41:34,未还
68063,2000038005,斗罗大陆第四部2,32,I247.59/265,1148320230,20园林大专,2021-09-15 11:42:00,2021-10-15 11:42:00,2021-09-16 16:06:22
68779,2000026305,飞天纪实,79,V527/2,1148503750,20楼宇大专2,2021-09-15 11:42:00,2021-10-15 11:42:00,2021-10-08 16:05:15
68064,2000024160,悟空传,39.8,I247.59/162,2507893838,20园林大专,2021-09-15 11:44:00,2021-10-15 11:44:00,2021-09-16 16:06:28
666,1000130083,新中国连环画图史,180,J218.4/1,1146604246,20施工大专3,2021-09-15 11:51:30,2021-10-15 11:51:30,未还
68027,2000019091,地底世界之雾隐占婆,39.8,I247.57/3954,1147112102,20施工大专3,2021-09-15 11:54:00,2021-10-15 11:54:00,2021-09-16 11:53:47
68133,2000037887,斗罗大陆第四部26,32,I247.59/264,1148430886,20鲁班实验1,2021-09-15 11:54:00,2021-10-15 11:54:00,2021-09-18 12:20:24
68009,2000038154,斗罗大陆第四部27,32,I247.59/267,1146981222,19市政大专,2021-09-15 11:56:00,2021-10-15 11:56:00,2021-09-15 16:00:17
68008,2000034312,琴帝3,29.8,I247.59/224,2508119662,19市政大专,2021-09-15 11:57:00,2021-10-15 11:57:00,2021-09-15 16:00:14
68026,2000015038,你好，旧时光2,28,I247.5/6052,0648285568,20鲁班实验2,2021-09-15 11:59:00,2021-10-15 11:59:00,2021-09-16 11:48:58
68455,2000007440,那些古怪又让人忧心的问题,49.8,Z228/2159,0572255116,21施工大专4,2021-09-15 12:08:00,2021-10-15 12:08:00,2021-09-27 13:00:15
69105,2000038157,斗罗大陆第四部28,32,I247.59/268,2508633806,19市政大专,2021-09-15 12:12:00,2021-10-15 12:12:00,2021-10-14 13:26:05
68068,2000038276,一本好书1,49.8,I267/3405,0572444220,20楼宇大专1,2021-09-15 12:13:00,2021-10-15 12:13:00,2021-09-16 16:09:32
68324,2000037205,某某,49.8,I247.57/4217,0572107132,21房产大专,2021-09-15 12:21:00,2021-10-15 12:21:00,2021-09-24 12:19:35
68141,2000034315,琴帝5,29.8,I247.59/226,0572131132,21施工大专4,2021-09-15 12:25:00,2021-10-15 12:25:00,2021-09-18 13:26:21
68142,2000034317,琴帝6,29.8,I247.59/227,0572558828,21施工大专4,2021-09-15 12:25:00,2021-10-15 12:25:00,2021-09-18 13:26:25
68081,2000036357,剑来 4：草长莺飞时,43,I247.58/200,0572512444,21装饰大专3,2021-09-15 12:29:00,2021-10-15 12:29:00,2021-09-17 11:39:58
68325,2000037206,某某,49.8,I247.57/4217,0571626172,21房产大专,2021-09-15 12:30:00,2021-10-15 12:30:00,2021-09-24 12:19:47
68374,2000025611,守藏,29.8,I247.5/6166,0572124604,21造价大专1,2021-09-15 12:30:00,2021-10-15 12:30:00,2021-09-26 12:14:52
68730,2000037894,山海高中,48,I247.57/4225,0573528476,21房产大专,2021-09-15 12:30:00,2021-10-15 12:30:00,2021-10-08 12:29:12
68159,2000018897,人生慢,45,I267/3162,0571633164,21鲁班实验,2021-09-15 12:32:00,2021-10-15 12:32:00,2021-09-22 12:07:28
67993,2000023374,弦理论,29,O41/2,0572600940,21鲁班实验,2021-09-15 12:33:00,2021-10-15 12:33:00,2021-09-15 12:49:12
68175,2000021784,千只鹤,29.5,I313.45/318,1148178374,20楼宇大专2,2021-09-15 12:35:00,2021-10-15 12:35:00,2021-09-22 12:37:53
68091,2000030300,夜空中最闪耀的星,29.8,I247.5/6200,2660431131,19装饰大专3,2021-09-15 12:36:00,2021-10-15 12:36:00,2021-09-17 12:29:57
68092,2000016873,我们·上,24.9,I247.5/6076,2508014030,19装饰大专3,2021-09-15 12:36:00,2021-10-15 12:36:00,2021-09-17 12:30:05
69073,2000007385,2015年中国散文精选,34,I267/2976,1147606006,20鲁班实验1,2021-09-15 12:38:00,2021-10-15 12:38:00,2021-10-14 13:00:37
69074,2000031864,听听那冷雨,45,I217.2/134,1147606006,20鲁班实验1,2021-09-15 12:38:00,2021-10-15 12:38:00,2021-10-14 13:00:39
69075,2000032471,时间的乡愁,45,I217.2/135,1147606006,20鲁班实验1,2021-09-15 12:38:00,2021-10-15 12:38:00,2021-10-14 13:00:42
69077,2000029254,我们都是孤独的行路人,39,I267/3289,1147606006,20鲁班实验1,2021-09-15 12:38:00,2021-10-15 12:38:00,2021-10-14 13:00:48
69080,2000036891,文化苦旅,52,I267/3388,1147606006,20鲁班实验1,2021-09-15 12:38:00,2021-10-15 12:38:00,2021-10-14 13:00:59
69081,2000029149,散文中国秋天的孤独,32,I267/3287,1147606006,20鲁班实验1,2021-09-15 12:38:00,2021-10-15 12:38:00,2021-10-14 13:01:01
69082,2000036651,千年一叹,52,I267/3380,1147606006,20鲁班实验1,2021-09-15 12:38:00,2021-10-15 12:38:00,2021-10-14 13:01:05
69093,2000013282,巴金散文,28,I267/3068,1147606006,20鲁班实验1,2021-09-15 12:38:00,2021-10-15 12:38:00,2021-10-14 13:01:55
1218,2000029253,只是眷恋这人间烟火,39,I267/3288,1147606006,20鲁班实验1,2021-09-15 12:38:13,2021-10-15 12:38:13,未还
68134,2000038153,斗罗大陆第四部27,32,I247.59/267,1147606006,20鲁班实验1,2021-09-15 12:39:00,2021-10-15 12:39:00,2021-09-18 12:20:28
68135,2000038158,斗罗大陆第四部28,32,I247.59/268,1147606006,20鲁班实验1,2021-09-15 12:39:00,2021-10-15 12:39:00,2021-09-18 12:20:32
68136,2000038163,斗罗大陆第四部29,32,I247.59/269,1147606006,20鲁班实验1,2021-09-15 12:39:00,2021-10-15 12:39:00,2021-09-18 12:20:36
68137,2000038164,斗罗大陆第四部30,32,I247.59/270,1147606006,20鲁班实验1,2021-09-15 12:39:00,2021-10-15 12:39:00,2021-09-18 12:20:40
69071,2000007526,雅舍谈吃,29.8,I266/518,1147606006,20鲁班实验1,2021-09-15 12:39:00,2021-10-15 12:39:00,2021-10-14 13:00:30
69079,2000037117,中国文脉,52,I267/3394,1147606006,20鲁班实验1,2021-09-15 12:39:00,2021-10-15 12:39:00,2021-10-14 13:00:56
69090,2000027880,持剑者心伤,49.8,I247.59/206,1147606006,20鲁班实验1,2021-09-15 12:39:00,2021-10-15 12:39:00,2021-10-14 13:01:43
69091,2000020391,泥步修行,39.8,I267/3175,1147606006,20鲁班实验1,2021-09-15 12:39:00,2021-10-15 12:39:00,2021-10-14 13:01:46
69092,2000000009,一个人的村庄,42.8,I267/2911,1147606006,20鲁班实验1,2021-09-15 12:39:00,2021-10-15 12:39:00,2021-10-14 13:01:51
69076,2000034160,他日物归谁,39,I247.7/2151,1147606006,20鲁班实验1,2021-09-15 12:40:00,2021-10-15 12:40:00,2021-10-14 13:00:45
69078,2000034184,黄昏不晚,58,I247.7/2152,1147606006,20鲁班实验1,2021-09-15 12:40:00,2021-10-15 12:40:00,2021-10-14 13:00:53
69083,2000014850,风啸长宁,36,I247.58/178,1147606006,20鲁班实验1,2021-09-15 12:40:00,2021-10-15 12:40:00,2021-10-14 13:01:09
69084,2000027875,笑场,36,I217.2/132,1147606006,20鲁班实验1,2021-09-15 12:40:00,2021-10-15 12:40:00,2021-10-14 13:01:24
69085,2000030292,静中岁月长,45,I217.2/133,1147606006,20鲁班实验1,2021-09-15 12:40:00,2021-10-15 12:40:00,2021-10-14 13:01:27
69087,2000034225,当24遇到14,39.8,I247.57/4176,1147606006,20鲁班实验1,2021-09-15 12:40:00,2021-10-15 12:40:00,2021-10-14 13:01:33
69088,2000018777,孤单的人请抱抱自己,39.8,I267/3159,1147606006,20鲁班实验1,2021-09-15 12:40:00,2021-10-15 12:40:00,2021-10-14 13:01:37
69089,2000023825,再被狐狸骗一次,36,I287.47/19,1147606006,20鲁班实验1,2021-09-15 12:40:00,2021-10-15 12:40:00,2021-10-14 13:01:40
67989,2000031901,散落星河的记忆,39.8,I247.57/4137,1147606006,20鲁班实验1,2021-09-15 12:41:00,2021-10-15 12:41:00,2021-09-15 12:41:36
67990,2000037009,我们总是孤独成长,45,I247.5/6326,1147606006,20鲁班实验1,2021-09-15 12:41:00,2021-10-15 12:41:00,2021-09-15 12:41:40
69070,2000004631,受戒,36,I247.7/2015,1147606006,20鲁班实验1,2021-09-15 12:41:00,2021-10-15 12:41:00,2021-10-14 13:00:25
69086,2000010244,望春风,48,I247.57/1273,1147606006,20鲁班实验1,2021-09-15 12:41:00,2021-10-15 12:41:00,2021-10-14 13:01:30
69072,2000031892,散落星河的记忆上册,48,I247.55/30,1147606006,20鲁班实验1,2021-09-15 12:42:00,2021-10-15 12:42:00,2021-10-14 13:00:34
1243,2000029171,残次品下册,42.5,I247.55/26,1147606006,20鲁班实验1,2021-09-15 12:42:25,2021-10-15 12:42:25,未还
68089,2000016872,我们·上,24.9,I247.5/6076,2660338331,19装饰大专3,2021-09-15 12:43:00,2021-10-15 12:43:00,2021-09-17 12:29:40
68090,2000032115,天才基本法下,39,I247.5/6220,2661507211,19装饰大专3,2021-09-15 12:43:00,2021-10-15 12:43:00,2021-09-17 12:29:51
1246,2000034193,人鼠之间,32,I712.45/1017,0647708864,20装饰大专1,2021-09-15 12:43:14,2021-10-15 12:43:14,未还
1247,2000034442,偷记忆的男孩,42,I712.45/1018,0647708864,20装饰大专1,2021-09-15 12:43:20,2021-10-15 12:43:20,未还
1249,2000015170,杀死一只知更鸟(纪念版)(精),32,I712.45/866,0647708864,20装饰大专1,2021-09-15 12:43:25,2021-10-15 12:43:25,未还
1251,2000015168,了不起的盖茨比,32,I712.45/865,0647708864,20装饰大专1,2021-09-15 12:43:29,2021-10-15 12:43:29,未还
1252,2000015201,猫鼠游戏,36,I712.45/867,0647708864,20装饰大专1,2021-09-15 12:43:36,2021-10-15 12:43:36,未还
1255,2000016645,怪屋女孩,42,I712.45/876,0647708864,20装饰大专1,2021-09-15 12:43:40,2021-10-15 12:43:40,未还
1256,2000019396,魔鬼聊天术,39.8,I267.1/2530,0647708864,20装饰大专1,2021-09-15 12:43:46,2021-10-15 12:43:46,未还
1258,2000008415,感伤故事,29.8,I247.7/2032,0647708864,20装饰大专1,2021-09-15 12:43:54,2021-10-15 12:43:54,未还
1260,2000008156,平乐镇伤心故事集,35,I247.7/2029,0647708864,20装饰大专1,2021-09-15 12:44:00,2021-10-15 12:44:00,未还
1261,2000039285,2020中国年度短篇小说,52,I247.7/2172,0647708864,20装饰大专1,2021-09-15 12:44:06,2021-10-15 12:44:06,未还
1262,2000029564,催眠师手记,48,I247.7/2129,0647708864,20装饰大专1,2021-09-15 12:44:13,2021-10-15 12:44:13,未还
1264,2000034044,哪吒,45,I247.7/2150,0647708864,20装饰大专1,2021-09-15 12:44:18,2021-10-15 12:44:18,未还
1265,2000034223,我们这个世界的羊,49,I247.7/2153,0647708864,20装饰大专1,2021-09-15 12:44:26,2021-10-15 12:44:26,未还
1267,2000034213,记忆偏离,42,I247.55/41,0647708864,20装饰大专1,2021-09-15 12:44:33,2021-10-15 12:44:33,未还
1268,2000010238,慈悲,36,I247.57/1272,0647708864,20装饰大专1,2021-09-15 12:44:38,2021-10-15 12:44:38,未还
1269,2000018935,幽暗国度Ⅰ面具,32,I247.56/1195,0647708864,20装饰大专1,2021-09-15 12:44:43,2021-10-15 12:44:43,未还
1270,2000018892,幽暗国度,32,I247.56/1193,0647708864,20装饰大专1,2021-09-15 12:44:50,2021-10-15 12:44:50,未还
1271,2000027911,大匠师,49.8,I247.56/1211,0647708864,20装饰大专1,2021-09-15 12:44:59,2021-10-15 12:44:59,未还
1272,2000026659,无人生还,35,I561.456/2,0647708864,20装饰大专1,2021-09-15 12:45:05,2021-10-15 12:45:05,未还
1273,2000018978,你杀不死一只老狐狸,39.8,I561.45/333,0647708864,20装饰大专1,2021-09-15 12:45:13,2021-10-15 12:45:13,未还
1274,2000024921,剩下来的孩子,42,I712.45/971,0647708864,20装饰大专1,2021-09-15 12:45:20,2021-10-15 12:45:20,未还
68039,2000021250,心若淡定 便是优雅,32.8,I267.1/2541,1148119590,20装饰大专1,2021-09-15 12:46:00,2021-10-15 12:46:00,2021-09-16 12:49:33
68498,2000018087,大秦帝国(全新修订版共11册),54.4,I247.5/6087,2660684347,19市政大专,2021-09-15 12:46:00,2021-10-15 12:46:00,2021-09-28 12:00:15
68675,2000034365,穿堂风,48,I247.7/2156,0572140716,21装饰大专4,2021-09-15 12:46:00,2021-10-15 12:46:00,2021-09-30 10:36:49
68679,2000008170,在很久很久以前,32.8,I247.7/2030,0571735116,21装饰大专4,2021-09-15 12:46:00,2021-10-15 12:46:00,2021-09-30 10:37:12
68045,2000038159,斗罗大陆第四部28,32,I247.59/268,0614880336,19市政大专,2021-09-15 12:47:00,2021-10-15 12:47:00,2021-09-16 13:01:37
68047,2000036304,三叉戟,59,I247.5/6305,1147591158,19市政大专,2021-09-15 12:47:00,2021-10-15 12:47:00,2021-09-16 13:02:09
69170,2000016581,水丸的慢悠漫游,45,I313.65/11,1148212614,20装饰大专2,2021-09-15 12:47:00,2021-10-15 12:47:00,2021-10-15 12:30:40
69171,2000016584,我的职业是小说家,45,I313.65/13,1148212614,20装饰大专2,2021-09-15 12:47:00,2021-10-15 12:47:00,2021-10-15 12:30:44
69141,2000009115,风景画素描基础,48,J214/295,1148212614,20装饰大专2,2021-09-15 12:48:00,2021-10-15 12:48:00,2021-10-15 12:26:58
69142,2000016583,小时候就在想的事,22,I313.65/12,1148212614,20装饰大专2,2021-09-15 12:48:00,2021-10-15 12:48:00,2021-10-15 12:27:12
69143,2000004426,超人气美少年专题技法从入门到精通,39,J218.2/34,1148212614,20装饰大专2,2021-09-15 12:48:00,2021-10-15 12:48:00,2021-10-15 12:27:16
69148,2000001186,哈利·波特与密室,32,I561.84/3,1148212614,20装饰大专2,2021-09-15 12:48:00,2021-10-15 12:48:00,2021-10-15 12:28:03
69152,2000026810,三体,23,I247.5/5902,1148212614,20装饰大专2,2021-09-15 12:48:00,2021-10-15 12:48:00,2021-10-15 12:28:44
69160,2000029180,山茶文具店,49.8,I313.45/340,1148212614,20装饰大专2,2021-09-15 12:48:00,2021-10-15 12:48:00,2021-10-15 12:29:49
69162,2000021743,情书(精),25,I313.45/314,1148212614,20装饰大专2,2021-09-15 12:48:00,2021-10-15 12:48:00,2021-10-15 12:29:58
69163,2000007513,完美末日,35,I247.5/5997,1148212614,20装饰大专2,2021-09-15 12:48:00,2021-10-15 12:48:00,2021-10-15 12:30:05
69169,2000036385,亲爱的女儿,58,I312.665/5,1148212614,20装饰大专2,2021-09-15 12:48:00,2021-10-15 12:48:00,2021-10-15 12:30:37
68712,2000020853,考拉小巫的英语学习日记,36.8,H319.3/1,2509110638,19造价大专1,2021-09-15 12:49:00,2021-10-15 12:49:00,2021-10-08 12:07:36
69153,2000036749,我们最好的时光,49.8,I247.57/4212,1148212614,20装饰大专2,2021-09-15 12:49:00,2021-10-15 12:49:00,2021-10-15 12:28:52
69159,2000029739,何以笙箫默(7周年精装珍藏版),25,I247.5/5996,1148212614,20装饰大专2,2021-09-15 12:49:00,2021-10-15 12:49:00,2021-10-15 12:29:42
69166,2000030588,解忧杂货店,39.5,I313.45/246,1148212614,20装饰大专2,2021-09-15 12:49:00,2021-10-15 12:49:00,2021-10-15 12:30:24
1058,2000017707,我们相爱一生，一生还是太短,48,I246.7/47,1148232390,20装饰大专2,2021-09-15 12:49:25,2021-10-15 12:49:25,未还
69147,2000006251,大侦探一分钟破案游戏,29.8,G898.2/130,1148538806,20装饰大专2,2021-09-15 12:50:00,2021-10-15 12:50:00,2021-10-15 12:27:58
68072,2000027563,大唐辟邪司,49.8,I247.56/1209,0649609696,20楼宇大专1,2021-09-15 12:59:00,2021-10-15 12:59:00,2021-09-16 16:21:39
68244,2000038256,盗墓笔记(8大结局下),45,I247.5/6344,0574454172,21古建大专,2021-09-15 13:03:00,2021-10-15 13:03:00,2021-09-23 12:54:38
68042,2000010309,诛仙伍,32.8,I247.5/6025,0572423740,21楼宇大专1,2021-09-15 13:07:00,2021-10-15 13:07:00,2021-09-16 12:52:56
68051,2000034311,琴帝3,29.8,I247.59/224,0615014768,20市政大专,2021-09-15 13:08:00,2021-10-15 13:08:00,2021-09-16 13:13:46
68251,2000031810,三国机密·龙难日,39.8,I247.53/148,2661743851,19园林大专,2021-09-15 13:08:00,2021-10-15 13:08:00,2021-09-23 13:06:24
68109,2000038106,斗罗大陆第四部3,32,I247.59/241,1147442534,20市政大专,2021-09-15 13:09:00,2021-10-15 13:09:00,2021-09-17 13:14:05
68400,2000035618,听雷.3,49.8,I247.5/6293,1147815014,19园林大专,2021-09-15 13:10:00,2021-10-15 13:10:00,2021-09-26 13:05:26
68401,2000024956,西夏死书4,36.8,I247.57/4047,2660955307,19园林大专,2021-09-15 13:10:00,2021-10-15 13:10:00,2021-09-26 13:05:30
68270,2000029406,十二年，故人戏,39.9,I247.57/4122,1147541030,20楼宇大专2,2021-09-15 13:12:00,2021-10-15 13:12:00,2021-09-23 16:01:42
68271,2000029409,十二年，故人戏,39.9,I247.57/4123,1147541030,20楼宇大专2,2021-09-15 13:12:00,2021-10-15 13:12:00,2021-09-23 16:01:46
68939,2000023453,红船精神,43,D26/2,1147541030,20楼宇大专2,2021-09-15 13:12:00,2021-10-15 13:12:00,2021-10-11 16:03:03
68950,2000023156,长征精神,43,D261.3/1,1147541030,20楼宇大专2,2021-09-15 13:12:00,2021-10-15 13:12:00,2021-10-11 16:04:06
68951,2000027475,毛泽东,98,A752/3,1147541030,20楼宇大专2,2021-09-15 13:12:00,2021-10-15 13:12:00,2021-10-11 16:04:11
68952,2000009734,马克思恩格斯选集1,80,A11/1,1147541030,20楼宇大专2,2021-09-15 13:12:00,2021-10-15 13:12:00,2021-10-11 16:04:16
68953,2000039131,邓小平,68,A761/1,1147541030,20楼宇大专2,2021-09-15 13:12:00,2021-10-15 13:12:00,2021-10-11 16:04:23
68954,1200005023,全本黄帝内经(精),29.8,R221/104,1147541030,20楼宇大专2,2021-09-15 13:12:00,2021-10-15 13:12:00,2021-10-11 16:04:29
68050,2000004281,饥饿游戏(2燃烧的女孩),28,I712.45/805,0647967472,20施工大专1,2021-09-15 13:17:00,2021-10-15 13:17:00,2021-09-16 13:10:05
68448,2000037949,南货店,69,I247.57/4226,2660524955,19装饰大专3,2021-09-15 13:18:00,2021-10-15 13:18:00,2021-09-27 12:21:10
68088,2000005636,琅琊榜（中）,25,I247.59/122,2661971835,19装饰大专3,2021-09-15 13:19:00,2021-10-15 13:19:00,2021-09-17 12:15:57
68038,2000038160,斗罗大陆第四部29,32,I247.59/269,2662654027,19市政大专,2021-09-15 13:22:00,2021-10-15 13:22:00,2021-09-16 12:45:26
68037,2000034309,琴帝2,29.8,I247.59/223,2508119662,19市政大专,2021-09-15 16:06:00,2021-10-15 16:06:00,2021-09-16 12:45:18
68043,2000038161,斗罗大陆第四部29,32,I247.59/269,1146981222,19市政大专,2021-09-15 16:06:00,2021-10-15 16:06:00,2021-09-16 12:53:49
68103,2000027586,平原客,45,I247.5/6189,2508208990,19市政大专,2021-09-15 16:06:00,2021-10-15 16:06:00,2021-09-17 12:43:18
750,2000034301,主角.上,42.5,I247.57/4188,1147013542,20施工大专2,2021-09-15 16:07:06,2021-10-15 16:07:06,未还
68120,2000036915,疯了!桂宝.24,45,J228.2/308,1148329878,20楼宇大专1,2021-09-15 16:11:00,2021-10-15 16:11:00,2021-09-17 16:05:14
68060,2000034319,琴帝7,29.8,I247.59/228,0572465660,21施工大专4,2021-09-15 16:13:00,2021-10-15 16:13:00,2021-09-16 16:03:48
68061,2000034321,琴帝8,29.8,I247.59/229,0571644988,21施工大专4,2021-09-15 16:13:00,2021-10-15 16:13:00,2021-09-16 16:03:57
68125,2000037873,斗罗大陆第四部19,32,I247.59/257,2661860747,19施工大专3,2021-09-15 16:15:00,2021-10-15 16:15:00,2021-09-17 16:10:13
68079,2000034569,庆余年1,39,I247.5/6267,0572389212,21楼宇大专1,2021-09-16 11:40:00,2021-10-16 11:40:00,2021-09-17 11:35:01
68067,2000040141,冰菓1,25,J238.2/30,0572344012,21装饰大专4,2021-09-16 11:43:00,2021-10-16 11:43:00,2021-09-16 16:09:02
68246,2000040632,南方有嘉木,36,I247.5/6363,0571853356,21装饰大专4,2021-09-16 11:43:00,2021-10-16 11:43:00,2021-09-23 13:02:19
68247,2000040633,南方有嘉木,36,I247.5/6363,0572171884,21装饰大专4,2021-09-16 11:43:00,2021-10-16 11:43:00,2021-09-23 13:02:26
68772,2000038165,斗罗大陆第四部30,32,I247.59/270,2508895006,19市政大专,2021-09-16 11:52:00,2021-10-16 11:52:00,2021-10-08 13:29:46
68433,2000016632,地底世界之楼兰妖耳,39.8,I247.57/1317,1147112102,20施工大专3,2021-09-16 11:55:00,2021-10-16 11:55:00,2021-09-27 11:49:59
68083,2000015040,你好，旧时光3,30,I247.5/6053,0648285568,20鲁班实验2,2021-09-16 11:57:00,2021-10-16 11:57:00,2021-09-17 11:54:43
68723,2000034205,毕竟流行去,39,I267.1/2612,1148479814,20施工大专3,2021-09-16 12:08:00,2021-10-16 12:08:00,2021-10-08 12:27:27
68059,2000018380,太平洋战争,68,E195.2/5,0571517868,21施工大专4,2021-09-16 12:11:00,2021-10-16 12:11:00,2021-09-16 16:02:41
68281,2000032737,罗生门,39.8,H369.4/2,0571986620,21施工大专4,2021-09-16 12:11:00,2021-10-16 12:11:00,2021-09-23 16:03:12
68087,2000036350,剑来 1：少年起微末,40,I247.58/197,0572178668,21楼宇大专1,2021-09-16 12:15:00,2021-10-16 12:15:00,2021-09-17 11:59:50
68212,2000029537,无羁,48,I247.58/195,2660895195,19装饰大专3,2021-09-16 12:19:00,2021-10-16 12:19:00,2021-09-23 11:56:47
68975,2000010286,哑舍·零·秦失其鹿,29.8,I247.5/6023,0572135452,21造价大专1,2021-09-16 12:24:00,2021-10-16 12:24:00,2021-10-12 12:09:25
1313,2000021402,死于青春,48,I247.7/2097,0572587100,21装饰大专4,2021-09-16 12:28:53,2021-10-16 12:28:53,未还
68124,2000020448,如果这个世界被喵统治了,42.8,J228.2/212,0572223228,20鲁班实验1,2021-09-16 12:32:00,2021-10-16 12:32:00,2021-09-17 16:07:32
68322,2000035920,将进酒.上,34,I247.5/6299,0572590556,21装饰大专3,2021-09-16 12:33:00,2021-10-16 12:33:00,2021-09-24 12:02:16
68323,2000035432,将进酒.下,34,I247.5/6287,0572334860,21装饰大专3,2021-09-16 12:33:00,2021-10-16 12:33:00,2021-09-24 12:02:24
68648,2000029536,无羁,48,I247.58/195,0572629260,21装饰大专3,2021-09-16 12:33:00,2021-10-16 12:33:00,2021-09-29 13:07:33
68082,2000029649,破城,28,I247.59/215,0572859804,20园林大专,2021-09-16 12:34:00,2021-10-16 12:34:00,2021-09-17 11:49:00
68350,1100080399,不可说,39.8,B94/398,0572069292,21楼宇大专1,2021-09-16 12:36:00,2021-10-16 12:36:00,2021-09-26 11:20:28
68510,2000027362,斗破苍穹(27晋阶斗帝),28,I247.5/6185,2662179579,19楼宇大专1,2021-09-16 12:43:00,2021-10-16 12:43:00,2021-09-28 12:14:48
68102,2000034314,琴帝4,29.8,I247.59/225,2508119662,19市政大专,2021-09-16 12:46:00,2021-10-16 12:46:00,2021-09-17 12:43:13
622,2000016452,后宫如懿传,32.8,I247.5/6064,2662256171,19园林大专,2021-09-16 12:47:56,2021-10-16 12:47:56,未还
68093,2000023831,最后一头战象,30,I287.5/10,0572590588,21装饰大专4,2021-09-16 12:48:00,2021-10-16 12:48:00,2021-09-17 12:30:09
68528,2000029308,知否知否应是绿肥红瘦3,42,I247.57/4116,2507926494,19园林大专,2021-09-16 12:48:00,2021-10-16 12:48:00,2021-09-28 12:35:01
68184,2000010501,穿越人海拥抱你,38,I247.8/5129,0571677964,21装饰大专4,2021-09-16 12:49:00,2021-10-16 12:49:00,2021-09-22 13:02:52
68130,2000034261,帝皇书I上册,32,I247.57/4181,0571675660,20园林大专,2021-09-16 12:52:00,2021-10-16 12:52:00,2021-09-18 11:49:38
68104,2000038166,斗罗大陆第四部30,32,I247.59/270,1146981222,19市政大专,2021-09-16 12:54:00,2021-10-16 12:54:00,2021-09-17 12:43:25
68243,2000010306,诛仙大结局,32.8,I247.5/6024,0572423740,21楼宇大专1,2021-09-16 12:54:00,2021-10-16 12:54:00,2021-09-23 12:37:56
68242,2000011209,我所理解的世界,39.8,I267.1/2497,1148119590,20装饰大专1,2021-09-16 12:55:00,2021-10-16 12:55:00,2021-09-23 12:32:53
68993,2000018090,大秦帝国(全新修订版共11册),54.4,I247.5/6088,1252499122,19市政大专,2021-09-16 13:03:00,2021-10-16 13:03:00,2021-10-12 13:13:05
68450,2000033708,默读,48,I247.56/1214,1447643010,21房产大专,2021-09-16 13:05:00,2021-10-16 13:05:00,2021-09-27 12:59:34
68457,2000029738,我的世界很小，有你刚刚好,39.8,I247.81/30,0571684252,21房产大专,2021-09-16 13:05:00,2021-10-16 13:05:00,2021-09-27 13:00:30
68436,2000016668,那就不要说再见,36,I247.7/2064,0571675228,21楼宇大专1,2021-09-16 13:06:00,2021-10-16 13:06:00,2021-09-27 12:03:33
68162,2000036347,天下刀宗,56,I247.58/196,0571487148,21楼宇大专1,2021-09-16 13:07:00,2021-10-16 13:07:00,2021-09-22 12:15:36
68108,2000036462,镇墓兽.5.无字碑,48,I247.56/1220,1147591158,19市政大专,2021-09-16 13:10:00,2021-10-16 13:10:00,2021-09-17 13:05:21
68095,2000032510,非人哉,45,J228.2/279,0571449884,21鲁班实验,2021-09-16 13:11:00,2021-10-16 13:11:00,2021-09-17 12:30:22
68195,2000010567,一条狗,34,J228.4/14,0571630300,21鲁班实验,2021-09-16 13:12:00,2021-10-16 13:12:00,2021-09-22 16:00:50
68197,2000004527,纽约自然史博物馆谋杀案上册,29,I712.45/808,0647967472,20施工大专1,2021-09-16 13:12:00,2021-10-16 13:12:00,2021-09-22 16:01:46
68221,2000034313,琴帝4,29.8,I247.59/225,0615014768,20市政大专,2021-09-16 13:14:00,2021-10-16 13:14:00,2021-09-23 12:09:26
68127,2000034316,琴帝5,29.8,I247.59/226,1549488066,19装饰大专3,2021-09-16 13:15:00,2021-10-16 13:15:00,2021-09-18 09:43:30
68747,2000035474,雪国之劫,45,I313.45/375,2662063979,19装饰大专3,2021-09-16 13:15:00,2021-10-16 13:15:00,2021-10-08 13:04:13
68105,2000038105,斗罗大陆第四部1,32,I247.59/266,0575878124,19装饰大专3,2021-09-16 13:16:00,2021-10-16 13:16:00,2021-09-17 12:55:25
68519,2000031611,2018中国年度微型小说,48,I247.82/3,1146375878,19装饰大专3,2021-09-16 13:16:00,2021-10-16 13:16:00,2021-09-28 12:17:29
68680,2000035371,草莓,45,I247.5/6281,0572089948,21装饰大专4,2021-09-16 13:16:00,2021-10-16 13:16:00,2021-09-30 10:37:22
68215,2000029169,残次品上册,42.5,I247.55/25,2660452779,19装饰大专3,2021-09-16 13:17:00,2021-10-16 13:17:00,2021-09-23 12:02:10
68382,2000036976,龙族Ⅰ,43,I247.5/6324,2662238779,19装饰大专3,2021-09-16 13:17:00,2021-10-16 13:17:00,2021-09-26 12:21:01
68214,2000029293,致我们暖暖的小时光,29.8,I247.57/4113,1253340178,19装饰大专3,2021-09-16 13:18:00,2021-10-16 13:18:00,2021-09-23 12:02:05
68538,2000038155,斗罗大陆第四部27,32,I247.59/267,0571450172,21楼宇大专1,2021-09-16 13:22:00,2021-10-16 13:22:00,2021-09-28 13:07:09
68910,2000029581,我站在桥上看风景,36,I247.57/4127,0571543244,21市政大专,2021-09-16 13:26:00,2021-10-16 13:26:00,2021-10-11 13:18:33
1329,2000031868,我站在桥上看风景,36,I247.57/4127,2508621054,19造价大专2,2021-09-16 13:26:29,2021-10-16 13:26:29,未还
68402,2000027450,斗罗大陆第三部15,28,I247.59/193,1148177846,20市政大专,2021-09-16 13:28:00,2021-10-16 13:28:00,2021-09-26 13:06:00
68403,2000027449,斗罗大陆第三部14,28,I247.59/192,1146502630,20市政大专,2021-09-16 13:28:00,2021-10-16 13:28:00,2021-09-26 13:06:07
68427,1100091750,大秦王朝(1),29.5,K233/16,0614316032,20鲁班实验2,2021-09-16 15:57:00,2021-10-16 15:57:00,2021-09-26 16:10:46
68138,2000005635,琅琊榜（中）,25,I247.59/122,1146792726,20鲁班实验2,2021-09-16 16:02:00,2021-10-16 16:02:00,2021-09-18 12:20:47
68145,2000024075,诛仙肆,32.8,I247.5/6029,0572360924,21施工大专4,2021-09-16 16:03:00,2021-10-16 16:03:00,2021-09-18 13:28:36
68262,2000035401,秦岭迷藏,45,I247.56/1216,1147583718,19市政大专,2021-09-16 16:04:00,2021-10-16 16:04:00,2021-09-23 13:28:10
68267,2000027921,光之子1,40,I247.59/207,0572535628,21施工大专4,2021-09-16 16:08:00,2021-10-16 16:08:00,2021-09-23 16:01:21
68268,2000034312,琴帝3,29.8,I247.59/224,0572453116,21施工大专4,2021-09-16 16:08:00,2021-10-16 16:08:00,2021-09-23 16:01:27
68269,2000034308,琴帝1,29.8,I247.59/222,0571517868,21施工大专4,2021-09-16 16:08:00,2021-10-16 16:08:00,2021-09-23 16:01:32
68080,2000038107,斗罗大陆第四部3,32,I247.59/241,1148320230,20园林大专,2021-09-16 16:09:00,2021-10-16 16:09:00,2021-09-17 11:39:46
68226,2000026809,三体(Ⅱ黑暗森林)/中国科幻基石丛书,32,I247.5/5900,1147959830,20园林大专,2021-09-16 16:09:00,2021-10-16 16:09:00,2021-09-23 12:14:06
68417,2000013577,三体(Ⅱ黑暗森林)/中国科幻基石丛书,32,I247.5/5900,1146937926,20园林大专,2021-09-16 16:09:00,2021-10-16 16:09:00,2021-09-26 16:01:10
68198,2000028776,一本正经唐史1,48,I247.53/151,2507893838,20园林大专,2021-09-16 16:10:00,2021-10-16 16:10:00,2021-09-22 16:02:49
68248,2000014966,哈利·波特与被诅咒的孩子,69,I561.84/11,0572344012,21装饰大专4,2021-09-16 16:12:00,2021-10-16 16:12:00,2021-09-23 13:02:31
1209,2000036981,龙族Ⅱ,49,I247.5/6325,0572178044,21造价大专2,2021-09-16 16:12:49,2021-10-16 16:12:49,未还
68078,2000010311,诛仙,32.8,I247.5/6026,1146684118,21造价大专2,2021-09-16 16:13:00,2021-10-16 16:13:00,2021-09-17 09:42:30
68454,2000007487,何以笙箫默(7周年精装珍藏版),25,I247.5/5996,1448079282,21造价大专2,2021-09-16 16:13:00,2021-10-16 16:13:00,2021-09-27 13:00:08
68176,2000029185,我亦飘零久,39.8,I267.4/140,0572444220,20楼宇大专1,2021-09-16 16:16:00,2021-10-16 16:16:00,2021-09-22 12:38:03
68379,2000034090,若有诗词藏于心，岁月从不败美人,42,I25/10340,0571579948,19园林大专,2021-09-16 16:16:00,2021-10-16 16:16:00,2021-09-26 12:20:25
68118,2000006905,龙族（Ⅲ黑月之潮（下））,36.8,I247.5/5990,0572128924,21装饰大专4,2021-09-16 16:24:00,2021-10-16 16:24:00,2021-09-17 16:02:53
68180,2000036362,剑来 7：迢迢渡银汉,42,I247.58/203,0572128924,21装饰大专4,2021-09-16 16:24:00,2021-10-16 16:24:00,2021-09-22 12:43:45
68661,2000038178,龙族Ⅱ,49,I247.5/6325,0572149516,21装饰大专4,2021-09-16 16:24:00,2021-10-16 16:24:00,2021-09-30 08:49:12
68662,2000040616,蛟龙,46,I247.5/6360,0572082860,21装饰大专4,2021-09-16 16:24:00,2021-10-16 16:24:00,2021-09-30 08:49:18
68672,2000036977,龙族Ⅰ,43,I247.5/6324,0572128924,21装饰大专4,2021-09-16 16:24:00,2021-10-16 16:24:00,2021-09-30 10:35:58
68122,2000027546,有匪,35,I247.57/4038,0649609696,20楼宇大专1,2021-09-16 16:25:00,2021-10-16 16:25:00,2021-09-17 16:05:25
68409,2000005228,盗墓笔记(8大结局上),32.8,I247.5/5951,2661169979,19施工大专1,2021-09-16 16:25:00,2021-10-16 16:25:00,2021-09-26 13:26:31
68084,2000034309,琴帝2,29.8,I247.59/223,0572465660,21施工大专4,2021-09-16 16:29:00,2021-10-16 16:29:00,2021-09-17 11:57:00
68086,2000034323,琴帝9,29.8,I247.59/230,0571644988,21施工大专4,2021-09-16 16:29:00,2021-10-16 16:29:00,2021-09-17 11:57:16
68608,1000146538,左传·战国策,32.8,K225.04/6,0649729680,20楼宇大专1,2021-09-16 16:35:00,2021-10-16 16:35:00,2021-09-29 12:02:06
966,8000000793,漫画大王,0,J218,0571638748,21施工中专1,2021-09-17 00:00:00,2021-10-17 00:00:00,2021-09-23 12:23:00
978,8000002078,中国国家地理,0,K92,2662467259,19园林大专,2021-09-17 00:00:00,2021-10-17 00:00:00,2021-10-08 11:50:00
68181,2000034572,庆余年2,39,I247.5/6268,0572389212,21楼宇大专1,2021-09-17 11:41:00,2021-10-17 11:41:00,2021-09-22 12:43:50
68199,2000037845,斗罗大陆第四部5,32,I247.59/243,1148320230,20园林大专,2021-09-17 11:41:00,2021-10-17 11:41:00,2021-09-22 16:02:52
68200,2000037843,斗罗大陆第四部4,32,I247.59/242,0573953196,20园林大专,2021-09-17 11:42:00,2021-10-17 11:42:00,2021-09-22 16:02:55
68264,2000036980,龙族Ⅱ,49,I247.5/6325,0572512444,21装饰大专3,2021-09-17 11:43:00,2021-10-17 11:43:00,2021-09-23 15:58:58
68107,2000015100,"你好,旧时光漫画版1",35,J228.2/195,0648285568,20鲁班实验2,2021-09-17 12:00:00,2021-10-17 12:00:00,2021-09-17 13:03:37
68131,2000036077,雪国之劫,45,I313.45/375,0572859804,20园林大专,2021-09-17 12:00:00,2021-10-17 12:00:00,2021-09-18 11:49:40
69032,2000036352,剑来 2：忽为远行客,45,I247.58/198,0572178668,21楼宇大专1,2021-09-17 12:03:00,2021-10-17 12:03:00,2021-10-13 12:24:29
836,2000036350,剑来 1：少年起微末,40,I247.58/197,2661946219,19楼宇大专2,2021-09-17 12:06:52,2021-10-17 12:06:52,未还
69373,2000010282,哑舍贰,25,I247.5/6021,2661784907,19楼宇大专2,2021-09-17 12:07:00,2021-10-17 12:07:00,2021-10-19 13:18:47
68146,2000034328,琴帝11,29.8,I247.59/232,0572465660,21施工大专4,2021-09-17 12:11:00,2021-10-17 12:11:00,2021-09-18 13:28:39
68182,2000034326,琴帝10,29.8,I247.59/231,0571753244,21施工大专4,2021-09-17 12:11:00,2021-10-17 12:11:00,2021-09-22 12:51:47
68420,2000013580,三体,23,I247.5/5902,0572545948,21施工大专4,2021-09-17 12:12:00,2021-10-17 12:12:00,2021-09-26 16:01:20
68416,2000040143,冰菓2,25,J238.2/31,0571644988,21施工大专4,2021-09-17 12:13:00,2021-10-17 12:13:00,2021-09-26 16:01:06
68976,2000040490,切尔诺贝利,68,K511.35/1,0572598924,21施工大专1,2021-09-17 12:29:00,2021-10-17 12:29:00,2021-10-12 12:16:20
68185,2000023826,斑羚飞渡,36,I287.5/9,0572590588,21装饰大专4,2021-09-17 12:35:00,2021-10-17 12:35:00,2021-09-22 13:02:55
68186,2000023832,雪豹悲歌,36,I287.5/11,0572188236,21装饰大专4,2021-09-17 12:36:00,2021-10-17 12:36:00,2021-09-22 13:02:58
68210,2000021730,心,28,I313.45/312,2660338331,19装饰大专3,2021-09-17 12:45:00,2021-10-17 12:45:00,2021-09-23 11:56:35
68211,2000021746,情书(精),25,I313.45/314,2661507211,19装饰大专3,2021-09-17 12:45:00,2021-10-17 12:45:00,2021-09-23 11:56:40
68357,2000019435,流星之绊,45,I313.45/298,2508014030,19装饰大专3,2021-09-17 12:45:00,2021-10-17 12:45:00,2021-09-26 11:54:25
68190,2000034318,琴帝6,29.8,I247.59/227,2508119662,19市政大专,2021-09-17 12:47:00,2021-10-17 12:47:00,2021-09-22 13:18:54
68189,2000024941,49日,45,I247.57/4043,2508208990,19市政大专,2021-09-17 12:50:00,2021-10-17 12:50:00,2021-09-22 13:18:49
68217,2000027578,古董局中局1,45,I247.57/4089,1146981222,19市政大专,2021-09-17 12:50:00,2021-10-17 12:50:00,2021-09-23 12:04:18
68163,2000010277,哑舍伍,28,I247.5/6018,0649188816,20鲁班实验2,2021-09-17 12:53:00,2021-10-17 12:53:00,2021-09-22 12:15:42
68164,2000034307,琴帝1,29.8,I247.59/222,0647885344,20鲁班实验2,2021-09-17 12:53:00,2021-10-17 12:53:00,2021-09-22 12:15:47
68232,2000039274,2020中国年度科幻小说,52,I247.7/2171,0647885344,20鲁班实验2,2021-09-17 12:53:00,2021-10-17 12:53:00,2021-09-23 12:23:51
68872,2000023723,龙族（Ⅲ黑月之潮（下））,36.8,I247.5/6159,0647885344,20鲁班实验2,2021-09-17 12:53:00,2021-10-17 12:53:00,2021-10-11 12:34:48
68880,2000018816,一怒成仙下,34,I247.59/152,1147544742,20鲁班实验2,2021-09-17 12:53:00,2021-10-17 12:53:00,2021-10-11 12:37:23
68882,2000018813,一怒成仙上,34,I247.59/151,0648991632,20鲁班实验2,2021-09-17 12:53:00,2021-10-17 12:53:00,2021-10-11 12:37:35
68883,2000029706,龙族（Ⅲ黑月之潮（中））,29.8,I247.59/124,0647885344,20鲁班实验2,2021-09-17 12:53:00,2021-10-17 12:53:00,2021-10-11 12:37:43
68183,2000035326,一条草鱼,46.8,J228.2/296,0571725884,21鲁班实验,2021-09-17 12:57:00,2021-10-17 12:57:00,2021-09-22 12:53:32
68196,2000039571,重启,30,I247.7/2176,0572228604,21鲁班实验,2021-09-17 12:57:00,2021-10-17 12:57:00,2021-09-22 16:00:54
68144,2000034938,疯了!桂宝.23，乐星卷,45,J228.2/292,0572495036,21鲁班实验,2021-09-17 12:58:00,2021-10-17 12:58:00,2021-09-18 13:27:41
68158,1000144290,伊原达矢X角丸圆讲萌系美少女造型(日本漫画大师讲座4),37,J218.2/28,0571651820,21鲁班实验,2021-09-17 12:58:00,2021-10-17 12:58:00,2021-09-22 12:07:22
68160,2000010918,爱上动漫（表情与动作素描技法）,35,J214/298,0573362668,21鲁班实验,2021-09-17 12:58:00,2021-10-17 12:58:00,2021-09-22 12:07:35
68328,2000018995,康斯坦丁,99.8,J238.2/1,0571449884,21鲁班实验,2021-09-17 12:58:00,2021-10-17 12:58:00,2021-09-24 12:25:47
68139,2000038005,斗罗大陆第四部2,32,I247.59/265,0575878124,19装饰大专3,2021-09-17 13:01:00,2021-10-17 13:01:00,2021-09-18 12:33:36
68140,2000037840,斗罗大陆第四部3,32,I247.59/241,1147734422,19装饰大专3,2021-09-17 13:02:00,2021-10-17 13:02:00,2021-09-18 12:33:41
1350,2000029045,第三重人格,38,I247.57/4101,0574260156,19装饰大专3,2021-09-17 13:02:23,2021-10-17 13:02:23,未还
68117,2000015106,"你好,旧时光",38,J228.2/196,0648285568,20鲁班实验2,2021-09-17 13:04:00,2021-10-17 13:04:00,2021-09-17 16:00:06
68254,2000018093,大秦帝国(全新修订版共11册),54.4,I247.5/6090,0086179184,19市政大专,2021-09-17 13:06:00,2021-10-17 13:06:00,2021-09-23 13:12:45
68253,2000027487,卧底,39.9,I247.57/4086,1147591158,19市政大专,2021-09-17 13:08:00,2021-10-17 13:08:00,2021-09-23 13:12:36
68356,2000005638,琅琊榜（下）,25,I247.59/123,2661971835,19装饰大专3,2021-09-17 13:19:00,2021-10-17 13:19:00,2021-09-26 11:52:49
68222,2000027920,光之子1,40,I247.59/207,1147355558,20市政大专,2021-09-17 13:20:00,2021-10-17 13:20:00,2021-09-23 12:09:32
68683,2000029735,怪人们,35,I313.45/363,2662363643,19造价大专2,2021-09-17 13:20:00,2021-10-17 13:20:00,2021-10-08 11:38:14
68761,2000027462,斗罗大陆第三部28,29.8,I247.5/6188,1147442534,20市政大专,2021-09-17 13:20:00,2021-10-17 13:20:00,2021-10-08 13:20:12
68252,1000127309,超级漫画技法宝典,45,J218.2/8,0571605660,21楼宇大专2,2021-09-17 13:22:00,2021-10-17 13:22:00,2021-09-23 13:08:21
68397,2000037019,啊2.0,39.6,I247.7/2168,2660911691,19市政大专,2021-09-17 13:24:00,2021-10-17 13:24:00,2021-09-26 13:04:57
68651,2000038162,斗罗大陆第四部29,32,I247.59/269,2509183630,19市政大专,2021-09-17 13:24:00,2021-10-17 13:24:00,2021-09-29 13:15:29
68116,2000038161,斗罗大陆第四部29,32,I247.59/269,0648380128,19市政大专,2021-09-17 13:29:00,2021-10-17 13:29:00,2021-09-17 15:56:52
68258,2000038160,斗罗大陆第四部29,32,I247.59/269,2509078974,19市政大专,2021-09-17 16:01:00,2021-10-17 16:01:00,2021-09-23 13:26:11
68472,2000030797,2018中国年度短篇小说,48,Z89/94,2508810110,19市政大专,2021-09-17 16:01:00,2021-10-17 16:01:00,2021-09-27 13:22:48
68473,2000030791,2018中国年度中篇小说·下,46,Z89/91,2508810110,19市政大专,2021-09-17 16:01:00,2021-10-17 16:01:00,2021-09-27 13:22:56
68257,2000034338,琴帝16,29.8,I247.59/237,0648380128,19市政大专,2021-09-17 16:02:00,2021-10-17 16:02:00,2021-09-23 13:26:08
68128,2000026842,最好的我们（上）,27.5,I247.57/1255,0648285568,20鲁班实验2,2021-09-17 16:04:00,2021-10-17 16:04:00,2021-09-18 11:40:51
68225,2000027432,诛仙,32.8,I247.5/6026,0572128924,21装饰大专4,2021-09-17 16:06:00,2021-10-17 16:06:00,2021-09-23 12:12:42
68681,2000036450,魔术师,49.8,I247.5/6312,2662367003,19施工大专2,2021-09-17 16:06:00,2021-10-17 16:06:00,2021-09-30 10:45:04
68177,2000039564,海棠微雨共归途,49.8,I247.59/272,0649609696,20楼宇大专1,2021-09-17 16:08:00,2021-10-17 16:08:00,2021-09-22 12:38:16
68265,2000032512,非人哉,45,J228.2/280,1148329878,20楼宇大专1,2021-09-17 16:08:00,2021-10-17 16:08:00,2021-09-23 16:00:06
68482,2000038128,斗罗大陆第四部15,32,I247.59/253,2508751918,20楼宇大专1,2021-09-17 16:08:00,2021-10-17 16:08:00,2021-09-27 16:05:53
68156,2000038138,斗罗大陆第四部20,32,I247.59/258,2661860747,19施工大专3,2021-09-17 16:13:00,2021-10-17 16:13:00,2021-09-22 11:40:15
68421,2000014999,爵迹第一卷,34.8,I247.59/142,0571481564,21装饰大专4,2021-09-17 16:15:00,2021-10-17 16:15:00,2021-09-26 16:01:33
68422,2000039291,2020年中国悬疑小说精选,35,I247.7/2173,0572545244,21装饰大专4,2021-09-17 16:15:00,2021-10-17 16:15:00,2021-09-26 16:01:37
68282,2000035376,似锦.上册,28,I247.5/6282,2508989934,20施工大专4,2021-09-17 16:18:00,2021-10-17 16:18:00,2021-09-23 16:04:28
68283,2000029309,知否知否应是绿肥红瘦3,42,I247.57/4116,1148329638,20施工大专2,2021-09-17 16:18:00,2021-10-17 16:18:00,2021-09-23 16:04:31
68789,2000029565,催眠师手记,48,I247.7/2129,0575375180,21鲁班实验,2021-09-17 16:31:00,2021-10-17 16:31:00,2021-10-09 12:17:01
68234,2000040142,冰菓2,25,J238.2/31,0572593484,21施工中专1,2021-09-17 16:33:00,2021-10-17 16:33:00,2021-09-23 12:24:05
68750,2000016523,锦绣未央,25,I247.57/1314,0571675660,20园林大专,2021-09-18 11:53:00,2021-10-18 11:53:00,2021-10-08 13:06:48
68751,2000024882,福尔摩斯探案全集,32,I561.456/7,0572859804,20园林大专,2021-09-18 11:53:00,2021-10-18 11:53:00,2021-10-08 13:06:51
68169,2000034448,超新星纪元,38,I247.7/2157,0648285568,20鲁班实验2,2021-09-18 12:06:00,2021-10-18 12:06:00,2021-09-22 12:16:59
69113,2000036346,天下刀宗,56,I247.58/196,0572206252,20市政大专,2021-09-18 12:09:00,2021-10-18 12:09:00,2021-10-14 16:01:15
68157,2000005637,琅琊榜（下）,25,I247.59/123,1146792726,20鲁班实验2,2021-09-18 12:22:00,2021-10-18 12:22:00,2021-09-22 11:42:49
69535,2000029359,半小时漫画世界史,39.9,K109/1737,0615838096,20造价大专1,2021-09-18 12:26:00,2021-10-18 12:26:00,2021-10-20 12:23:19
68249,2000037844,斗罗大陆第四部5,32,I247.59/243,1147734422,19装饰大专3,2021-09-18 12:35:00,2021-10-18 12:35:00,2021-09-23 13:03:18
68250,2000038109,斗罗大陆第四部4,32,I247.59/242,0575878124,19装饰大专3,2021-09-18 12:35:00,2021-10-18 12:35:00,2021-09-23 13:03:24
68229,2000024077,诛仙伍,32.8,I247.5/6025,0572360924,21施工大专4,2021-09-18 13:30:00,2021-10-18 13:30:00,2021-09-23 12:15:25
68208,2000010312,诛仙贰,32.8,I247.5/6027,1146684118,21造价大专2,2021-09-22 11:39:00,2021-10-22 11:39:00,2021-09-23 08:53:11
68492,2000034570,庆余年1,39,I247.5/6267,1146792726,20鲁班实验2,2021-09-22 11:44:00,2021-10-22 11:44:00,2021-09-28 11:30:59
68255,2000037877,斗罗大陆第四部21,32,I247.59/259,2661860747,19施工大专3,2021-09-22 11:49:00,2021-10-22 11:49:00,2021-09-23 13:25:12
68479,2000021997,许三观卖血记,29,I247.57/4010,2508880974,19施工大专3,2021-09-22 11:49:00,2021-10-22 11:49:00,2021-09-27 16:02:51
68327,2000018996,康斯坦丁,99.8,J238.2/1,0572495036,21鲁班实验,2021-09-22 12:04:00,2021-10-22 12:04:00,2021-09-24 12:25:42
68462,2000029275,青镜,44,I247.57/4112,0571865708,21楼宇大专1,2021-09-22 12:13:00,2021-10-22 12:13:00,2021-09-27 13:07:53
68231,2000034309,琴帝2,29.8,I247.59/223,0649188816,20鲁班实验2,2021-09-22 12:24:00,2021-10-22 12:24:00,2021-09-23 12:23:46
68620,2000038240,盗墓笔记(1),45,I247.5/6336,0647885344,20鲁班实验2,2021-09-22 12:24:00,2021-10-22 12:24:00,2021-09-29 12:12:46
68621,2000038242,盗墓笔记(2),45,I247.5/6337,0647885344,20鲁班实验2,2021-09-22 12:24:00,2021-10-22 12:24:00,2021-09-29 12:12:51
68622,2000038245,盗墓笔记(3),45,I247.5/6338,0647885344,20鲁班实验2,2021-09-22 12:24:00,2021-10-22 12:24:00,2021-09-29 12:12:56
68894,2000027437,斗罗大陆第三部2,28,I247.59/182,0647885344,20鲁班实验2,2021-09-22 12:24:00,2021-10-22 12:24:00,2021-10-11 12:50:43
554,2000022219,王道剑之二,32.25,I247.58/192,2508387806,19施工大专3,2021-09-22 12:31:22,2021-10-22 12:31:22,未还
68219,2000010311,诛仙,32.8,I247.5/6026,1548291282,19施工大专3,2021-09-22 12:32:00,2021-10-22 12:32:00,2021-09-23 12:05:26
68321,2000025459,球状闪电,25,I247.55/17,0648285568,20鲁班实验2,2021-09-22 12:32:00,2021-10-22 12:32:00,2021-09-24 12:00:06
68530,2000036915,疯了!桂宝.24,45,J228.2/308,2508276398,19施工大专3,2021-09-22 12:32:00,2021-10-22 12:32:00,2021-09-28 12:35:41
839,2000036232,"你好,小可爱",49.8,I287.7/40,0647708864,20装饰大专1,2021-09-22 12:35:31,2021-10-22 12:35:31,未还
870,2000032646,固体海洋,39.8,I247.55/34,0647708864,20装饰大专1,2021-09-22 12:35:37,2021-10-22 12:35:37,未还
886,2000037295,电磁幽灵事件,25,I287.7/47,0647708864,20装饰大专1,2021-09-22 12:35:44,2021-10-22 12:35:44,未还
891,2000036965,破云,49.8,I247.56/1221,0647708864,20装饰大专1,2021-09-22 12:35:49,2021-10-22 12:35:49,未还
1050,2000021358,天意,40,I561.45/345,0647708864,20装饰大专1,2021-09-22 12:35:53,2021-10-22 12:35:53,未还
1051,2000036496,灯塔男孩,45,I551.45/7,0647708864,20装饰大专1,2021-09-22 12:35:58,2021-10-22 12:35:58,未还
1053,2000004461,你若安好便是晴天(林徽因传),28,I25/10281,0647708864,20装饰大专1,2021-09-22 12:36:07,2021-10-22 12:36:07,未还
1057,2000029328,舟而复始,38,I247.57/4121,0647708864,20装饰大专1,2021-09-22 12:36:14,2021-10-22 12:36:14,未还
1064,2000035345,少女侦探事件簿.1,34.9,I247.57/4199,0647708864,20装饰大专1,2021-09-22 12:36:21,2021-10-22 12:36:21,未还
69066,2000021781,伊豆的舞女,35,I313.45/317,1148178374,20楼宇大专2,2021-09-22 12:39:00,2021-10-22 12:39:00,2021-10-14 11:57:26
68368,2000037262,背包二十年,48,I267.4/149,0572444220,20楼宇大专1,2021-09-22 12:45:00,2021-10-22 12:45:00,2021-09-26 12:06:26
68441,2000029044,第三重人格,38,I247.57/4101,0649609696,20楼宇大专1,2021-09-22 12:45:00,2021-10-22 12:45:00,2021-09-27 12:06:51
68349,2000036879,庆余年3,39,I247.5/6321,0572389212,21楼宇大专1,2021-09-22 12:46:00,2021-10-22 12:46:00,2021-09-26 11:20:23
68245,2000016873,我们·上,24.9,I247.5/6076,0572128924,21装饰大专4,2021-09-22 12:47:00,2021-10-22 12:47:00,2021-09-23 12:59:36
68387,2000024072,诛仙叁,32.8,I247.5/6028,0572128924,21装饰大专4,2021-09-22 12:47:00,2021-10-22 12:47:00,2021-09-26 12:31:31
68388,2000024071,诛仙贰,32.8,I247.5/6027,0572128924,21装饰大专4,2021-09-22 12:47:00,2021-10-22 12:47:00,2021-09-26 12:31:38
68227,2000034332,琴帝13,29.8,I247.59/234,0572465660,21施工大专4,2021-09-22 12:54:00,2021-10-22 12:54:00,2021-09-23 12:15:08
68228,2000034329,琴帝12,29.8,I247.59/233,0571753244,21施工大专4,2021-09-22 12:54:00,2021-10-22 12:54:00,2021-09-23 12:15:15
68456,2000027579,古董局中局1,45,I247.57/4089,0571866108,21施工大专4,2021-09-22 12:54:00,2021-10-22 12:54:00,2021-09-27 13:00:24
69009,2000034321,琴帝8,29.8,I247.59/229,0572131132,21施工大专4,2021-09-22 12:54:00,2021-10-22 12:54:00,2021-10-12 16:00:31
69010,2000034320,琴帝7,29.8,I247.59/228,0572558828,21施工大专4,2021-09-22 12:54:00,2021-10-22 12:54:00,2021-10-12 16:00:33
68370,1200020308,CSI犯罪现场调查,36,D918/15,0571633164,21鲁班实验,2021-09-22 12:55:00,2021-10-22 12:55:00,2021-09-26 12:08:08
68220,2000020908,星际争霸,39.8,I247.57/3972,0572188236,21装饰大专4,2021-09-22 13:09:00,2021-10-22 13:09:00,2021-09-23 12:09:16
68223,1100042038,刑警队,20,I247.5/1865,0571677964,21装饰大专4,2021-09-22 13:09:00,2021-10-22 13:09:00,2021-09-23 12:09:38
68224,2000023823,第七条猎狗,36,I287.47/18,0572590588,21装饰大专4,2021-09-22 13:09:00,2021-10-22 13:09:00,2021-09-23 12:09:47
68393,2000006664,倚天屠龙记（一）,27,I247.5/5977,0571487148,21楼宇大专1,2021-09-22 13:14:00,2021-10-22 13:14:00,2021-09-26 13:00:48
68432,2000017135,暗恋·橘生淮南下,29,I247.57/1301,2662662187,19造价大专1,2021-09-22 13:21:00,2021-10-22 13:21:00,2021-09-27 09:44:39
68714,2000028956,斗罗大陆第三部21,26,I247.59/210,0614880336,19市政大专,2021-09-22 13:21:00,2021-10-22 13:21:00,2021-10-08 12:17:11
68216,2000034319,琴帝7,29.8,I247.59/228,2508119662,19市政大专,2021-09-22 13:22:00,2021-10-22 13:22:00,2021-09-23 12:04:13
68218,2000034339,宇宙钟摆Ⅰ末日胡同,32.8,I247.55/42,2508208990,19市政大专,2021-09-22 13:22:00,2021-10-22 13:22:00,2021-09-23 12:04:23
68439,2000039572,重启,30,I247.7/2176,0575638060,19施工大专3,2021-09-22 13:24:00,2021-10-22 13:24:00,2021-09-27 12:04:23
68266,2000032511,非人哉,45,J228.2/280,0571630300,21鲁班实验,2021-09-22 16:04:00,2021-10-22 16:04:00,2021-09-23 16:00:56
68285,2000030552,活着,35,I247.5/6203,2508511854,20装饰大专2,2021-09-22 16:06:00,2021-10-22 16:06:00,2021-09-23 16:08:31
533,2000024593,莎士比亚悲剧喜剧全集悲剧2,60,I561.33/387,1148533206,20装饰大专2,2021-09-22 16:06:29,2021-10-22 16:06:29,未还
68284,2000018907,Y的悲剧,35,I712.45/895,0647967472,20施工大专1,2021-09-22 16:07:00,2021-10-22 16:07:00,2021-09-23 16:05:54
68239,2000038113,斗罗大陆第四部6,32,I247.59/244,1148320230,20园林大专,2021-09-22 16:10:00,2021-10-22 16:10:00,2021-09-23 12:29:24
68240,2000021992,鲜血梅花,19,I247.7/2111,2507893838,20园林大专,2021-09-22 16:10:00,2021-10-22 16:10:00,2021-09-23 12:30:07
967,8000002211,知音漫客,0,J218,0571638748,21施工中专1,2021-09-23 00:00:00,2021-10-23 00:00:00,2021-09-26 15:59:00
68369,2000032639,江宁探案录,45,I247.56/1210,2660615259,19园林大专,2021-09-23 12:02:00,2021-10-23 12:02:00,2021-09-26 12:07:17
69003,2000038105,斗罗大陆第四部1,32,I247.59/266,1147719494,20园林大专,2021-09-23 12:04:00,2021-10-23 12:04:00,2021-10-12 15:58:55
68515,2000022001,在细雨中呼喊,29,I247.57/4011,2661711451,19装饰大专3,2021-09-23 12:05:00,2021-10-23 12:05:00,2021-09-28 12:17:02
68641,2000036449,魔术师,49.8,I247.5/6312,2660979355,19装饰大专3,2021-09-23 12:05:00,2021-10-23 12:05:00,2021-09-29 12:51:58
68365,2000007476,步步惊心(新版上),28,I247.5/5994,2661212955,19装饰大专3,2021-09-23 12:06:00,2021-10-23 12:06:00,2021-09-26 11:59:08
68513,2000035475,梦幻花,46.8,I313.45/376,2660338331,19装饰大专3,2021-09-23 12:06:00,2021-10-23 12:06:00,2021-09-28 12:16:43
68520,2000036077,雪国之劫,45,I313.45/375,2661507211,19装饰大专3,2021-09-23 12:06:00,2021-10-23 12:06:00,2021-09-28 12:17:33
68395,2000034341,宇宙钟摆Ⅱ量子幽灵,36.8,I247.55/43,2508208990,19市政大专,2021-09-23 12:08:00,2021-10-23 12:08:00,2021-09-26 13:04:44
68396,2000027581,古董局中局2,45,I247.57/4090,1146981222,19市政大专,2021-09-23 12:08:00,2021-10-23 12:08:00,2021-09-26 13:04:52
68398,2000034322,琴帝8,29.8,I247.59/229,2508119662,19市政大专,2021-09-23 12:08:00,2021-10-23 12:08:00,2021-09-26 13:05:10
1108,2000010568,锦绣未央1,25,I247.57/1281,1146746598,20装饰大专1,2021-09-23 12:08:42,2021-10-23 12:08:42,未还
68364,2000024070,诛仙贰,32.8,I247.5/6027,1548291282,19施工大专3,2021-09-23 12:09:00,2021-10-23 12:09:00,2021-09-26 11:57:31
68901,2000036968,破云Ⅱ,49.8,I247.56/1222,0649429056,20装饰大专1,2021-09-23 12:09:00,2021-10-23 12:09:00,2021-10-11 12:59:33
68470,2000034316,琴帝5,29.8,I247.59/226,1147355558,20市政大专,2021-09-23 12:10:00,2021-10-23 12:10:00,2021-09-27 13:20:07
68598,2000012392,王国维文存,86,C52/8,0649729680,20楼宇大专1,2021-09-23 12:11:00,2021-10-23 12:11:00,2021-09-29 12:01:00
68394,2000005242,盗墓笔记(1),32.8,I247.5/5958,0571677964,21装饰大专4,2021-09-23 12:12:00,2021-10-23 12:12:00,2021-09-26 13:03:19
68674,2000030549,活着,35,I247.5/6203,0572188236,21装饰大专4,2021-09-23 12:12:00,2021-10-23 12:12:00,2021-09-30 10:36:43
68676,2000023824,再被狐狸骗一次,36,I287.47/19,0572590588,21装饰大专4,2021-09-23 12:12:00,2021-10-23 12:12:00,2021-09-30 10:36:55
68477,2000013575,三体(Ⅲ死神永生)/中国科幻基石丛书,38,I247.5/5899,1147959830,20园林大专,2021-09-23 12:14:00,2021-10-23 12:14:00,2021-09-27 16:00:27
68832,2000011079,说服心理学,35,H019/70,0571977884,21古建大专,2021-09-23 12:15:00,2021-10-23 12:15:00,2021-10-11 12:18:41
68418,2000034334,琴帝14,29.8,I247.59/235,0571753244,21施工大专4,2021-09-23 12:16:00,2021-10-23 12:16:00,2021-09-26 16:01:13
69316,2000040617,蛟龙,46,I247.5/6360,2660895195,19装饰大专3,2021-09-23 12:16:00,2021-10-23 12:16:00,2021-10-19 12:13:43
68411,2000010307,诛仙大结局,32.8,I247.5/6024,0572360924,21施工大专4,2021-09-23 12:17:00,2021-10-23 12:17:00,2021-09-26 16:00:23
68419,2000034335,琴帝15,29.8,I247.59/236,0572465660,21施工大专4,2021-09-23 12:17:00,2021-10-23 12:17:00,2021-09-26 16:01:16
68381,2000025559,云边有个小卖部,42,I247.57/4056,1148333974,19园林大专,2021-09-23 12:20:00,2021-10-23 12:20:00,2021-09-26 12:20:48
68497,2000018084,大秦帝国(全新修订版共11册),54.4,I247.5/6093,2660684347,19市政大专,2021-09-23 12:23:00,2021-10-23 12:23:00,2021-09-28 12:00:12
68526,2000034314,琴帝4,29.8,I247.59/225,0647885344,20鲁班实验2,2021-09-23 12:29:00,2021-10-23 12:29:00,2021-09-28 12:33:36
68527,2000034311,琴帝3,29.8,I247.59/224,0649188816,20鲁班实验2,2021-09-23 12:29:00,2021-10-23 12:29:00,2021-09-28 12:33:45
68539,2000034317,琴帝6,29.8,I247.59/227,0615014768,20市政大专,2021-09-23 12:34:00,2021-10-23 12:34:00,2021-09-28 13:07:53
68389,2000025734,慈悲与玫瑰,59,I267.1/2567,1148119590,20装饰大专1,2021-09-23 12:38:00,2021-10-23 12:38:00,2021-09-26 12:47:04
68353,2000037849,斗罗大陆第四部7,32,I247.59/245,1148320230,20园林大专,2021-09-23 12:46:00,2021-10-23 12:46:00,2021-09-26 11:47:56
68354,2000007490,吞噬地球,32.8,I247.7/2023,2507893838,20园林大专,2021-09-23 12:46:00,2021-10-23 12:46:00,2021-09-26 11:48:02
904,2000040402,中国建筑的特征,32,TU-092.2/100,2508001662,19施工大专1,2021-09-23 12:47:43,2021-10-23 12:47:43,未还
957,2000040156,赘婿.1.江宁晨风,39.8,I247.59/273,1148546518,19施工大专1,2021-09-23 12:48:00,2021-10-23 12:48:00,未还
68461,2000007387,2015年中国侦探推理小说精选,39,I247.7/2019,0572423740,21楼宇大专1,2021-09-23 12:49:00,2021-10-23 12:49:00,2021-09-27 13:07:21
69203,2000035431,将进酒.下,34,I247.5/6287,2662673115,19造价大专2,2021-09-23 12:50:00,2021-10-23 12:50:00,2021-10-18 12:21:14
68366,2000032513,非人哉,49.8,J228.2/281,0572195644,21鲁班实验,2021-09-23 13:03:00,2021-10-23 13:03:00,2021-09-26 12:04:44
68711,2000005699,精短开场白与结束语,50,H019/69,0571756076,21古建大专,2021-09-23 13:04:00,2021-10-23 13:04:00,2021-10-08 12:06:07
68332,2000037848,斗罗大陆第四部7,32,I247.59/245,1147734422,19装饰大专3,2021-09-23 13:05:00,2021-10-23 13:05:00,2021-09-24 12:36:47
68333,2000038112,斗罗大陆第四部6,32,I247.59/244,0575878124,19装饰大专3,2021-09-23 13:05:00,2021-10-23 13:05:00,2021-09-24 12:36:51
68535,2000006873,刺客信条 启示录,39,I561.45/282,2508738622,19装饰大专3,2021-09-23 13:06:00,2021-10-23 13:06:00,2021-09-28 13:06:24
68670,2000034210,蜜汁炖鱿鱼,45,I247.57/4173,0572171884,21装饰大专4,2021-09-23 13:08:00,2021-10-23 13:08:00,2021-09-30 10:35:48
68671,2000034190,我的妄想症男友,39.8,I247.57/4170,0571853356,21装饰大专4,2021-09-23 13:08:00,2021-10-23 13:08:00,2021-09-30 10:35:52
68678,2000024090,哈利·波特与“混血王子”,92,I561.84/19,0572344012,21装饰大专4,2021-09-23 13:08:00,2021-10-23 13:08:00,2021-09-30 10:37:03
68383,2000034323,琴帝9,29.8,I247.59/230,1549488066,19装饰大专3,2021-09-23 13:10:00,2021-10-23 13:10:00,2021-09-26 12:21:21
68372,2000034307,琴帝1,29.8,I247.59/222,0622044444,19装饰大专3,2021-09-23 13:12:00,2021-10-23 13:12:00,2021-09-26 12:10:16
68692,2000035622,听雷,49.8,I247.5/6295,2662061163,19园林大专,2021-09-23 13:12:00,2021-10-23 13:12:00,2021-10-08 11:57:55
68331,2000014896,暗恋·橘生淮南上,29,I247.57/1300,1253340178,19装饰大专3,2021-09-23 13:15:00,2021-10-23 13:15:00,2021-09-24 12:36:44
68355,2000027939,残次品,42.5,I247.55/20,2660452779,19装饰大专3,2021-09-23 13:15:00,2021-10-23 13:15:00,2021-09-26 11:52:31
68630,2000018085,大秦帝国(全新修订版共11册),54.4,I247.5/6094,0086179184,19市政大专,2021-09-23 13:15:00,2021-10-23 13:15:00,2021-09-29 12:28:21
68741,2000024951,西夏死书1,38,I247.57/4044,1147591158,19市政大专,2021-09-23 13:16:00,2021-10-23 13:16:00,2021-10-08 12:57:35
1342,2000011727,草本植物识别图鉴,69.8,Q949.4/1,1148688214,20施工大专2,2021-09-23 13:16:07,2021-10-23 13:16:07,未还
68406,2000013701,三毛流浪记(彩色版张乐平连环漫画全集)/译林世界连环画漫画经典大系,28,J228.2/174,0571605660,21楼宇大专2,2021-09-23 13:17:00,2021-10-23 13:17:00,2021-09-26 13:11:13
68405,2000037878,斗罗大陆第四部22,32,I247.59/260,2661860747,19施工大专3,2021-09-23 13:26:00,2021-10-23 13:26:00,2021-09-26 13:10:46
68407,2000036354,剑来 3：清梦压星河,42,I247.58/199,1146546726,19市政大专,2021-09-23 13:28:00,2021-10-23 13:28:00,2021-09-26 13:14:05
118,2000040491,切尔诺贝利,68,K511.35/1,0572766748,21楼宇大专1,2021-09-23 13:28:28,2021-10-23 13:28:28,未还
68471,2000038164,斗罗大陆第四部30,32,I247.59/270,2509078974,19市政大专,2021-09-23 13:29:00,2021-10-23 13:29:00,2021-09-27 13:22:42
68474,2000027446,斗罗大陆第三部11,28,I247.59/191,0648380128,19市政大专,2021-09-23 13:29:00,2021-10-23 13:29:00,2021-09-27 13:23:00
68533,2000036574,迷航昆仑墟,39.8,I247.59/144,2508376974,19市政大专,2021-09-23 13:30:00,2021-10-23 13:30:00,2021-09-28 12:56:34
68330,2000032516,非人哉,49.8,J228.2/282,0571630300,21鲁班实验,2021-09-23 16:02:00,2021-10-23 16:02:00,2021-09-24 12:32:32
68481,2000032515,非人哉,49.8,J228.2/282,1148329878,20楼宇大专1,2021-09-23 16:05:00,2021-10-23 16:05:00,2021-09-27 16:04:39
68507,2000006908,龙族(Ⅲ黑月之潮（上）),29.8,I247.5/5991,0572512444,21装饰大专3,2021-09-23 16:05:00,2021-10-23 16:05:00,2021-09-28 12:11:28
325,2000040129,九型人格,68,B848/801,0571628764,21古建大专,2021-09-23 16:05:47,2021-10-23 16:05:47,未还
68506,2000006906,龙族（Ⅲ黑月之潮（中））,29.8,I247.59/124,0571865388,21装饰大专3,2021-09-23 16:06:00,2021-10-23 16:06:00,2021-09-28 12:11:21
324,2000014790,茶花女,28,I565.44/486,2508511854,20装饰大专2,2021-09-23 16:08:50,2021-10-23 16:08:50,未还
450,2000040157,赘婿.1.江宁晨风,39.8,I247.59/273,1147541030,20楼宇大专2,2021-09-23 16:09:51,2021-10-23 16:09:51,未还
68361,2000034266,帝皇书I下册,33,I247.57/4183,1147541030,20楼宇大专2,2021-09-23 16:10:00,2021-10-23 16:10:00,2021-09-26 11:57:08
68362,2000034264,帝皇书I中册,33,I247.57/4182,1147541030,20楼宇大专2,2021-09-23 16:10:00,2021-10-23 16:10:00,2021-09-26 11:57:15
68363,2000034262,帝皇书I上册,32,I247.57/4181,1147541030,20楼宇大专2,2021-09-23 16:10:00,2021-10-23 16:10:00,2021-09-26 11:57:22
68425,2000034261,帝皇书I上册,32,I247.57/4181,1148329638,20施工大专2,2021-09-23 16:10:00,2021-10-23 16:10:00,2021-09-26 16:05:51
68940,2000040161,赘婿.3.山雨欲来,39.8,I247.59/275,1147541030,20楼宇大专2,2021-09-23 16:10:00,2021-10-23 16:10:00,2021-10-11 16:03:08
68941,2000040163,赘婿.4.暮色白莲,39.8,I247.59/276,1147541030,20楼宇大专2,2021-09-23 16:10:00,2021-10-23 16:10:00,2021-10-11 16:03:11
68945,2000040159,赘婿.2.心如猛虎,39.8,I247.59/274,1147541030,20楼宇大专2,2021-09-23 16:10:00,2021-10-23 16:10:00,2021-10-11 16:03:44
68946,2000040165,赘婿.5.龙蛇起陆,39.8,I247.59/277,1147541030,20楼宇大专2,2021-09-23 16:10:00,2021-10-23 16:10:00,2021-10-11 16:03:48
68424,2000035377,似锦.中册,28,I247.5/6283,2508989934,20施工大专4,2021-09-23 16:11:00,2021-10-23 16:11:00,2021-09-26 16:05:47
69179,2000024082,哈利·波特与密室,92,I561.84/15,0571512396,21房产大专,2021-09-23 16:14:00,2021-10-23 16:14:00,2021-10-18 08:52:53
69016,2000030310,最后一役,68,E195.2/10,0572535628,21施工大专4,2021-09-23 16:15:00,2021-10-23 16:15:00,2021-10-12 16:02:09
1043,1100090339,羊脂球,19.8,I565.44/454,0571642620,21施工大专4,2021-09-23 16:15:29,2021-10-23 16:15:29,未还
68657,2000024046,盗墓笔记(6),32.8,I247.5/5953,0571517868,21施工大专4,2021-09-23 16:16:00,2021-10-23 16:16:00,2021-09-29 16:02:34
69006,2000032651,佛系,39.8,I313.65/25,0571986620,21施工大专4,2021-09-23 16:16:00,2021-10-23 16:16:00,2021-10-12 16:00:23
69015,2000034319,琴帝7,29.8,I247.59/228,0572453116,21施工大专4,2021-09-23 16:16:00,2021-10-23 16:16:00,2021-10-12 16:02:06
68413,2000018764,X的悲剧,36,I712.45/892,0647967472,20施工大专1,2021-09-23 16:19:00,2021-10-23 16:19:00,2021-09-26 16:00:38
68326,2000024076,诛仙伍,32.8,I247.5/6025,0571465436,21装饰大专4,2021-09-23 16:34:00,2021-10-23 16:34:00,2021-09-24 12:20:37
79,2000024254,清明上河图密码,49.9,I247.56/1189,2662461675,19楼宇大专1,2021-09-24 11:52:27,2021-10-24 11:52:27,未还
226,2000035983,宇宙钟摆.Ⅲ,36.8,I247.55/45,2662461675,19楼宇大专1,2021-09-24 11:52:44,2021-10-24 11:52:44,未还
251,2000034340,宇宙钟摆Ⅰ末日胡同,32.8,I247.55/42,2662461675,19楼宇大专1,2021-09-24 11:52:49,2021-10-24 11:52:49,未还
69187,2000034342,宇宙钟摆Ⅱ量子幽灵,36.8,I247.55/43,2662461675,19楼宇大专1,2021-09-24 11:53:00,2021-10-24 11:53:00,2021-10-18 11:55:44
253,2000038213,清明上河图密码5,64.9,I247.56/1225,2662461675,19楼宇大专1,2021-09-24 11:53:01,2021-10-24 11:53:01,未还
254,2000009572,清明上河图密码2,49.9,I247.56/1188,2662461675,19楼宇大专1,2021-09-24 11:53:07,2021-10-24 11:53:07,未还
300,2000038209,清明上河图密码4,58,I247.56/1224,2662461675,19楼宇大专1,2021-09-24 11:53:15,2021-10-24 11:53:15,未还
406,2000038218,清明上河图密码6,69.9,I247.56/1226,2662461675,19楼宇大专1,2021-09-24 11:53:30,2021-10-24 11:53:30,未还
447,2000036967,破云Ⅱ,49.8,I247.56/1222,2662461675,19楼宇大专1,2021-09-24 11:53:46,2021-10-24 11:53:46,未还
531,2000024258,清明上河图密码3,56,I247.56/1187,2662461675,19楼宇大专1,2021-09-24 11:53:56,2021-10-24 11:53:56,未还
536,2000040677,破云.大结局,49.8,I247.56/1229,2662461675,19楼宇大专1,2021-09-24 11:54:10,2021-10-24 11:54:10,未还
537,2000036966,破云,49.8,I247.56/1221,2662461675,19楼宇大专1,2021-09-24 11:54:19,2021-10-24 11:54:19,未还
540,2000034686,超人：钢铁之躯,49.8,H319.4/1168,2662461675,19楼宇大专1,2021-09-24 11:56:44,2021-10-24 11:56:44,未还
558,2000034697,银河护卫队,45,H319.4/1174,2662461675,19楼宇大专1,2021-09-24 11:56:52,2021-10-24 11:56:52,未还
69188,2000034696,星际穿越,49.8,H319.4/1173,2662461675,19楼宇大专1,2021-09-24 11:57:00,2021-10-24 11:57:00,2021-10-18 11:55:50
69190,2000034689,蝙蝠侠：黑暗骑士崛起,49.8,H319.4/1170,2662461675,19楼宇大专1,2021-09-24 11:57:00,2021-10-24 11:57:00,2021-10-18 11:55:53
69191,2000040790,海王,45,H319.4/1180,2662461675,19楼宇大专1,2021-09-24 11:57:00,2021-10-24 11:57:00,2021-10-18 11:55:55
69256,2000034700,蚁人,45,H319.4/1175,2662461675,19楼宇大专1,2021-09-24 11:57:00,2021-10-24 11:57:00,2021-10-18 16:22:42
69257,2000028938,黑豹,35,H319.4/1159,2662461675,19楼宇大专1,2021-09-24 11:57:00,2021-10-24 11:57:00,2021-10-18 16:22:46
561,2000035126,奇异博士,45,H319.4/1179,2662461675,19楼宇大专1,2021-09-24 11:57:02,2021-10-24 11:57:02,未还
562,2000034694,复仇者联盟3,45,H319.4/1172,2662461675,19楼宇大专1,2021-09-24 11:57:05,2021-10-24 11:57:05,未还
564,2000034691,复仇者联盟1,45,H319.4/1171,2662461675,19楼宇大专1,2021-09-24 11:57:10,2021-10-24 11:57:10,未还
566,2000034688,蜘蛛侠,45,H319.4/1169,2662461675,19楼宇大专1,2021-09-24 11:57:24,2021-10-24 11:57:24,未还
569,2000034684,美国队长1,45,H319.4/1167,2662461675,19楼宇大专1,2021-09-24 11:57:27,2021-10-24 11:57:27,未还
571,2000034681,复仇者联盟2,45,H319.4/1166,2662461675,19楼宇大专1,2021-09-24 11:57:30,2021-10-24 11:57:30,未还
573,2000034679,雷神,45,H319.4/1165,2662461675,19楼宇大专1,2021-09-24 11:57:33,2021-10-24 11:57:33,未还
576,2000034677,银河护卫队2,45,H319.4/1164,2662461675,19楼宇大专1,2021-09-24 11:57:35,2021-10-24 11:57:35,未还
69189,2000034676,神奇女侠,49.8,H319.4/1163,2662461675,19楼宇大专1,2021-09-24 11:58:00,2021-10-24 11:58:00,2021-10-18 11:55:52
68826,2000000104,三体,23,I247.5/5902,2662631035,19楼宇大专1,2021-09-24 12:03:00,2021-10-24 12:03:00,2021-10-11 11:52:12
68827,2000013578,三体(Ⅱ黑暗森林)/中国科幻基石丛书,32,I247.5/5900,2662461675,19楼宇大专1,2021-09-24 12:03:00,2021-10-24 12:03:00,2021-10-11 11:52:20
614,2000040783,罪与罚,79.9,I512.44/110,0573362668,21鲁班实验,2021-09-24 12:17:56,2021-10-24 12:17:56,未还
68566,2000029169,残次品上册,42.5,I247.55/25,0648285568,20鲁班实验2,2021-09-24 12:18:00,2021-10-24 12:18:00,2021-09-29 11:58:05
68386,2000024078,诛仙大结局,32.8,I247.5/6024,0571465436,21装饰大专4,2021-09-24 12:23:00,2021-10-24 12:23:00,2021-09-26 12:31:23
68780,2000024075,诛仙肆,32.8,I247.5/6029,0572379596,21装饰大专4,2021-09-24 12:23:00,2021-10-24 12:23:00,2021-10-08 16:05:39
68385,2000037850,斗罗大陆第四部8,32,I247.59/246,0575878124,19装饰大专3,2021-09-24 12:37:00,2021-10-24 12:37:00,2021-09-26 12:27:05
68453,1100094235,浮城,36,I247.57/1185,1147633286,19施工大专1,2021-09-24 12:37:00,2021-10-24 12:37:00,2021-09-27 13:00:03
68384,2000037853,斗罗大陆第四部9,32,I247.59/247,1147734422,19装饰大专3,2021-09-24 12:38:00,2021-10-24 12:38:00,2021-09-26 12:27:00
69375,2000021636,我是猫,39.8,I313.44/2,1146684118,21造价大专2,2021-09-24 14:06:00,2021-10-24 14:06:00,2021-10-19 15:04:39
1087,8000001162,国家人文历史,0,K,0572351292,21房产大专,2021-09-26 00:00:00,2021-10-26 00:00:00,未还
1086,8000000344,读者,0,I26,0572351292,21房产大专,2021-09-26 00:00:00,2021-10-26 00:00:00,未还
1085,8000000306,青年文学,0,I2,0572351292,21房产大专,2021-09-26 00:00:00,2021-10-26 00:00:00,未还
1088,8000001163,国家人文历史,0,K,0572351292,21房产大专,2021-09-26 00:00:00,2021-10-26 00:00:00,未还
968,8000001587,知音漫客,0,J218,0571638748,21施工中专1,2021-09-26 00:00:00,2021-10-26 00:00:00,2021-09-27 12:00:00
984,8000002305,世界时装之苑-ELLE,0,J,1147541030,20楼宇大专2,2021-09-26 00:00:00,2021-10-26 00:00:00,2021-10-14 16:07:00
983,8000002272,环球银幕,0,J9,1147541030,20楼宇大专2,2021-09-26 00:00:00,2021-10-26 00:00:00,2021-10-14 16:07:00
69557,2000021720,我的名字叫红,39,I374.45/2,0572704604,21造价大专2,2021-09-26 11:40:00,2021-10-26 11:40:00,2021-10-20 12:45:48
68828,2000026806,三体(Ⅲ死神永生)/中国科幻基石丛书,38,I247.5/5899,2662461675,19楼宇大专1,2021-09-26 11:41:00,2021-10-26 11:41:00,2021-10-11 11:52:33
68476,2000038114,斗罗大陆第四部8,32,I247.59/246,1148320230,20园林大专,2021-09-26 11:58:00,2021-10-26 11:58:00,2021-09-27 15:59:52
68825,2000019211,2016中国小说排行榜,48,I247.7/2087,2507893838,20园林大专,2021-09-26 11:58:00,2021-10-26 11:58:00,2021-10-11 11:41:12
68446,2000024286,中国民族工业设计100年,99.8,TB47/6,0649729680,20楼宇大专1,2021-09-26 11:59:00,2021-10-26 11:59:00,2021-09-27 12:19:14
657,2000002971,电路与电子技术教程,49,TN710/41,0649729680,20楼宇大专1,2021-09-26 11:59:34,2021-10-26 11:59:34,未还
659,2000037101,国富论.上,79,F091.33/2,0649729680,20楼宇大专1,2021-09-26 11:59:48,2021-10-26 11:59:48,未还
660,1100042504,法天象地,48,B922.4/1,0649729680,20楼宇大专1,2021-09-26 11:59:57,2021-10-26 11:59:57,未还
68958,2000018965,星占学与传统文化,20,B992.2/5,0649729680,20楼宇大专1,2021-09-26 12:00:00,2021-10-26 12:00:00,2021-10-11 16:06:48
661,2000037103,国富论.下,79,F091.33/3,0649729680,20楼宇大专1,2021-09-26 12:00:06,2021-10-26 12:00:06,未还
662,2000010240,21世纪资本论,98,F03/1,0649729680,20楼宇大专1,2021-09-26 12:00:31,2021-10-26 12:00:31,未还
68689,2000023260,禅宗·六祖慧能,52.8,B949.92/17,0649729680,20楼宇大专1,2021-09-26 12:01:00,2021-10-26 12:01:00,2021-10-08 11:43:24
68532,2000024073,诛仙叁,32.8,I247.5/6028,1146450118,19施工大专3,2021-09-26 12:02:00,2021-10-26 12:02:00,2021-09-28 12:35:49
68623,2000010321,且试天下·上,32.5,I247.5/6031,2661212955,19装饰大专3,2021-09-26 12:05:00,2021-10-26 12:05:00,2021-09-29 12:16:09
68531,2000024074,诛仙肆,32.8,I247.5/6029,1548291282,19施工大专3,2021-09-26 12:08:00,2021-10-26 12:08:00,2021-09-28 12:35:46
782,2000036347,天下刀宗,56,I247.58/196,2661147275,19施工大专3,2021-09-26 12:08:28,2021-10-26 12:08:28,未还
68438,2000024781,百年孤独,55,I775.45/13,0572690828,21造价大专2,2021-09-26 12:12:00,2021-10-26 12:12:00,2021-09-27 12:04:15
828,2000029730,承檬欢喜,32,I247.57/4129,1147541030,20楼宇大专2,2021-09-26 12:13:43,2021-10-26 12:13:43,未还
68375,2000024861,有匪,35,I247.57/4038,1147541030,20楼宇大专2,2021-09-26 12:15:00,2021-10-26 12:15:00,2021-09-26 12:16:56
68440,2000039409,灵魂需要独处,55,I267/3413,0572444220,20楼宇大专1,2021-09-26 12:15:00,2021-10-26 12:15:00,2021-09-27 12:06:48
68947,2000024859,有匪,35,I247.57/4037,1147541030,20楼宇大专2,2021-09-26 12:15:00,2021-10-26 12:15:00,2021-10-11 16:03:56
68948,2000024856,有匪,35,I247.57/4036,1147541030,20楼宇大专2,2021-09-26 12:15:00,2021-10-26 12:15:00,2021-10-11 16:03:59
68949,2000027552,有匪,35,I247.57/4035,1147541030,20楼宇大专2,2021-09-26 12:15:00,2021-10-26 12:15:00,2021-10-11 16:04:02
68955,2000024255,清明上河图密码,49.9,I247.56/1189,0571831292,20楼宇大专2,2021-09-26 12:15:00,2021-10-26 12:15:00,2021-10-11 16:04:34
69119,2000015070,十年一品温如言上册,29.9,I247.5/6054,1147541030,20楼宇大专2,2021-09-26 12:15:00,2021-10-26 12:15:00,2021-10-14 16:07:28
69120,2000015073,十年一品温如言下册,29.9,I247.5/6055,1147541030,20楼宇大专2,2021-09-26 12:15:00,2021-10-26 12:15:00,2021-10-14 16:07:32
1316,2000024860,有匪,35,I247.57/4038,1147541030,20楼宇大专2,2021-09-26 12:15:41,2021-10-26 12:15:41,未还
68523,2000027578,古董局中局1,45,I247.57/4089,2660615259,19园林大专,2021-09-26 12:16:00,2021-10-26 12:16:00,2021-09-28 12:25:16
1317,2000027826,景观设计手绘技法从入门到精通,89,TU986.2/60,1148669238,19园林大专,2021-09-26 12:16:01,2021-10-26 12:16:01,未还
68504,2000036978,龙族Ⅰ,43,I247.5/6324,2507904670,19装饰大专3,2021-09-26 12:17:00,2021-10-26 12:17:00,2021-09-28 12:09:54
68505,2000034309,琴帝2,29.8,I247.59/223,0622044444,19装饰大专3,2021-09-26 12:17:00,2021-10-26 12:17:00,2021-09-28 12:09:59
1178,2000008848,刺客信条,38,I561.45/275,1148379526,20楼宇大专1,2021-09-26 12:17:05,2021-10-26 12:17:05,未还
68595,2000027918,纸上寻仙记（下）,39,I267.1/2581,0649729680,20楼宇大专1,2021-09-26 12:18:00,2021-10-26 12:18:00,2021-09-29 12:00:48
68599,2000034026,民间百神,52,B933/36,0649729680,20楼宇大专1,2021-09-26 12:18:00,2021-10-26 12:18:00,2021-09-29 12:01:05
68600,2000037042,一个人的朝圣Ⅱ,36,I561.45/270,0649729680,20楼宇大专1,2021-09-26 12:18:00,2021-10-26 12:18:00,2021-09-29 12:01:10
68956,2000001134,一个人的朝圣,32.8,I561.45/267,0649729680,20楼宇大专1,2021-09-26 12:18:00,2021-10-26 12:18:00,2021-10-11 16:06:41
68957,2000005264,纸牌屋,39.8,I561.45/272,0649729680,20楼宇大专1,2021-09-26 12:18:00,2021-10-26 12:18:00,2021-10-11 16:06:46
1368,2000039213,古画的故事,39.8,J212.05/19,0572351292,21房产大专,2021-09-26 12:18:51,2021-10-26 12:18:51,未还
1369,2000007409,自控力：和压力做朋友,39.8,B842.6/98,0572351292,21房产大专,2021-09-26 12:18:56,2021-10-26 12:18:56,未还
1371,2000009758,战后日本人的中国观上册,64,D829.313/1,0572351292,21房产大专,2021-09-26 12:19:02,2021-10-26 12:19:02,未还
68437,2000038111,斗罗大陆第四部5,32,I247.59/243,0572553980,21造价大专2,2021-09-26 12:22:00,2021-10-26 12:22:00,2021-09-27 12:04:08
68460,2000036881,庆余年4,39,I247.5/6322,0572389212,21楼宇大专1,2021-09-26 12:23:00,2021-10-26 12:23:00,2021-09-27 13:07:16
68690,2000025662,寻找中国最美古建筑,58,K928.715/3,0649729680,20楼宇大专1,2021-09-26 12:23:00,2021-10-26 12:23:00,2021-10-08 11:43:31
68534,2000036351,剑来 1：少年起微末,40,I247.58/197,1549488066,19装饰大专3,2021-09-26 12:24:00,2021-10-26 12:24:00,2021-09-28 13:06:21
68601,2000002877,中国古镇图鉴,88,K928.5-64/1,0649729680,20楼宇大专1,2021-09-26 12:24:00,2021-10-26 12:24:00,2021-09-29 12:01:21
68867,2000034701,几何原本,88,O181/2,0571700732,21造价大专2,2021-09-26 12:25:00,2021-10-26 12:25:00,2021-10-11 12:29:13
68465,2000038121,斗罗大陆第四部11,32,I247.59/249,1147734422,19装饰大专3,2021-09-26 12:27:00,2021-10-26 12:27:00,2021-09-27 13:08:49
68466,2000038119,斗罗大陆第四部10,32,I247.59/248,0575878124,19装饰大专3,2021-09-26 12:27:00,2021-10-26 12:27:00,2021-09-27 13:08:52
68537,2000037858,斗罗大陆第四部12,32,I247.59/250,0239442134,19装饰大专3,2021-09-26 12:27:00,2021-10-26 12:27:00,2021-09-28 13:06:34
68634,2000038179,龙族Ⅱ,49,I247.5/6325,2662238779,19装饰大专3,2021-09-26 12:28:00,2021-10-26 12:28:00,2021-09-29 12:38:39
69227,2000036491,坡道上的家,48,I313.45/389,1148333974,19园林大专,2021-09-26 12:29:00,2021-10-26 12:29:00,2021-10-18 12:56:18
69229,1100089682,小王子,12.8,I565.8/8,0571579948,19园林大专,2021-09-26 12:29:00,2021-10-26 12:29:00,2021-10-18 12:56:30
68687,2000032032,饥饿的盛世,39.8,K249.09/22,0649729680,20楼宇大专1,2021-09-26 12:30:00,2021-10-26 12:30:00,2021-10-08 11:43:11
68596,2000040517,庄子的世界,68,B223.5/3,0649729680,20楼宇大专1,2021-09-26 12:31:00,2021-10-26 12:31:00,2021-09-29 12:00:53
68602,2000015202,猫鼠游戏,36,I712.45/867,0649729680,20楼宇大专1,2021-09-26 12:31:00,2021-10-26 12:31:00,2021-09-29 12:01:28
68959,1000146535,二十五史,32.8,K204.1/31,0649729680,20楼宇大专1,2021-09-26 12:31:00,2021-10-26 12:31:00,2021-10-11 16:06:50
68663,2000010277,哑舍伍,28,I247.5/6018,0571465436,21装饰大专4,2021-09-26 12:38:00,2021-10-26 12:38:00,2021-09-30 08:49:21
1228,2000017703,蛮荒行,36,I247.59/146,0572128924,21装饰大专4,2021-09-26 12:38:19,2021-10-26 12:38:19,未还
68512,2000037959,活着,35,I247.5/6203,0571683980,21装饰大专4,2021-09-26 12:39:00,2021-10-26 12:39:00,2021-09-28 12:15:22
68677,2000010309,诛仙伍,32.8,I247.5/6025,0572128924,21装饰大专4,2021-09-26 12:39:00,2021-10-26 12:39:00,2021-09-30 10:36:59
212,2000024858,有匪,35,I247.57/4037,0649780576,20施工大专1,2021-09-26 13:00:59,2021-10-26 13:00:59,未还
68443,2000006665,倚天屠龙记（二）,27,I247.5/5978,0571487148,21楼宇大专1,2021-09-26 13:03:00,2021-10-26 13:03:00,2021-09-27 12:13:46
68508,2000029329,舟而复始,38,I247.57/4121,2660431131,19装饰大专3,2021-09-26 13:04:00,2021-10-26 13:04:00,2021-09-28 12:14:40
68509,2000026679,云边有个小卖部,42,I247.57/4056,2508014030,19装饰大专3,2021-09-26 13:04:00,2021-10-26 13:04:00,2021-09-28 12:14:44
68673,2000024039,盗墓笔记(2),32.8,I247.5/5957,0571677964,21装饰大专4,2021-09-26 13:04:00,2021-10-26 13:04:00,2021-09-30 10:36:24
68467,2000034324,琴帝9,29.8,I247.59/230,2508119662,19市政大专,2021-09-26 13:06:00,2021-10-26 13:06:00,2021-09-27 13:18:42
68542,2000035982,宇宙钟摆.Ⅲ,36.8,I247.55/45,2508208990,19市政大专,2021-09-26 13:06:00,2021-10-26 13:06:00,2021-09-28 13:22:13
68646,2000027582,古董局中局3,45,I247.57/4091,1146981222,19市政大专,2021-09-26 13:06:00,2021-10-26 13:06:00,2021-09-29 13:05:10
840,2000029401,这一世，若不珍惜，谁能许你未来,39.8,I267/3294,1147935814,20装饰大专3,2021-09-26 13:06:43,2021-10-26 13:06:43,未还
852,2000030585,解忧杂货店,39.5,I313.45/246,1147935814,20装饰大专3,2021-09-26 13:07:04,2021-10-26 13:07:04,未还
1299,2000023926,余生有你才安好,29.8,I247.57/4019,1147935814,20装饰大专3,2021-09-26 13:07:24,2021-10-26 13:07:24,未还
1321,2000024092,哈利·波特与死亡圣器,96,I561.84/20,1147935814,20装饰大专3,2021-09-26 13:07:29,2021-10-26 13:07:29,未还
755,2000024085,哈利·波特与阿兹卡班囚徒,92,I561.84/16,1147935814,20装饰大专3,2021-09-26 13:07:36,2021-10-26 13:07:36,未还
1330,2000015635,小王子,16.8,I565.88/4,1147935814,20装饰大专3,2021-09-26 13:07:40,2021-10-26 13:07:40,未还
1331,2000004481,列那狐的故事插图本,19.8,I565.88/1,1147935814,20装饰大专3,2021-09-26 13:07:45,2021-10-26 13:07:45,未还
1355,2000039747,我和小木的夏天,28,I516.84/4,1147935814,20装饰大专3,2021-09-26 13:07:51,2021-10-26 13:07:51,未还
1379,2000029537,无羁,48,I247.58/195,1147935814,20装饰大专3,2021-09-26 13:08:04,2021-10-26 13:08:04,未还
1380,2000024077,诛仙伍,32.8,I247.5/6025,1147935814,20装饰大专3,2021-09-26 13:08:12,2021-10-26 13:08:12,未还
1381,2000000324,建筑装饰施工技术,37,TU767/199,1147935814,20装饰大专3,2021-09-26 13:08:20,2021-10-26 13:08:20,未还
1382,2000022932,建筑装饰工程材料与构造,45,TU767/266,1147935814,20装饰大专3,2021-09-26 13:08:27,2021-10-26 13:08:27,未还
1383,2000038760,AutoCAD建筑装饰装修工程制图,59,TU767/743,1147935814,20装饰大专3,2021-09-26 13:08:33,2021-10-26 13:08:33,未还
1384,2000033747,装饰工艺解析吊顶篇,128,TU767.4/2,1147935814,20装饰大专3,2021-09-26 13:08:42,2021-10-26 13:08:42,未还
1385,2000019387,计算机辅助设计,47,TU204/117,1147935814,20装饰大专3,2021-09-26 13:08:47,2021-10-26 13:08:47,未还
1386,2000006528,建筑CAD基础教程,43,TU201.4/33,1147935814,20装饰大专3,2021-09-26 13:08:52,2021-10-26 13:08:52,未还
1387,2000011972,室内装饰装修材料应用与选购,46,TU56/34,1147935814,20装饰大专3,2021-09-26 13:08:56,2021-10-26 13:08:56,未还
1388,2000030397,详解AutoCAD 2018室内设计,69,TU238/708,1147935814,20装饰大专3,2021-09-26 13:09:01,2021-10-26 13:09:01,未还
1390,1100014481,建筑设计全程陪练,27,TU201/21,1147935814,20装饰大专3,2021-09-26 13:09:06,2021-10-26 13:09:06,未还
1391,2000003483,AutoCAD2009中文版建筑设计基础与实例教程(职业版),29.8,TU201.4/25,1147935814,20装饰大专3,2021-09-26 13:09:11,2021-10-26 13:09:11,未还
1392,1100088378,超级漫画绘制实战手册,39,J218.2-62/1,1147935814,20装饰大专3,2021-09-26 13:09:15,2021-10-26 13:09:15,未还
1394,2000029402,无论爱与不爱，下辈子都不会再见,39.8,I267/3295,1147935814,20装饰大专3,2021-09-26 13:09:22,2021-10-26 13:09:22,未还
1395,2000035923,将进酒.下,34,I247.5/6300,1147935814,20装饰大专3,2021-09-26 13:09:29,2021-10-26 13:09:29,未还
1398,2000037081,建筑CAD,32,TU201.4/115,1147935814,20装饰大专3,2021-09-26 13:09:33,2021-10-26 13:09:33,未还
1399,2000035136,别害怕一个人生活,48,J228.2/294,1147935814,20装饰大专3,2021-09-26 13:09:39,2021-10-26 13:09:39,未还
1402,2000035429,将进酒.上,34,I247.5/6286,1147935814,20装饰大专3,2021-09-26 13:09:44,2021-10-26 13:09:44,未还
1403,2000020965,嗨，我喜欢你,45,J228.2/214,1147935814,20装饰大专3,2021-09-26 13:09:48,2021-10-26 13:09:48,未还
1404,2000005532,福尔摩斯探案(插图本)/译林名著精选,24,I561.45/274,1147935814,20装饰大专3,2021-09-26 13:09:54,2021-10-26 13:09:54,未还
1406,2000024899,小人物日记,28,I561.443/1,1147935814,20装饰大专3,2021-09-26 13:09:57,2021-10-26 13:09:57,未还
69234,2000033451,新安魂曲,36.8,I247.7/2145,2661252235,19园林大专,2021-09-26 13:10:00,2021-10-26 13:10:00,2021-10-18 13:10:10
69235,2000018749,藏龙诀,39.8,I247.5/6105,1147815014,19园林大专,2021-09-26 13:10:00,2021-10-26 13:10:00,2021-10-18 13:10:17
69236,2000024959,西夏死书5,36.8,I247.57/4048,2660955307,19园林大专,2021-09-26 13:10:00,2021-10-26 13:10:00,2021-10-18 13:10:25
1407,2000024659,喜欢我也没关系,49.8,J228.2/205,1147935814,20装饰大专3,2021-09-26 13:10:01,2021-10-26 13:10:01,未还
1408,2000037252,他来时有星光,45,I247.5/6328,1447866098,21房产大专,2021-09-26 13:10:09,2021-10-26 13:10:09,未还
68724,2000036621,就喜欢你看不惯我又干不掉我的样子.5,59,J228.2/307,0572269868,21鲁班实验,2021-09-26 13:11:00,2021-10-26 13:11:00,2021-10-08 12:28:01
68763,2000027451,斗罗大陆第三部16,28,I247.59/194,1148177846,20市政大专,2021-09-26 13:12:00,2021-10-26 13:12:00,2021-10-08 13:20:24
68764,2000027453,斗罗大陆第三部18,28,I247.59/196,1148494614,20市政大专,2021-09-26 13:12:00,2021-10-26 13:12:00,2021-10-08 13:20:32
68765,2000027452,斗罗大陆第三部17,28,I247.59/195,1146856486,20市政大专,2021-09-26 13:12:00,2021-10-26 13:12:00,2021-10-08 13:20:42
68463,2000037189,人生处处是修行,52,I267/3396,1148119590,20装饰大专1,2021-09-26 13:13:00,2021-10-26 13:13:00,2021-09-27 13:08:00
68468,2000032509,非人哉,45,J228.2/279,0571630300,21鲁班实验,2021-09-26 13:13:00,2021-10-26 13:13:00,2021-09-27 13:19:36
68469,2000032516,非人哉,49.8,J228.2/282,0571613772,21鲁班实验,2021-09-26 13:13:00,2021-10-26 13:13:00,2021-09-27 13:19:49
68480,2000038144,斗罗大陆第四部23,32,I247.59/261,2661860747,19施工大专3,2021-09-26 13:13:00,2021-10-26 13:13:00,2021-09-27 16:02:55
68464,2000032510,非人哉,45,J228.2/279,0571605660,21楼宇大专2,2021-09-26 13:14:00,2021-10-26 13:14:00,2021-09-27 13:08:30
68451,2000025543,你在为谁读书2,35,B825/1678,2661101883,19施工大专2,2021-09-26 13:15:00,2021-10-26 13:15:00,2021-09-27 12:59:44
68447,2000037205,某某,49.8,I247.57/4217,2661971835,19装饰大专3,2021-09-26 13:17:00,2021-10-26 13:17:00,2021-09-27 12:20:55
1431,2000036357,剑来 4：草长莺飞时,43,I247.58/200,1146546726,19市政大专,2021-09-26 13:17:33,2021-10-26 13:17:33,未还
1435,2000021443,余生，请多指教,32,I247.57/3980,2660379131,19园林大专,2021-09-26 13:20:26,2021-10-26 13:20:26,未还
68514,2000027549,有匪,36,I247.57/4087,1253340178,19装饰大专3,2021-09-26 13:23:00,2021-10-26 13:23:00,2021-09-28 12:16:58
68862,2000019352,刀锋上的救赎,39,I247.56/1196,2660452779,19装饰大专3,2021-09-26 13:23:00,2021-10-26 13:23:00,2021-10-11 12:25:10
68543,2000024051,盗墓笔记(8大结局下),32.8,I247.5/5950,2661169979,19施工大专1,2021-09-26 13:27:00,2021-10-26 13:27:00,2021-09-28 13:24:25
68544,2000018766,Z的悲剧,32,I712.45/893,0647967472,20施工大专1,2021-09-26 16:02:00,2021-10-26 16:02:00,2021-09-28 13:24:29
68782,2000029726,三体(Ⅲ死神永生)/中国科幻基石丛书,38,I247.5/5899,1146937926,20园林大专,2021-09-26 16:02:00,2021-10-26 16:02:00,2021-10-08 16:06:59
68777,2000038174,龙族Ⅰ,43,I247.5/6324,0572360924,21施工大专4,2021-09-26 16:04:00,2021-10-26 16:04:00,2021-10-08 16:02:19
68900,2000033709,默读,48,I247.56/1214,1147778406,20装饰大专1,2021-09-26 16:04:00,2021-10-26 16:04:00,2021-10-11 12:59:24
1180,2000038248,盗墓笔记(5),45,I247.5/6340,1147385814,20施工大专1,2021-09-26 16:04:11,2021-10-26 16:04:11,未还
68444,1000132542,女娲部队之淬火玫瑰,29,I247.52/38,0571644988,21施工大专4,2021-09-26 16:08:00,2021-10-26 16:08:00,2021-09-27 12:13:54
68445,2000034338,琴帝16,29.8,I247.59/237,0571753244,21施工大专4,2021-09-26 16:08:00,2021-10-26 16:08:00,2021-09-27 12:14:00
1245,2000036355,剑来 3：清梦压星河,42,I247.58/199,1147910278,20施工大专1,2021-09-26 16:08:51,2021-10-26 16:08:51,未还
68550,2000029293,致我们暖暖的小时光,29.8,I247.57/4113,0572465660,21施工大专4,2021-09-26 16:09:00,2021-10-26 16:09:00,2021-09-28 16:01:27
68775,2000038255,盗墓笔记(8大结局上),45,I247.5/6343,0650071856,20施工大专1,2021-09-26 16:09:00,2021-10-26 16:09:00,2021-10-08 16:01:10
68776,2000000580,大侦探福尔摩斯,29,I561.45/264,1146837398,20施工大专1,2021-09-26 16:09:00,2021-10-26 16:09:00,2021-10-08 16:01:14
68449,2000034263,帝皇书I中册,33,I247.57/4182,1148329638,20施工大专2,2021-09-26 16:10:00,2021-10-26 16:10:00,2021-09-27 12:22:40
68553,2000035380,似锦.下册,29,I247.5/6284,2508989934,20施工大专4,2021-09-26 16:10:00,2021-10-26 16:10:00,2021-09-28 16:07:23
68627,2000015000,爵迹第二卷,34.8,I247.59/143,0571481564,21装饰大专4,2021-09-26 16:10:00,2021-10-26 16:10:00,2021-09-29 12:23:34
68626,2000029046,第三重人格,38,I247.57/4102,0572545244,21装饰大专4,2021-09-26 16:11:00,2021-10-26 16:11:00,2021-09-29 12:23:30
68434,2000034308,琴帝1,29.8,I247.59/222,0572583084,21施工中专1,2021-09-26 16:12:00,2021-10-26 16:12:00,2021-09-27 11:59:43
68435,2000040140,冰菓1,25,J238.2/30,0572593484,21施工中专1,2021-09-26 16:12:00,2021-10-26 16:12:00,2021-09-27 11:59:46
68478,2000038108,斗罗大陆第四部4,32,I247.59/242,0572790620,21施工中专1,2021-09-26 16:12:00,2021-10-26 16:12:00,2021-09-27 16:01:40
69102,2000029437,朗读者Ⅱ（3）,56,I217.61/18,0571959244,21装饰大专3,2021-09-26 16:14:00,2021-10-26 16:14:00,2021-10-14 13:08:12
1441,2000015171,杀死一只知更鸟(纪念版)(精),32,I712.45/866,0649959088,20视觉大专,2021-09-26 16:15:22,2021-10-26 16:15:22,未还
68554,1000146923,白话史记,32.8,K204/1040,0614316032,20鲁班实验2,2021-09-26 16:21:00,2021-10-26 16:21:00,2021-09-28 16:38:25
970,8000001537,知音漫客,0,J218,0571638748,21施工中专1,2021-09-27 00:00:00,2021-10-27 00:00:00,2021-09-28 16:01:00
68609,2000016873,我们·上,24.9,I247.5/6076,0571675228,21楼宇大专1,2021-09-27 13:02:00,2021-10-27 13:02:00,2021-09-29 12:06:50
68559,2000010284,哑舍,23.8,I247.5/6022,1448079282,21造价大专2,2021-09-27 13:03:00,2021-10-27 13:03:00,2021-09-29 11:44:00
68585,2000002087,别让坏脾气毁了你,29.8,B842.6/91,0554037292,20园林大专,2021-09-27 13:04:00,2021-10-27 13:04:00,2021-09-29 11:59:52
68640,2000037847,斗罗大陆第四部6,32,I247.59/244,0572690828,21造价大专2,2021-09-27 13:04:00,2021-10-27 13:04:00,2021-09-29 12:50:52
68604,1000006662,四书五经（上）,19,B222/2,0649729680,20楼宇大专1,2021-09-27 13:06:00,2021-10-27 13:06:00,2021-09-29 12:01:47
68749,2000024952,西夏死书2,36.8,I247.57/4045,1147633286,19施工大专1,2021-09-27 13:06:00,2021-10-27 13:06:00,2021-10-08 13:05:53
68522,2000034312,琴帝3,29.8,I247.59/224,0573327356,21房产大专,2021-09-27 13:08:00,2021-10-27 13:08:00,2021-09-28 12:21:08
68546,2000036882,庆余年5,39,I247.5/6323,0572389212,21楼宇大专1,2021-09-27 13:09:00,2021-10-27 13:09:00,2021-09-28 16:00:00
68536,2000037860,斗罗大陆第四部13,32,I247.59/251,0575878124,19装饰大专3,2021-09-27 13:10:00,2021-10-27 13:10:00,2021-09-28 13:06:29
68639,2000037862,斗罗大陆第四部14,32,I247.59/252,1147734422,19装饰大专3,2021-09-27 13:10:00,2021-10-27 13:10:00,2021-09-29 12:41:04
68686,2000035320,环冰岛记,52.8,I247.5/6274,0572444220,20楼宇大专1,2021-09-27 13:11:00,2021-10-27 13:11:00,2021-10-08 11:43:02
534,2000027561,大唐辟邪司,39.8,I247.58/194,0572871916,20楼宇大专1,2021-09-27 13:11:27,2021-10-27 13:11:27,未还
68744,2000037206,某某,49.8,I247.57/4217,1447643010,21房产大专,2021-09-27 13:12:00,2021-10-27 13:12:00,2021-10-08 13:00:20
68745,2000025787,我们的轻熟时光上,29,I247.57/4065,0571684252,21房产大专,2021-09-27 13:12:00,2021-10-27 13:12:00,2021-10-08 13:00:28
68970,2000023721,龙族（Ⅳ奥丁之源）,32,I274.5/2,2509078462,20楼宇大专1,2021-09-27 13:12:00,2021-10-27 13:12:00,2021-10-12 11:49:25
69021,2000037958,活着,35,I247.5/6203,1147380886,19施工大专3,2021-09-27 13:13:00,2021-10-27 13:13:00,2021-10-13 11:37:03
68728,2000032514,非人哉,49.8,J228.2/281,0571650012,21鲁班实验,2021-09-27 13:15:00,2021-10-27 13:15:00,2021-10-08 12:28:46
68738,2000009902,赐我理由再披甲上阵,36,I267.1/2481,1148119590,20装饰大专1,2021-09-27 13:15:00,2021-10-27 13:15:00,2021-10-08 12:44:34
68964,2000036484,火车站,38,I247.5/6316,0575638060,19施工大专3,2021-09-27 13:15:00,2021-10-27 13:15:00,2021-10-11 16:19:40
664,2000000592,福尔摩斯探案集,12,I561.45/265,2662618907,19造价大专2,2021-09-27 13:15:16,2021-10-27 13:15:16,未还
69397,2000027562,大唐辟邪司,49.8,I247.56/1209,2662404667,19施工大专3,2021-09-27 13:16:00,2021-10-27 13:16:00,2021-10-20 09:57:45
69400,2000026994,侠隐,52,I247.57/4075,2662404667,19施工大专3,2021-09-27 13:16:00,2021-10-27 13:16:00,2021-10-20 09:58:02
69402,2000027560,大唐辟邪司,39.8,I247.58/194,2662404667,19施工大专3,2021-09-27 13:16:00,2021-10-27 13:16:00,2021-10-20 09:58:30
766,2000027559,大唐辟邪司,39.8,I247.56/1208,2662404667,19施工大专3,2021-09-27 13:16:20,2021-10-27 13:16:20,未还
69394,2000038088,神印王座(Ⅵ光之祈祷),24.8,I247.5/6332,2662404667,19施工大专3,2021-09-27 13:17:00,2021-10-27 13:17:00,2021-10-20 09:57:31
69395,2000038089,神印王座(Ⅴ星光神兽),24.8,I247.5/6333,2662404667,19施工大专3,2021-09-27 13:17:00,2021-10-27 13:17:00,2021-10-20 09:57:35
69398,2000007602,云中歌贰浮生梦,36,I247.5/5999,2662404667,19施工大专3,2021-09-27 13:17:00,2021-10-27 13:17:00,2021-10-20 09:57:51
69399,2000035912,江湖异闻录,68,I246.7/53,2662404667,19施工大专3,2021-09-27 13:17:00,2021-10-27 13:17:00,2021-10-20 09:57:57
69401,2000038090,神印王座(Ⅳ梦幻神殿),24.8,I247.5/6334,2662404667,19施工大专3,2021-09-27 13:17:00,2021-10-27 13:17:00,2021-10-20 09:58:18
69403,2000036314,长弓少年行,48,I247.59/238,2662404667,19施工大专3,2021-09-27 13:17:00,2021-10-27 13:17:00,2021-10-20 09:58:36
69404,2000007604,云中歌叁忆流年,38,I247.5/6000,2662404667,19施工大专3,2021-09-27 13:17:00,2021-10-27 13:17:00,2021-10-20 09:58:45
69405,2000038257,盗墓笔记(8大结局下),45,I247.5/6344,2662404667,19施工大专3,2021-09-27 13:17:00,2021-10-27 13:17:00,2021-10-20 09:58:50
69406,2000025689,古董局中局4,49.8,I247.57/4055,2662404667,19施工大专3,2021-09-27 13:17:00,2021-10-27 13:17:00,2021-10-20 09:58:58
69407,2000025688,古董局中局3,45,I247.57/4054,2662404667,19施工大专3,2021-09-27 13:17:00,2021-10-27 13:17:00,2021-10-20 09:59:04
1275,2000007600,云中歌壹绿罗裙,36,I247.5/5998,2662404667,19施工大专3,2021-09-27 13:17:10,2021-10-27 13:17:10,未还
1429,2000022222,王道剑之一,32.25,I247.58/193,2662404667,19施工大专3,2021-09-27 13:17:47,2021-10-27 13:17:47,未还
69392,2000022216,王道剑之四,32.25,I247.58/190,2662404667,19施工大专3,2021-09-27 13:18:00,2021-10-27 13:18:00,2021-10-20 09:57:16
69393,2000022218,王道剑之三,32.25,I247.58/191,2662404667,19施工大专3,2021-09-27 13:18:00,2021-10-27 13:18:00,2021-10-20 09:57:25
69396,2000022220,王道剑之二,32.25,I247.58/192,2662404667,19施工大专3,2021-09-27 13:18:00,2021-10-27 13:18:00,2021-10-20 09:57:39
69408,2000024757,银河帝国11,43.6,I712.45/965,2662404667,19施工大专3,2021-09-27 13:18:00,2021-10-27 13:18:00,2021-10-20 09:59:13
69411,2000024762,银河帝国14,40,I712.45/968,2662404667,19施工大专3,2021-09-27 13:18:00,2021-10-27 13:18:00,2021-10-20 09:59:31
69412,2000024760,银河帝国13,40,I712.45/967,2662404667,19施工大专3,2021-09-27 13:18:00,2021-10-27 13:18:00,2021-10-20 09:59:37
69416,2000024764,银河帝国15,40,I712.45/969,2662404667,19施工大专3,2021-09-27 13:18:00,2021-10-27 13:18:00,2021-10-20 10:00:21
69417,2000024759,银河帝国12,43.6,I712.45/966,2662404667,19施工大专3,2021-09-27 13:18:00,2021-10-27 13:18:00,2021-10-20 10:00:28
68635,2000037798,盗墓笔记.十年,46,I247.57/4206,0572015868,21装饰大专2,2021-09-27 13:19:00,2021-10-27 13:19:00,2021-09-29 12:39:51
69409,2000024747,银河帝国6,59,I712.45/960,2662404667,19施工大专3,2021-09-27 13:19:00,2021-10-27 13:19:00,2021-10-20 09:59:22
69410,2000024749,银河帝国7,59,I712.45/961,2662404667,19施工大专3,2021-09-27 13:19:00,2021-10-27 13:19:00,2021-10-20 09:59:27
69413,2000024752,银河帝国9,43.6,I712.45/963,2662404667,19施工大专3,2021-09-27 13:19:00,2021-10-27 13:19:00,2021-10-20 09:59:44
69414,2000024755,银河帝国10,43.6,I712.45/964,2662404667,19施工大专3,2021-09-27 13:19:00,2021-10-27 13:19:00,2021-10-20 09:59:59
69415,2000024751,银河帝国8,43.6,I712.45/962,2662404667,19施工大专3,2021-09-27 13:19:00,2021-10-27 13:19:00,2021-10-20 10:00:13
68541,2000034326,琴帝10,29.8,I247.59/231,2508119662,19市政大专,2021-09-27 13:20:00,2021-10-27 13:20:00,2021-09-28 13:22:11
68684,2000033712,龙缘1,24.9,I247.5/6250,0571865708,21楼宇大专1,2021-09-27 13:20:00,2021-10-27 13:20:00,2021-10-08 11:39:19
68725,2000039531,就喜欢你看不惯我又干不掉我的样子.5,59,J228.2/307,0571630300,21鲁班实验,2021-09-27 13:20:00,2021-10-27 13:20:00,2021-10-08 12:28:08
68729,2000032512,非人哉,45,J228.2/280,0571613772,21鲁班实验,2021-09-27 13:20:00,2021-10-27 13:20:00,2021-10-08 12:29:08
68762,2000034322,琴帝8,29.8,I247.59/229,1147355558,20市政大专,2021-09-27 13:20:00,2021-10-27 13:20:00,2021-10-08 13:20:18
69172,2000026891,古书堂事件手帖,28,I313.45/344,2660911691,19市政大专,2021-09-27 13:20:00,2021-10-27 13:20:00,2021-10-15 12:30:51
68540,2000028342,微视频全图讲解PLC及变频技术,69.8,TN77/1,0571605660,21楼宇大专2,2021-09-27 13:21:00,2021-10-27 13:21:00,2021-09-28 13:09:54
68499,2000021269,如果蜗牛有爱情（上）,24.9,I247.57/3976,2661971835,19装饰大专3,2021-09-27 13:24:00,2021-10-27 13:24:00,2021-09-28 12:05:33
69305,2000034282,打金枝,46,I247.57/4186,2660524955,19装饰大专3,2021-09-27 13:24:00,2021-10-27 13:24:00,2021-10-19 11:55:47
1358,2000024953,西夏死书2,36.8,I247.57/4045,1148178326,19市政大专,2021-09-27 13:24:50,2021-10-27 13:24:50,未还
1359,2000039275,2020中国年度科幻小说,52,I247.7/2171,2508810110,19市政大专,2021-09-27 13:27:11,2021-10-27 13:27:11,未还
1457,2000039571,重启,30,I247.7/2176,2508810110,19市政大专,2021-09-27 13:27:14,2021-10-27 13:27:14,未还
1459,2000036362,剑来 7：迢迢渡银汉,42,I247.58/203,2509078974,19市政大专,2021-09-27 13:27:56,2021-10-27 13:27:56,未还
68771,2000027438,斗罗大陆第三部3,28,I247.59/183,0648380128,19市政大专,2021-09-27 13:28:00,2021-10-27 13:28:00,2021-10-08 13:29:43
69106,2000036361,剑来 6：剑符在扁舟,43,I247.58/202,1147583718,19市政大专,2021-09-27 13:29:00,2021-10-27 13:29:00,2021-10-14 13:26:31
69107,2000036358,剑来 5：山水有相逢,43,I247.58/201,1147816726,19市政大专,2021-09-27 13:29:00,2021-10-27 13:29:00,2021-10-14 13:26:35
69108,2000036363,剑来 7：迢迢渡银汉,42,I247.58/203,1146790838,19市政大专,2021-09-27 13:29:00,2021-10-27 13:29:00,2021-10-14 13:26:38
68942,2000024954,西夏死书3,36.8,I247.57/4046,2660951387,19市政大专,2021-09-27 16:00:00,2021-10-27 16:00:00,2021-10-11 16:03:17
69033,2000024957,西夏死书4,36.8,I247.57/4047,1146363414,19市政大专,2021-09-27 16:00:00,2021-10-27 16:00:00,2021-10-13 12:24:37
68511,2000038116,斗罗大陆第四部9,32,I247.59/247,1148320230,20园林大专,2021-09-27 16:01:00,2021-10-27 16:01:00,2021-09-28 12:15:12
68718,2000034308,琴帝1,29.8,I247.59/222,0572281644,21施工中专1,2021-09-27 16:06:00,2021-10-27 16:06:00,2021-10-08 12:17:53
68911,2000027689,BIM应用基础教程,55,TU201.4/93,2507890942,20施工大专1,2021-09-27 16:06:00,2021-10-27 16:06:00,2021-10-11 13:26:06
68496,2000037867,斗罗大陆第四部16,32,I247.59/254,2508751918,20楼宇大专1,2021-09-27 16:07:00,2021-10-27 16:07:00,2021-09-28 11:59:04
68549,2000038008,斗罗大陆第四部1,32,I247.59/266,0572583084,21施工中专1,2021-09-27 16:07:00,2021-10-27 16:07:00,2021-09-28 16:01:08
1426,2000034937,疯了!桂宝.23，乐星卷,45,J228.2/292,1148329878,20楼宇大专1,2021-09-27 16:07:17,2021-10-27 16:07:17,未还
68625,2000034266,帝皇书I下册,33,I247.57/4183,1148329638,20施工大专2,2021-09-27 16:10:00,2021-10-27 16:10:00,2021-09-29 12:21:28
68551,2000037883,斗罗大陆第四部24,32,I247.59/262,2661860747,19施工大专3,2021-09-27 16:13:00,2021-10-27 16:13:00,2021-09-28 16:03:09
68552,2000038109,斗罗大陆第四部4,32,I247.59/242,2661002651,19施工大专3,2021-09-27 16:13:00,2021-10-27 16:13:00,2021-09-28 16:04:41
69387,2000038175,龙族Ⅰ,43,I247.5/6324,2508880974,19施工大专3,2021-09-27 16:13:00,2021-10-27 16:13:00,2021-10-19 16:01:17
68548,2000019218,刺客信条,38,I712.45/902,0572593484,21施工中专1,2021-09-27 16:21:00,2021-10-27 16:21:00,2021-09-28 16:01:01
1469,2000037313,皮皮鲁传,39,I287.7/50,1147431798,19造价大专1,2021-09-27 16:21:48,2021-10-27 16:21:48,未还
1470,2000032039,科学外史上册,29,Z228/2207,1147431798,19造价大专1,2021-09-27 16:21:51,2021-10-27 16:21:51,未还
1471,2000028813,脑洞,42,Z228/2204,1147431798,19造价大专1,2021-09-27 16:21:54,2021-10-27 16:21:54,未还
1472,2000002829,灾难自救书,36,X4/1,1147431798,19造价大专1,2021-09-27 16:21:58,2021-10-27 16:21:58,未还
68547,2000037844,斗罗大陆第四部5,32,I247.59/243,0572790620,21施工中专1,2021-09-27 16:22:00,2021-10-27 16:22:00,2021-09-28 16:00:59
1473,2000001889,科学外史,48,Z228/2152,1147431798,19造价大专1,2021-09-27 16:22:02,2021-10-27 16:22:02,未还
1474,2000039156,明朝那些事儿.第贰部.万国来朝,48,K248.09/37,1147431798,19造价大专1,2021-09-27 16:22:06,2021-10-27 16:22:06,未还
1475,1100094111,清朝官场那些事儿(上),42.5,K249/138,1147431798,19造价大专1,2021-09-27 16:22:09,2021-10-27 16:22:09,未还
1476,2000025478,中国近代史,24,K25/6,1147431798,19造价大专1,2021-09-27 16:22:13,2021-10-27 16:22:13,未还
1477,2000025348,园林清话,42,TU986.62/13,1147431798,19造价大专1,2021-09-27 16:22:17,2021-10-27 16:22:17,未还
1478,2000033449,南山,35,I247.5/6240,1147431798,19造价大专1,2021-09-27 16:22:22,2021-10-27 16:22:22,未还
1479,2000039583,西湖老照片,58,K928.43/2,1147431798,19造价大专1,2021-09-27 16:22:23,2021-10-27 16:22:23,未还
1480,2000032557,极简科学起源课,58,N49/2261,1147431798,19造价大专1,2021-09-27 16:22:26,2021-10-27 16:22:26,未还
1481,2000017819,纽约客,39,I247.5/6083,1147431798,19造价大专1,2021-09-27 16:22:31,2021-10-27 16:22:31,未还
1482,2000031849,在南极的500天,59,N816.61/2,1147431798,19造价大专1,2021-09-27 16:22:34,2021-10-27 16:22:34,未还
1483,2000011736,宇宙之旅,59,P159/66,1147431798,19造价大专1,2021-09-27 16:22:37,2021-10-27 16:22:37,未还
1484,2000020586,月亮,60,P184/2,1147431798,19造价大专1,2021-09-27 16:22:40,2021-10-27 16:22:40,未还
1485,2000027381,昭奚旧草下,24.9,I247.5/6187,1147431798,19造价大专1,2021-09-27 16:22:45,2021-10-27 16:22:45,未还
1486,2000032189,物种起源,42,Q111.2/10,1147431798,19造价大专1,2021-09-27 16:22:47,2021-10-27 16:22:47,未还
1487,2000039266,大唐悬疑录.4.大明宫密码,52,I247.57/4236,1147431798,19造价大专1,2021-09-27 16:22:49,2021-10-27 16:22:49,未还
1488,2000021167,边城,22,I246.5/78,1147431798,19造价大专1,2021-09-27 16:22:51,2021-10-27 16:22:51,未还
1489,2000039565,五味子,49.8,I247.57/4241,1147431798,19造价大专1,2021-09-27 16:22:55,2021-10-27 16:22:55,未还
1490,2000036302,北京西郊故事集,42,I247.7/2165,1147431798,19造价大专1,2021-09-27 16:22:56,2021-10-27 16:22:56,未还
1491,2000029649,破城,28,I247.59/215,1147431798,19造价大专1,2021-09-27 16:22:59,2021-10-27 16:22:59,未还
1492,2000027005,沙海,34.9,I25/10327,1147431798,19造价大专1,2021-09-27 16:23:04,2021-10-27 16:23:04,未还
1493,2000037718,曾有少年时,49,I247.81/42,1147431798,19造价大专1,2021-09-27 16:23:05,2021-10-27 16:23:05,未还
1494,2000039501,冬季里的春闱,75,I25/10348,1147431798,19造价大专1,2021-09-27 16:23:08,2021-10-27 16:23:08,未还
1495,2000012523,论灵魂的激情,24,B089/1,1147431798,19造价大专1,2021-09-27 16:23:11,2021-10-27 16:23:11,未还
1496,2000026595,吾国与吾民,49,C955.2/9,1147431798,19造价大专1,2021-09-27 16:23:14,2021-10-27 16:23:14,未还
1497,2000018545,写给老师的中国绘画史,38,J209.2/20,1147431798,19造价大专1,2021-09-27 16:23:17,2021-10-27 16:23:17,未还
1498,2000029219,孤儿列车,46.8,I561.45/375,1147431798,19造价大专1,2021-09-27 16:23:20,2021-10-27 16:23:20,未还
1499,2000036569,明朝伪君子,29.8,I247.53/176,0572351292,21房产大专,2021-09-27 16:38:33,2021-10-27 16:38:33,未还
1500,1000130371,努尔哈赤,32,I247.53/76,0572351292,21房产大专,2021-09-27 16:38:36,2021-10-27 16:38:36,未还
1501,2000014892,呐喊·彷徨·故事新编,39,I210.6/2,0572351292,21房产大专,2021-09-27 16:38:40,2021-10-27 16:38:40,未还
1502,2000018493,大明王朝1566上,44,I247.53/136,0572351292,21房产大专,2021-09-27 16:38:44,2021-10-27 16:38:44,未还
1503,2000018494,大明王朝1566下,44,I247.53/137,0572351292,21房产大专,2021-09-27 16:38:47,2021-10-27 16:38:47,未还
68564,2000034572,庆余年2,39,I247.5/6268,1146792726,20鲁班实验2,2021-09-28 11:32:00,2021-10-28 11:32:00,2021-09-29 11:52:38
69130,2000025361,好好学习,42,B0/1,2661101883,19施工大专2,2021-09-28 11:42:00,2021-10-28 11:42:00,2021-10-15 11:38:55
68562,2000001861,地心游记,21,I565.44/457,1147112102,20施工大专3,2021-09-28 11:45:00,2021-10-28 11:45:00,2021-09-29 11:46:19
68563,2000035313,怪奇事物所,58,Z228/2228,0572255116,21施工大专4,2021-09-28 11:55:00,2021-10-28 11:55:00,2021-09-29 11:48:42
68971,2000038132,斗罗大陆第四部17,32,I247.59/255,2508751918,20楼宇大专1,2021-09-28 12:01:00,2021-10-28 12:01:00,2021-10-12 11:50:03
856,2000037747,全球化与国家竞争,78,F11/1,0572850412,21施工大专4,2021-09-28 12:04:45,2021-10-28 12:04:45,未还
1278,2000018270,半小时漫画中国史,39.9,K209/1144,0649729680,20楼宇大专1,2021-09-28 12:05:46,2021-10-28 12:05:46,未还
68960,2000006610,神雕侠侣（一）,27,I247.58/154,0649729680,20楼宇大专1,2021-09-28 12:06:00,2021-10-28 12:06:00,2021-10-11 16:06:55
69065,1000116611,入缵大统,35,J212/300,0649729680,20楼宇大专1,2021-09-28 12:06:00,2021-10-28 12:06:00,2021-10-14 11:24:09
68643,2000018750,藏龙诀,39.8,I247.5/6105,0572423740,21楼宇大专1,2021-09-28 12:07:00,2021-10-28 12:07:00,2021-09-29 12:52:27
68746,2000034337,琴帝16,29.8,I247.59/237,0622044444,19装饰大专3,2021-09-28 12:18:00,2021-10-28 12:18:00,2021-10-08 13:04:03
68658,2000037855,斗罗大陆第四部10,32,I247.59/248,0573953196,20园林大专,2021-09-28 12:20:00,2021-10-28 12:20:00,2021-09-29 16:05:39
68659,2000037857,斗罗大陆第四部11,32,I247.59/249,1148320230,20园林大专,2021-09-28 12:20:00,2021-10-28 12:20:00,2021-09-29 16:05:42
222,2000010518,全国BIM技能培训教程Revit初级,68,TU201.4/17,1147563766,20施工大专1,2021-09-28 12:20:37,2021-10-28 12:20:37,未还
68642,2000040514,吴邪的私家笔记,55,I247.7/2182,2508537966,20市政大专,2021-09-28 12:21:00,2021-10-28 12:21:00,2021-09-29 12:52:03
68624,2000034313,琴帝4,29.8,I247.59/225,0573327356,21房产大专,2021-09-28 12:23:00,2021-10-28 12:23:00,2021-09-29 12:16:15
322,1200006355,建筑设计师材料语言--混凝土,88,TU5/21,0575879052,21造价大专1,2021-09-28 12:27:18,2021-10-28 12:27:18,未还
549,1200008351,建筑材料员上岗指南--不可不知的500个关键细节/建筑施工关键岗位管理人员上岗指南丛书,45,TU5/24,0575879052,21造价大专1,2021-09-28 12:27:47,2021-10-28 12:27:47,未还
69026,2000035368,安居乐业.上,34.9,I247.5/6279,1252379042,19视觉大专,2021-09-28 12:28:00,2021-10-28 12:28:00,2021-10-13 12:11:44
603,1100035018,建设工程造价管理相关文件汇编,38,TU723.3/30,0575879052,21造价大专1,2021-09-28 12:28:05,2021-10-28 12:28:05,未还
605,2000001596,建筑工程造价,39,TU723.3/61,0575879052,21造价大专1,2021-09-28 12:28:15,2021-10-28 12:28:15,未还
720,2000015559,建设工程人文实论,50,TU/76,0575879052,21造价大专1,2021-09-28 12:28:26,2021-10-28 12:28:26,未还
721,2000000076,工程造价软件应用,60,TU723.3/54,0575879052,21造价大专1,2021-09-28 12:28:49,2021-10-28 12:28:49,未还
727,2000017510,土木工程概论,48,TU/78,0575879052,21造价大专1,2021-09-28 12:28:59,2021-10-28 12:28:59,未还
69323,2000039726,灯塔男孩,45,I551.45/7,2661507211,19装饰大专3,2021-09-28 12:29:00,2021-10-28 12:29:00,2021-10-19 12:14:35
1009,2000012322,造价员,24,TU723.32/20,0575879052,21造价大专1,2021-09-28 12:29:22,2021-10-28 12:29:22,未还
69317,2000020733,你是我不及的梦,29.5,I267/3181,2661507211,19装饰大专3,2021-09-28 12:30:00,2021-10-28 12:30:00,2021-10-19 12:13:49
69318,2000036398,天使日记,52,I267.5/45,2661507211,19装饰大专3,2021-09-28 12:30:00,2021-10-28 12:30:00,2021-10-19 12:13:56
69324,2000004437,平凡的世界第三部,26.6,I247.5/5939,2661507211,19装饰大专3,2021-09-28 12:30:00,2021-10-28 12:30:00,2021-10-19 12:14:38
69326,2000037707,清华园日记,59.8,I267.5/47,2661507211,19装饰大专3,2021-09-28 12:30:00,2021-10-28 12:30:00,2021-10-19 12:14:52
69328,2000016818,食光深处的温暖,39.8,I267/3125,2661507211,19装饰大专3,2021-09-28 12:30:00,2021-10-28 12:30:00,2021-10-19 12:15:12
69332,2000034235,八九十枝花,49,I267.1/2615,2661507211,19装饰大专3,2021-09-28 12:30:00,2021-10-28 12:30:00,2021-10-19 12:15:41
69333,2000036498,马可瓦尔多,42,I546.45/6,2661507211,19装饰大专3,2021-09-28 12:30:00,2021-10-28 12:30:00,2021-10-19 12:15:51
69335,2000016786,笔记中的动物,39,I267/3123,2661507211,19装饰大专3,2021-09-28 12:30:00,2021-10-28 12:30:00,2021-10-19 12:16:34
69338,2000020392,泥步修行,39.8,I267/3175,2661507211,19装饰大专3,2021-09-28 12:30:00,2021-10-28 12:30:00,2021-10-19 12:16:44
1378,2000027432,诛仙,32.8,I247.5/6026,2661423563,19视觉大专,2021-09-28 12:30:23,2021-10-28 12:30:23,未还
1511,2000008219,土力学,40,TU43/5,0575879052,21造价大专1,2021-09-28 12:30:54,2021-10-28 12:30:54,未还
68715,2000006905,龙族（Ⅲ黑月之潮（下））,36.8,I247.5/5990,0572512444,21装饰大专3,2021-09-28 12:31:00,2021-10-28 12:31:00,2021-10-08 12:17:18
68716,2000023720,龙族（Ⅳ奥丁之源）,32,I274.5/2,0571865388,21装饰大专3,2021-09-28 12:31:00,2021-10-28 12:31:00,2021-10-08 12:17:42
69319,2000009918,夏日庭院,35,I313.84/1,2661507211,19装饰大专3,2021-09-28 12:31:00,2021-10-28 12:31:00,2021-10-19 12:14:02
69322,2000027022,如父如子,49.8,I313.45/349,2661507211,19装饰大专3,2021-09-28 12:31:00,2021-10-28 12:31:00,2021-10-19 12:14:31
69329,2000007527,雅舍谈吃,29.8,I266/518,2661507211,19装饰大专3,2021-09-28 12:31:00,2021-10-28 12:31:00,2021-10-19 12:15:18
69330,2000029125,鱼河岸小店,45,I313.45/339,2661507211,19装饰大专3,2021-09-28 12:31:00,2021-10-28 12:31:00,2021-10-19 12:15:24
69331,2000029059,播种人的手绘日记,54.8,I313.65/23,2661507211,19装饰大专3,2021-09-28 12:31:00,2021-10-28 12:31:00,2021-10-19 12:15:31
69334,2000019038,1Q84 BOOK2(7月-9月)(精),36,I313.45/289,2661507211,19装饰大专3,2021-09-28 12:31:00,2021-10-28 12:31:00,2021-10-19 12:16:15
69339,2000018985,离开前请叫醒我,36.8,I217.2/130,2661507211,19装饰大专3,2021-09-28 12:31:00,2021-10-28 12:31:00,2021-10-19 12:16:56
1529,1100035178,工程造价常识与示例,70,TU723.3/26,0575879052,21造价大专1,2021-09-28 12:31:59,2021-10-28 12:31:59,未还
68693,2000027580,古董局中局2,45,I247.57/4090,2660615259,19园林大专,2021-09-28 12:32:00,2021-10-28 12:32:00,2021-10-08 11:57:58
69327,2000034066,鹅,55,I247.57/4164,2661507211,19装饰大专3,2021-09-28 12:32:00,2021-10-28 12:32:00,2021-10-19 12:15:00
69336,2000029166,迷路人间,39.8,I247.7/2126,2661507211,19装饰大专3,2021-09-28 12:32:00,2021-10-28 12:32:00,2021-10-19 12:16:37
69337,2000024547,蛙,37,I247.57/4026,2661507211,19装饰大专3,2021-09-28 12:32:00,2021-10-28 12:32:00,2021-10-19 12:16:41
69527,2000021995,许三观卖血记,29,I247.57/4010,2661507211,19装饰大专3,2021-09-28 12:32:00,2021-10-28 12:32:00,2021-10-20 11:58:34
1530,2000006839,建筑结构与识图,27,TU204/101,0575879052,21造价大专1,2021-09-28 12:32:08,2021-10-28 12:32:08,未还
1531,2000006816,计算机辅助设计,47,TU204/103,0575879052,21造价大专1,2021-09-28 12:32:13,2021-10-28 12:32:13,未还
634,1100096505,建筑制图基础教程,43,TU204/50,0575879052,21造价大专1,2021-09-28 12:32:18,2021-10-28 12:32:18,未还
1533,1100035006,建筑工程计价,40,TU723.3/33,0575879052,21造价大专1,2021-09-28 12:32:25,2021-10-28 12:32:25,未还
1534,1100035022,项目监理工程造价控制手册,40,TU723.3/31,0575879052,21造价大专1,2021-09-28 12:32:30,2021-10-28 12:32:30,未还
1535,2000012463,细看图纸巧做建筑工程造价,45,TU723.32/21,0575879052,21造价大专1,2021-09-28 12:32:35,2021-10-28 12:32:35,未还
1536,2000017904,建筑工程清单计价实务,39,TU723.32/29,0575879052,21造价大专1,2021-09-28 12:32:40,2021-10-28 12:32:40,未还
635,2000000817,古建筑工程预算,49.8,TU723.33/1,0575879052,21造价大专1,2021-09-28 12:32:46,2021-10-28 12:32:46,未还
1538,2000020811,图解建筑工程现场细部施工做法,38,TU74/44,0575879052,21造价大专1,2021-09-28 12:32:51,2021-10-28 12:32:51,未还
1539,2000017505,通用安装工程识图与算量,49.8,TU723.32/27,0575879052,21造价大专1,2021-09-28 12:32:55,2021-10-28 12:32:55,未还
1541,2000038918,现代竹木结构,58,TU398/6,0575879052,21造价大专1,2021-09-28 12:32:59,2021-10-28 12:32:59,未还
68836,2000022000,在细雨中呼喊,29,I247.57/4011,2660338331,19装饰大专3,2021-09-28 12:33:00,2021-10-28 12:33:00,2021-10-11 12:19:03
1543,2000035778,经典之门.哲学宗教篇,67,Z422/4,0575879052,21造价大专1,2021-09-28 12:33:21,2021-10-28 12:33:21,未还
1546,2000029473,你最好的样子就是做自己,49.9,I267/3297,0575879052,21造价大专1,2021-09-28 12:33:27,2021-10-28 12:33:27,未还
1547,2000036320,聊斋新义,68,I247.5/6307,0575879052,21造价大专1,2021-09-28 12:33:34,2021-10-28 12:33:34,未还
1550,2000008225,建筑结构与识图,37,TU204/104,0575879052,21造价大专1,2021-09-28 12:33:40,2021-10-28 12:33:40,未还
827,2000037079,建筑CAD,32,TU201.4/115,0575879052,21造价大专1,2021-09-28 12:33:45,2021-10-28 12:33:45,未还
853,2000030459,详解AutoCAD 2018建筑设计,69,TU201.4/101,0575879052,21造价大专1,2021-09-28 12:33:52,2021-10-28 12:33:52,未还
1553,2000037084,建筑识图与构造,48.8,TU2/101,0575879052,21造价大专1,2021-09-28 12:33:57,2021-10-28 12:33:57,未还
68619,2000034316,琴帝5,29.8,I247.59/226,0649188816,20鲁班实验2,2021-09-28 12:34:00,2021-10-28 12:34:00,2021-09-29 12:12:38
69272,2000028976,一念桃花源,48,K203/1671,1147932198,20视觉大专,2021-09-28 12:34:00,2021-10-28 12:34:00,2021-10-19 11:44:17
1554,2000002123,探索未知的神秘现象,28.8,Z228.1/4,0575879052,21造价大专1,2021-09-28 12:34:05,2021-10-28 12:34:05,未还
1557,1100020274,建筑工程预算与报价,21,TU723.3/21,0575879052,21造价大专1,2021-09-28 12:34:10,2021-10-28 12:34:10,未还
69273,2000030117,国粹,65,K203/1673,1147932198,20视觉大专,2021-09-28 12:35:00,2021-10-28 12:35:00,2021-10-19 11:44:23
69274,2000039853,传统文化与古典戏曲,68.8,K203/1686,1147932198,20视觉大专,2021-09-28 12:35:00,2021-10-28 12:35:00,2021-10-19 11:44:28
71,2000014366,读者文摘精华,26,Z89/77,0572128924,21装饰大专4,2021-09-28 12:38:34,2021-10-28 12:38:34,未还
627,2000014363,读者文摘精华,28,Z89/76,0572128924,21装饰大专4,2021-09-28 12:38:48,2021-10-28 12:38:48,未还
747,2000014356,读者文摘精华,28,Z89/74,0572128924,21装饰大专4,2021-09-28 12:38:53,2021-10-28 12:38:53,未还
791,2000030791,2018中国年度中篇小说·下,46,Z89/91,0572128924,21装饰大专4,2021-09-28 12:38:58,2021-10-28 12:38:58,未还
829,2000030801,2018中国年度散文诗,45,Z89/96,0572128924,21装饰大专4,2021-09-28 12:39:04,2021-10-28 12:39:04,未还
1561,2000030799,2018中国年度随笔,45,Z89/95,0572128924,21装饰大专4,2021-09-28 12:39:09,2021-10-28 12:39:09,未还
1562,2000030798,2018中国年度短篇小说,48,Z89/94,0572128924,21装饰大专4,2021-09-28 12:39:15,2021-10-28 12:39:15,未还
1563,2000010306,诛仙大结局,32.8,I247.5/6024,0572128924,21装饰大专4,2021-09-28 12:39:21,2021-10-28 12:39:21,未还
1564,2000014360,读者文摘精华,28,Z89/75,0572128924,21装饰大专4,2021-09-28 12:39:27,2021-10-28 12:39:27,未还
1566,2000035401,秦岭迷藏,45,I247.56/1216,0572377580,21造价大专1,2021-09-28 12:39:43,2021-10-28 12:39:43,未还
1567,2000008069,最好的我们（上）,27.5,I247.57/1255,0572054220,21施工大专2,2021-09-28 12:39:52,2021-10-28 12:39:52,未还
1568,2000029310,知否知否应是绿肥红瘦4,42,I247.57/4117,2507926494,19园林大专,2021-09-28 12:40:03,2021-10-28 12:40:03,未还
1569,2000033543,山本,59,I247.57/4150,2508025198,19园林大专,2021-09-28 12:40:10,2021-10-28 12:40:10,未还
68565,2000037878,斗罗大陆第四部22,32,I247.59/260,2662179579,19楼宇大专1,2021-09-28 12:45:00,2021-10-28 12:45:00,2021-09-29 11:54:27
68629,2000024658,喜欢我也没关系,49.8,J228.2/205,0571477292,21造价大专1,2021-09-28 12:45:00,2021-10-28 12:45:00,2021-09-29 12:27:02
68980,2000036304,三叉戟,59,I247.5/6305,0574558444,19装饰大专3,2021-09-28 12:48:00,2021-10-28 12:48:00,2021-10-12 12:18:53
68979,2000038243,盗墓笔记(2),45,I247.5/6337,0615449344,19装饰大专3,2021-09-28 12:49:00,2021-10-28 12:49:00,2021-10-12 12:18:43
68719,2000027549,有匪,36,I247.57/4087,0572552588,21造价大专1,2021-09-28 12:50:00,2021-10-28 12:50:00,2021-10-08 12:20:05
68833,2000029329,舟而复始,38,I247.57/4121,0572571196,21造价大专1,2021-09-28 12:50:00,2021-10-28 12:50:00,2021-10-11 12:18:48
68978,2000036875,庆余年1,39,I247.5/6319,2661897051,19装饰大专3,2021-09-28 12:50:00,2021-10-28 12:50:00,2021-10-12 12:18:36
68834,2000038241,盗墓笔记(1),45,I247.5/6336,0571538252,21造价大专1,2021-09-28 12:51:00,2021-10-28 12:51:00,2021-10-11 12:18:54
68847,2000018814,一怒成仙上,34,I247.59/151,2508276398,19施工大专3,2021-09-28 12:51:00,2021-10-28 12:51:00,2021-10-11 12:22:52
68848,2000024076,诛仙伍,32.8,I247.5/6025,1548291282,19施工大专3,2021-09-28 12:51:00,2021-10-28 12:51:00,2021-10-11 12:22:58
68720,2000040140,冰菓1,25,J238.2/30,1147288598,20鲁班实验1,2021-09-28 12:53:00,2021-10-28 12:53:00,2021-10-08 12:20:15
69098,2000038144,斗罗大陆第四部23,32,I247.59/261,2662457851,19视觉大专,2021-09-28 12:56:00,2021-10-28 12:56:00,2021-10-14 13:07:30
535,2000015930,就喜欢你看不惯我又干不掉我的样子,46,J228.2/198,0572351292,21房产大专,2021-09-28 13:04:19,2021-10-28 13:04:19,未还
1583,2000018552,写给老师的中国建筑史,35,TU-092/49,0572351292,21房产大专,2021-09-28 13:04:22,2021-10-28 13:04:22,未还
1585,2000007989,海豚湾,45,I522.55/1,0572351292,21房产大专,2021-09-28 13:04:26,2021-10-28 13:04:26,未还
1590,2000036018,天工开物全鉴,48,N092/11,0572351292,21房产大专,2021-09-28 13:04:28,2021-10-28 13:04:28,未还
1591,2000035113,如果，哥白尼错了,79.9,N49/2265,0572351292,21房产大专,2021-09-28 13:04:32,2021-10-28 13:04:32,未还
1597,2000005735,自然史,65,N091/3,0572351292,21房产大专,2021-09-28 13:04:37,2021-10-28 13:04:37,未还
1598,2000036667,中国通史,39.8,K209/1188,0572351292,21房产大专,2021-09-28 13:04:42,2021-10-28 13:04:42,未还
1599,2000035037,五万年中国简史.上册,59.9,K209/1182,0572351292,21房产大专,2021-09-28 13:04:50,2021-10-28 13:04:50,未还
1611,2000005732,源氏物语(上),44,I313.43/1,0572351292,21房产大专,2021-09-28 13:05:05,2021-10-28 13:05:05,未还
1669,2000005734,源氏物语(下),44,I313.43/2,0572351292,21房产大专,2021-09-28 13:05:13,2021-10-28 13:05:13,未还
1677,2000026118,阿拉伯通史上,49,K370.0/1,0572351292,21房产大专,2021-09-28 13:05:19,2021-10-28 13:05:19,未还
1682,2000036893,菊花王朝,98,K313.09/2,0572351292,21房产大专,2021-09-28 13:05:23,2021-10-28 13:05:23,未还
1856,2000026474,1949-1956年间的中国,65,K27/1,0572351292,21房产大专,2021-09-28 13:05:30,2021-10-28 13:05:30,未还
1857,2000026906,元尊,32.8,I247.57/4071,2508376974,19市政大专,2021-09-28 13:05:45,2021-10-28 13:05:45,未还
68984,2000037251,他来时有星光,45,I247.5/6328,2660431131,19装饰大专3,2021-09-28 13:06:00,2021-10-28 13:06:00,2021-10-12 12:19:56
68628,2000034260,惊鸿,68,I247.57/4180,0571683980,21装饰大专4,2021-09-28 13:07:00,2021-10-28 13:07:00,2021-09-29 12:23:39
69029,2000018079,大秦帝国(全新修订版共11册),54.4,I247.5/6091,2660684347,19市政大专,2021-09-28 13:07:00,2021-10-28 13:07:00,2021-10-13 12:19:50
69030,2000018081,大秦帝国(全新修订版共11册),54.4,I247.5/6092,2660684347,19市政大专,2021-09-28 13:07:00,2021-10-28 13:07:00,2021-10-13 12:19:56
68636,2000037869,斗罗大陆第四部17,32,I247.59/255,2508738622,19装饰大专3,2021-09-28 13:08:00,2021-10-28 13:08:00,2021-09-29 12:40:51
68638,2000038128,斗罗大陆第四部15,32,I247.59/253,0575878124,19装饰大专3,2021-09-28 13:08:00,2021-10-28 13:08:00,2021-09-29 12:41:01
68760,2000037870,斗罗大陆第四部18,32,I247.59/256,2661583163,19装饰大专3,2021-09-28 13:09:00,2021-10-28 13:09:00,2021-10-08 13:16:28
68633,2000027436,斗罗大陆第三部1,28,I247.59/181,1549488066,19装饰大专3,2021-09-28 13:10:00,2021-10-28 13:10:00,2021-09-29 12:38:32
68644,2000032511,非人哉,45,J228.2/280,0571605660,21楼宇大专2,2021-09-28 13:10:00,2021-10-28 13:10:00,2021-09-29 13:04:42
69054,2000037960,活着,35,I247.5/6203,0572388796,21楼宇大专1,2021-09-28 13:11:00,2021-10-28 13:11:00,2021-10-13 16:48:30
68557,2000027920,光之子1,40,I247.59/207,0571450172,21楼宇大专1,2021-09-28 13:13:00,2021-10-28 13:13:00,2021-09-29 10:40:06
68632,2000006948,倚天屠龙记（三）,27,I247.5/5979,0571487148,21楼宇大专1,2021-09-28 13:13:00,2021-10-28 13:13:00,2021-09-29 12:37:32
68594,2000021746,情书(精),25,I313.45/314,2508813534,19造价大专2,2021-09-28 13:17:00,2021-10-28 13:17:00,2021-09-29 12:00:28
68652,2000032515,非人哉,49.8,J228.2/282,0571724892,21楼宇大专2,2021-09-28 13:19:00,2021-10-28 13:19:00,2021-09-29 15:59:07
68637,2000038130,斗罗大陆第四部16,32,I247.59/254,0239442134,19装饰大专3,2021-09-28 13:21:00,2021-10-28 13:21:00,2021-09-29 12:40:56
68755,2000038137,斗罗大陆第四部19,32,I247.59/257,2661711451,19装饰大专3,2021-09-28 13:21:00,2021-10-28 13:21:00,2021-10-08 13:08:16
68907,2000013579,三体,23,I247.5/5902,0575497804,21楼宇大专1,2021-09-28 13:21:00,2021-10-28 13:21:00,2021-10-11 13:10:58
68645,2000034328,琴帝11,29.8,I247.59/232,2508119662,19市政大专,2021-09-28 13:23:00,2021-10-28 13:23:00,2021-09-29 13:05:00
68691,2000032510,非人哉,45,J228.2/279,2661971835,19装饰大专3,2021-09-28 13:26:00,2021-10-28 13:26:00,2021-10-08 11:46:09
68758,2000018916,哲瑞·雷恩的最后一案,35,I712.45/896,0647967472,20施工大专1,2021-09-28 13:26:00,2021-10-28 13:26:00,2021-10-08 13:08:48
763,2000036351,剑来 1：少年起微末,40,I247.58/197,1148645542,19市政大专,2021-09-28 15:59:40,2021-10-28 15:59:40,未还
68748,2000038187,庆余年6,39,I247.5/6335,0572389212,21楼宇大专1,2021-09-28 16:01:00,2021-10-28 16:01:00,2021-10-08 13:04:55
68647,2000034330,琴帝12,29.8,I247.59/233,2508208990,19市政大专,2021-09-28 16:03:00,2021-10-28 16:03:00,2021-09-29 13:05:18
68556,2000037845,斗罗大陆第四部5,32,I247.59/243,2661002651,19施工大专3,2021-09-28 16:06:00,2021-10-28 16:06:00,2021-09-29 10:40:02
68863,2000034262,帝皇书I上册,32,I247.57/4181,2508989934,20施工大专4,2021-09-28 16:09:00,2021-10-28 16:09:00,2021-10-11 12:25:17
68717,2000032318,狗王,25,I287.7/22,0572281644,21施工中专1,2021-09-28 16:11:00,2021-10-28 16:11:00,2021-10-08 12:17:47
68943,2000034938,疯了!桂宝.23，乐星卷,45,J228.2/292,0571638748,21施工中专1,2021-09-28 16:11:00,2021-10-28 16:11:00,2021-10-11 16:03:34
68656,2000037841,斗罗大陆第四部3,32,I247.59/241,0572583084,21施工中专1,2021-09-28 16:12:00,2021-10-28 16:12:00,2021-09-29 16:00:04
68933,2000030557,上海堡垒,38,I247.5/6204,0572545948,21施工大专4,2021-09-28 16:12:00,2021-10-28 16:12:00,2021-10-11 16:00:30
68934,2000027921,光之子1,40,I247.59/207,0571753244,21施工大专4,2021-09-28 16:12:00,2021-10-28 16:12:00,2021-10-11 16:00:34
68935,2000027924,光之子3,39,I247.59/209,0571644988,21施工大专4,2021-09-28 16:12:00,2021-10-28 16:12:00,2021-10-11 16:00:37
68936,2000027923,光之子2,39,I247.59/208,0572465660,21施工大专4,2021-09-28 16:12:00,2021-10-28 16:12:00,2021-10-11 16:00:40
68655,2000038006,斗罗大陆第四部2,32,I247.59/265,0572790620,21施工中专1,2021-09-28 16:13:00,2021-10-28 16:13:00,2021-09-29 16:00:01
68944,2000006871,刺客信条 兄弟会,40,I561.45/281,0572593484,21施工中专1,2021-09-28 16:13:00,2021-10-28 16:13:00,2021-10-11 16:03:37
68770,2000038149,斗罗大陆第四部25,32,I247.59/263,2661860747,19施工大专3,2021-09-28 16:17:00,2021-10-28 16:17:00,2021-10-08 13:26:53
2136,2000035623,听雷,49.8,I247.5/6295,0572761756,19施工大专3,2021-09-28 16:17:35,2021-10-28 16:17:35,未还
69252,2000014564,门萨数独游戏500题,39,G898.2/137,0572683292,21鲁班实验,2021-09-28 16:35:00,2021-10-28 16:35:00,2021-10-18 16:02:02
1442,1100075217,这样读《资治通鉴》（ 第一部）,29,K204/1016,0614316032,20鲁班实验2,2021-09-28 16:39:03,2021-10-28 16:39:03,未还
69019,2000038113,斗罗大陆第四部6,32,I247.59/244,2661002651,19施工大专3,2021-09-29 11:38:00,2021-10-29 11:38:00,2021-10-13 09:47:30
68842,2000035433,吹哨人,45,I247.5/6288,1146970646,19楼宇大专1,2021-09-29 11:41:00,2021-10-29 11:41:00,2021-10-11 12:21:43
69127,2000010283,哑舍贰,25,I247.5/6021,1448079282,21造价大专2,2021-09-29 11:45:00,2021-10-29 11:45:00,2021-10-15 09:53:30
69377,2000029570,狂人日记,39.8,I210.6/3,1147645958,21装饰大专2,2021-09-29 11:47:00,2021-10-29 11:47:00,2021-10-19 15:35:58
68773,2000040815,斗罗大陆第四部2,32,I247.59/265,1147507590,20园林大专,2021-09-29 11:48:00,2021-10-29 11:48:00,2021-10-08 14:16:36
68685,2000034574,庆余年3,39,I247.5/6269,1146792726,20鲁班实验2,2021-09-29 11:53:00,2021-10-29 11:53:00,2021-10-08 11:41:33
69095,2000007292,神秘岛(权威全译插图典藏版成长必读权威定本),28,I565.44/468,1147112102,20施工大专3,2021-09-29 11:53:00,2021-10-29 11:53:00,2021-10-14 13:03:14
68649,2000026450,AutoCAD建筑制图教程,45,TU204/125,0572319996,21造价大专1,2021-09-29 11:56:00,2021-10-29 11:56:00,2021-09-29 13:10:00
68709,2000016282,图说心理学,29.8,B84/551,0572255116,21施工大专4,2021-09-29 11:58:00,2021-10-29 11:58:00,2021-10-08 12:05:43
146,1000006663,四书五经（中）,19,B222/3,0649729680,20楼宇大专1,2021-09-29 12:06:29,2021-10-29 12:06:29,未还
147,1000006664,四书五经（下）,19,B222/4,0649729680,20楼宇大专1,2021-09-29 12:06:36,2021-10-29 12:06:36,未还
168,1000006662,四书五经（上）,19,B222/2,0649729680,20楼宇大专1,2021-09-29 12:06:42,2021-10-29 12:06:42,未还
69109,2000029170,残次品下册,42.5,I247.55/26,0648285568,20鲁班实验2,2021-09-29 12:11:00,2021-10-29 12:11:00,2021-10-14 16:00:05
169,2000010918,爱上动漫（表情与动作素描技法）,35,J214/298,1148528022,20施工大专1,2021-09-29 12:13:37,2021-10-29 12:13:37,未还
203,2000010916,爱上动漫（体育格斗素描技法）,35,J214/297,1148528022,20施工大专1,2021-09-29 12:13:42,2021-10-29 12:13:42,未还
230,2000004421,超级漫画素描技法经典360例,39.9,J214/283,1148528022,20施工大专1,2021-09-29 12:13:54,2021-10-29 12:13:54,未还
232,2000004416,人物造型技法从入门到精通,39,J218.2/30,1148528022,20施工大专1,2021-09-29 12:13:57,2021-10-29 12:13:57,未还
281,2000004428,卡漫达人秀,39.8,J218.2/35,1148528022,20施工大专1,2021-09-29 12:14:05,2021-10-29 12:14:05,未还
284,1100076169,西点军校22条军规大全集,36,B848/539,1148528022,20施工大专1,2021-09-29 12:14:19,2021-10-29 12:14:19,未还
416,2000011245,墨菲定律,29.8,B848.4/815,1148528022,20施工大专1,2021-09-29 12:14:25,2021-10-29 12:14:25,未还
446,2000028563,博弈心理学,49.8,B84/565,1148528022,20施工大专1,2021-09-29 12:14:30,2021-10-29 12:14:30,未还
584,1100088234,超级漫画绘制实战手册,39,J218.2/15,1148528022,20施工大专1,2021-09-29 12:14:35,2021-10-29 12:14:35,未还
588,2000011812,爱上动漫,35,J214/303,1148528022,20施工大专1,2021-09-29 12:14:40,2021-10-29 12:14:40,未还
68733,2000034317,琴帝6,29.8,I247.59/227,0647885344,20鲁班实验2,2021-09-29 12:18:00,2021-10-29 12:18:00,2021-10-08 12:41:08
68734,2000038246,盗墓笔记(4),45,I247.5/6339,0647885344,20鲁班实验2,2021-09-29 12:18:00,2021-10-29 12:18:00,2021-10-08 12:41:16
68876,2000038249,盗墓笔记(5),45,I247.5/6340,0649188816,20鲁班实验2,2021-09-29 12:18:00,2021-10-29 12:18:00,2021-10-11 12:36:18
68879,2000014368,读者文摘精华,26,Z89/77,0647885344,20鲁班实验2,2021-09-29 12:18:00,2021-10-29 12:18:00,2021-10-11 12:37:16
68790,2000026918,元尊,32.8,I247.59/180,2662179579,19楼宇大专1,2021-09-29 12:19:00,2021-10-29 12:19:00,2021-10-09 13:36:12
69551,2000020398,走进奇妙的元素周期表,45,O6-64/1,0571675228,21楼宇大专1,2021-09-29 12:19:00,2021-10-29 12:19:00,2021-10-20 12:39:01
650,2000033351,化学的故事,48,O6-49/2,0571675228,21楼宇大专1,2021-09-29 12:19:28,2021-10-29 12:19:28,未还
69550,1100094528,慕容思炫侦探推理训练营/中学生智力思维训练系列,29.8,I247.7/1938,0571675228,21楼宇大专1,2021-09-29 12:20:00,2021-10-29 12:20:00,2021-10-20 12:38:56
69552,2000016874,我们·下,24.9,I247.5/6077,0571675228,21楼宇大专1,2021-09-29 12:20:00,2021-10-29 12:20:00,2021-10-20 12:39:05
69553,2000033630,1分钟物理,55,O4-49/61,0571675228,21楼宇大专1,2021-09-29 12:20:00,2021-10-29 12:20:00,2021-10-20 12:39:09
69554,2000005747,自然哲学的数学原理,58,O301/8,0571675228,21楼宇大专1,2021-09-29 12:20:00,2021-10-29 12:20:00,2021-10-20 12:39:17
68788,2000029425,夏摩山谷,58,I247.57/4125,0571683980,21装饰大专4,2021-09-29 12:34:00,2021-10-29 12:34:00,2021-10-09 12:03:11
68778,2000017697,古玉迷踪,39.8,I247.57/1341,0572545244,21装饰大专4,2021-09-29 12:35:00,2021-10-29 12:35:00,2021-10-08 16:02:52
68781,2000038107,斗罗大陆第四部3,32,I247.59/241,0571481564,21装饰大专4,2021-09-29 12:35:00,2021-10-29 12:35:00,2021-10-08 16:06:42
68864,2000036207,南江十七夏.上,39.9,I247.57/4204,1148329638,20施工大专2,2021-09-29 12:38:00,2021-10-29 12:38:00,2021-10-11 12:25:24
69121,2000037210,若不能相濡以沫,68,I247.57/4218,1147541030,20楼宇大专2,2021-09-29 12:38:00,2021-10-29 12:38:00,2021-10-14 16:07:36
695,2000037205,某某,49.8,I247.57/4217,1147541030,20楼宇大专2,2021-09-29 12:38:09,2021-10-29 12:38:09,未还
68756,2000038140,斗罗大陆第四部21,32,I247.59/259,1147734422,19装饰大专3,2021-09-29 12:44:00,2021-10-29 12:44:00,2021-10-08 13:08:19
68754,2000037874,斗罗大陆第四部20,32,I247.59/258,2660979355,19装饰大专3,2021-09-29 12:52:00,2021-10-29 12:52:00,2021-10-08 13:08:09
68757,2000038142,斗罗大陆第四部22,32,I247.59/260,0648182784,19装饰大专3,2021-09-29 12:54:00,2021-10-29 12:54:00,2021-10-08 13:08:24
68981,2000023727,龙族(Ⅲ黑月之潮（上）),29.8,I247.5/6160,2662238779,19装饰大专3,2021-09-29 12:54:00,2021-10-29 12:54:00,2021-10-12 12:19:06
68737,2000040813,斗罗大陆第四部7,32,I247.59/245,0572690828,21造价大专2,2021-09-29 12:55:00,2021-10-29 12:55:00,2021-10-08 12:41:36
696,2000018073,大秦帝国(全新修订版共11册),54.4,I247.5/6084,0086179184,19市政大专,2021-09-29 12:59:40,2021-10-29 12:59:40,未还
68731,2000035456,刑警罗宋,45,I247.5/6292,2508537966,20市政大专,2021-09-29 13:00:00,2021-10-29 13:00:00,2021-10-08 12:36:14
69346,2000017134,暗恋·橘生淮南下,29,I247.57/1301,0571531196,21艺术大专,2021-09-29 13:07:00,2021-10-29 13:07:00,2021-10-19 12:25:36
69347,2000014896,暗恋·橘生淮南上,29,I247.57/1300,0572646492,21艺术大专,2021-09-29 13:07:00,2021-10-29 13:07:00,2021-10-19 12:25:42
68654,2000034331,琴帝13,29.8,I247.59/234,2508119662,19市政大专,2021-09-29 13:08:00,2021-10-29 13:08:00,2021-09-29 15:59:36
68743,2000033673,AI迷航2,48,I247.55/38,2508208990,19市政大专,2021-09-29 13:08:00,2021-10-29 13:08:00,2021-10-08 12:58:29
68897,2000027584,古董局中局4,49.8,I247.57/4092,1146981222,19市政大专,2021-09-29 13:08:00,2021-10-29 13:08:00,2021-10-11 12:52:50
68989,2000029536,无羁,48,I247.58/195,0571688316,21楼宇大专2,2021-09-29 13:08:00,2021-10-29 13:08:00,2021-10-12 12:34:54
69360,2000031990,沈石溪十二生肖故事猴鸡狗猪,26,I247.7/2141,0572441820,21楼宇大专2,2021-09-29 13:08:00,2021-10-29 13:08:00,2021-10-19 13:00:23
68653,2000034078,漫画战逗法则,45,J228.2/289,0571605660,21楼宇大专2,2021-09-29 13:09:00,2021-10-29 13:09:00,2021-09-29 15:59:13
68727,2000006950,倚天屠龙记（四）,27,I247.5/5980,0571487148,21楼宇大专1,2021-09-29 13:09:00,2021-10-29 13:09:00,2021-10-08 12:28:38
68905,2000035347,少女侦探事件簿.2,34.9,I247.57/4200,0572423740,21楼宇大专1,2021-09-29 13:09:00,2021-10-29 13:09:00,2021-10-11 13:10:44
68721,1200020308,CSI犯罪现场调查,36,D918/15,0571477292,21造价大专1,2021-09-29 13:10:00,2021-10-29 13:10:00,2021-10-08 12:20:39
69207,2000029349,波清波是一只鹅,48,J228.2/267,2508813534,19造价大专2,2021-09-29 13:12:00,2021-10-29 13:12:00,2021-10-18 12:21:43
69204,2000025769,猫客,38,I313.45/337,2508813534,19造价大专2,2021-09-29 13:13:00,2021-10-29 13:13:00,2021-10-18 12:21:22
69206,2000027934,人间便利店,45,I313.45/353,2508813534,19造价大专2,2021-09-29 13:13:00,2021-10-29 13:13:00,2021-10-18 12:21:36
69209,2000021067,把生活折腾成你想要的样子,36,I267.1/2536,2508813534,19造价大专2,2021-09-29 13:13:00,2021-10-29 13:13:00,2021-10-18 12:21:58
69212,2000025743,今日店休,45,I313.65/21,2508813534,19造价大专2,2021-09-29 13:13:00,2021-10-29 13:13:00,2021-10-18 12:22:20
69541,2000034222,慕尔如星,36.8,I247.57/4175,2508813534,19造价大专2,2021-09-29 13:13:00,2021-10-29 13:13:00,2021-10-20 12:34:07
69543,2000021759,天黑以后(精),29.5,I313.45/315,2508813534,19造价大专2,2021-09-29 13:13:00,2021-10-29 13:13:00,2021-10-20 12:34:22
69545,2000035985,初恋,39.8,I512.44/109,2508813534,19造价大专2,2021-09-29 13:13:00,2021-10-29 13:13:00,2021-10-20 12:34:47
69546,2000025558,云边有个小卖部,42,I247.57/4056,2508813534,19造价大专2,2021-09-29 13:13:00,2021-10-29 13:13:00,2021-10-20 12:34:51
69548,2000019236,人间失格,45,I313.45/295,2508813534,19造价大专2,2021-09-29 13:13:00,2021-10-29 13:13:00,2021-10-20 12:35:57
68726,2000027935,人间便利店,45,I313.45/353,0572223228,20鲁班实验1,2021-09-29 13:14:00,2021-10-29 13:14:00,2021-10-08 12:28:19
68906,2000027922,光之子2,39,I247.59/208,0571450172,21楼宇大专1,2021-09-29 13:14:00,2021-10-29 13:14:00,2021-10-11 13:10:54
69205,2000034894,你说的那个朋友是不是你自己,42.8,J228.2/291,2508813534,19造价大专2,2021-09-29 13:14:00,2021-10-29 13:14:00,2021-10-18 12:21:28
69208,2000021148,暴走漫画,12,J228.2/217,2508813534,19造价大专2,2021-09-29 13:14:00,2021-10-29 13:14:00,2021-10-18 12:21:51
69210,2000036476,蓝溪镇.1,49.8,J228.2/299,2508813534,19造价大专2,2021-09-29 13:14:00,2021-10-29 13:14:00,2021-10-18 12:22:06
69211,2000021072,嗨，我喜欢你,45,J228.2/215,2508813534,19造价大专2,2021-09-29 13:14:00,2021-10-29 13:14:00,2021-10-18 12:22:13
69542,2000037849,斗罗大陆第四部7,32,I247.59/245,2508813534,19造价大专2,2021-09-29 13:14:00,2021-10-29 13:14:00,2021-10-20 12:34:11
69544,2000037928,你当我是浮夸吧,48,J228.2/309,2508813534,19造价大专2,2021-09-29 13:14:00,2021-10-29 13:14:00,2021-10-20 12:34:29
69547,2000018039,世界很小，而你刚好发光,36,I267/3141,2508813534,19造价大专2,2021-09-29 13:14:00,2021-10-29 13:14:00,2021-10-20 12:35:01
68861,2000037881,斗罗大陆第四部23,32,I247.59/261,1253340178,19装饰大专3,2021-09-29 13:17:00,2021-10-29 13:17:00,2021-10-11 12:25:04
1375,2000000115,土木工程制图,42,TU204.2/1,0572319996,21造价大专1,2021-09-29 13:17:11,2021-10-29 13:17:11,未还
1377,2000039563,海棠微雨共归途,49.8,I247.59/272,2509183630,19市政大专,2021-09-29 13:17:20,2021-10-29 13:17:20,未还
68665,2000034315,琴帝5,29.8,I247.59/226,0573327356,21房产大专,2021-09-29 13:18:00,2021-10-29 13:18:00,2021-09-30 08:58:56
69418,2000006910,龙族（Ⅳ奥丁之源）,32,I274.5/1,2508436510,19造价大专1,2021-09-29 13:24:00,2021-10-29 13:24:00,2021-10-20 10:40:28
69420,2000036976,龙族Ⅰ,43,I247.5/6324,0571733132,19造价大专1,2021-09-29 13:24:00,2021-10-29 13:24:00,2021-10-20 10:40:58
68664,2000034318,琴帝6,29.8,I247.59/227,0572415900,21房产大专,2021-09-29 13:25:00,2021-10-29 13:25:00,2021-09-30 08:58:51
68742,2000034334,琴帝14,29.8,I247.59/235,2508119662,19市政大专,2021-09-29 16:00:00,2021-10-29 16:00:00,2021-10-08 12:58:21
69251,2000037842,斗罗大陆第四部4,32,I247.59/242,0572583084,21施工中专1,2021-09-29 16:05:00,2021-10-29 16:05:00,2021-10-18 16:01:31
68783,2000037859,斗罗大陆第四部12,32,I247.59/250,1148320230,20园林大专,2021-09-29 16:07:00,2021-10-29 16:07:00,2021-10-08 16:07:08
68752,2000011185,现代军用枪械百科图典(修订版),69,E922.1/4,0571605660,21楼宇大专2,2021-09-29 16:08:00,2021-10-29 16:08:00,2021-10-08 13:07:02
68753,2000038173,龙族Ⅰ,43,I247.5/6324,0572451100,21楼宇大专2,2021-09-29 16:09:00,2021-10-29 16:09:00,2021-10-08 13:07:50
1466,2000013382,凡·高的向日葵,25,I267/3086,2508520110,19园林大专,2021-09-29 16:12:03,2021-10-29 16:12:03,未还
1571,2000035322,海棠经雨胭脂透,49,I247.57/4197,1545774514,19园林大专,2021-09-29 16:12:14,2021-10-29 16:12:14,未还
2116,2000021746,情书(精),25,I313.45/314,1545774514,19园林大专,2021-09-29 16:12:18,2021-10-29 16:12:18,未还
2120,2000019697,园冶,68,TU986/69,1545774514,19园林大专,2021-09-29 16:12:20,2021-10-29 16:12:20,未还
2122,2000027715,"此心安处,便是吾乡",49,I267/3270,1545774514,19园林大专,2021-09-29 16:12:25,2021-10-29 16:12:25,未还
2123,2000029314,知否知否应是绿肥红瘦大结局,42,I247.57/4119,1545774514,19园林大专,2021-09-29 16:12:28,2021-10-29 16:12:28,未还
2126,2000029312,知否知否应是绿肥红瘦5,42,I247.57/4118,1545774514,19园林大专,2021-09-29 16:12:31,2021-10-29 16:12:31,未还
2128,2000021677,风雪追击,39.8,I313.45/311,1545774514,19园林大专,2021-09-29 16:12:38,2021-10-29 16:12:38,未还
2133,1100088600,景观手绘表现基础技法,55,TU986.2/9,1545774514,19园林大专,2021-09-29 16:12:42,2021-10-29 16:12:42,未还
2138,2000008295,景观设计快速表现,69.8,TU986.2/28,1545774514,19园林大专,2021-09-29 16:12:52,2021-10-29 16:12:52,未还
2139,2000011351,园林景观手绘快速表现,49.8,TU986.2/32,1545774514,19园林大专,2021-09-29 16:12:55,2021-10-29 16:12:55,未还
2140,2000017855,后宫·如懿传·伍,32.8,I247.57/1349,1545774514,19园林大专,2021-09-29 16:12:58,2021-10-29 16:12:58,未还
2147,2000016454,后宫如懿传(2),32.8,I247.5/6065,1545774514,19园林大专,2021-09-29 16:13:02,2021-10-29 16:13:02,未还
2148,2000016456,后宫·如懿传3,32.8,I247.5/6066,1545774514,19园林大专,2021-09-29 16:13:05,2021-10-29 16:13:05,未还
2150,2000016459,后宫·如懿传4,32.8,I247.5/6067,1545774514,19园林大专,2021-09-29 16:13:08,2021-10-29 16:13:08,未还
2151,2000006672,天龙八部（一）,27.6,I247.5/5981,1545774514,19园林大专,2021-09-29 16:13:13,2021-10-29 16:13:13,未还
2152,2000006673,天龙八部（二）,27.6,I247.5/5982,1545774514,19园林大专,2021-09-29 16:13:17,2021-10-29 16:13:17,未还
2153,2000006676,天龙八部（三）,27.6,I247.5/5983,1545774514,19园林大专,2021-09-29 16:13:22,2021-10-29 16:13:22,未还
2154,2000006977,天龙八部（四）,27.6,I247.5/5984,1545774514,19园林大专,2021-09-29 16:13:26,2021-10-29 16:13:26,未还
2155,2000006979,天龙八部（五）,27.6,I247.5/5985,1545774514,19园林大专,2021-09-29 16:13:29,2021-10-29 16:13:29,未还
2156,2000024080,哈利·波特与魔法石,92,I561.84/14,1545774514,19园林大专,2021-09-29 16:13:36,2021-10-29 16:13:36,未还
2157,2000024083,哈利·波特与密室,92,I561.84/15,1545774514,19园林大专,2021-09-29 16:13:39,2021-10-29 16:13:39,未还
2163,2000024084,哈利·波特与阿兹卡班囚徒,92,I561.84/16,1545774514,19园林大专,2021-09-29 16:13:42,2021-10-29 16:13:42,未还
2167,2000024086,哈利·波特与火焰杯,92,I561.84/17,1545774514,19园林大专,2021-09-29 16:13:45,2021-10-29 16:13:45,未还
2178,2000024088,哈利·波特与凤凰社,92,I561.84/18,1545774514,19园林大专,2021-09-29 16:13:47,2021-10-29 16:13:47,未还
2179,2000024093,哈利·波特与死亡圣器,96,I561.84/20,1545774514,19园林大专,2021-09-29 16:13:50,2021-10-29 16:13:50,未还
2181,2000024091,哈利·波特与“混血王子”,92,I561.84/19,1545774514,19园林大专,2021-09-29 16:13:54,2021-10-29 16:13:54,未还
69221,2000040143,冰菓2,25,J238.2/31,0571517868,21施工大专4,2021-09-29 16:14:00,2021-10-29 16:14:00,2021-10-18 12:46:12
69222,2000026912,元尊,32.8,I247.59/177,0571799628,21施工大专4,2021-09-29 16:14:00,2021-10-29 16:14:00,2021-10-18 12:46:23
2185,2000029197,谢谢你 离开我,39.8,I267/3283,1545774514,19园林大专,2021-09-29 16:14:01,2021-10-29 16:14:01,未还
2186,2000029194,永不永不说再见,54.8,I267/3282,1545774514,19园林大专,2021-09-29 16:14:04,2021-10-29 16:14:04,未还
2188,2000027858,后来我学会了爱自己,48,I267/3272,1545774514,19园林大专,2021-09-29 16:14:07,2021-10-29 16:14:07,未还
2189,2000009873,余光中作品,33,I217.62/35,1545774514,19园林大专,2021-09-29 16:14:09,2021-10-29 16:14:09,未还
68736,2000034325,琴帝10,29.8,I247.59/231,0573327356,21房产大专,2021-09-30 08:59:00,2021-10-30 08:59:00,2021-10-08 12:41:31
68735,2000034324,琴帝9,29.8,I247.59/230,0571639180,21房产大专,2021-09-30 09:00:00,2021-10-30 09:00:00,2021-10-08 12:41:23
167,2000010572,锦绣未央3,25,I247.57/1283,0554037292,20园林大专,2021-09-30 10:29:00,2021-10-30 10:29:00,未还
277,2000029849,佛陀传,48,B949.935/1,0554037292,20园林大专,2021-09-30 10:29:03,2021-10-30 10:29:03,未还
685,2000028947,声之形2,12.8,J238/39,0554037292,20园林大专,2021-09-30 10:33:25,2021-10-30 10:33:25,未还
1015,2000010569,锦绣未央1,25,I247.57/1281,0554037292,20园林大专,2021-09-30 10:33:48,2021-10-30 10:33:48,未还
1339,2000010570,锦绣未央2,25,I247.57/1282,0554037292,20园林大专,2021-09-30 10:33:55,2021-10-30 10:33:55,未还
68682,2000028948,声之形3,12.8,J238/40,0554037292,20园林大专,2021-09-30 10:34:00,2021-10-30 10:34:00,2021-09-30 10:46:41
1452,2000029315,知否知否应是绿肥红瘦大结局,42,I247.57/4119,0554037292,20园林大专,2021-09-30 10:34:06,2021-10-30 10:34:06,未还
1505,2000029306,知否知否应是绿肥红瘦2,42,I247.57/4115,0554037292,20园林大专,2021-09-30 10:34:18,2021-10-30 10:34:18,未还
2192,2000029305,知否知否应是绿肥红瘦,42,I247.57/4114,0554037292,20园林大专,2021-09-30 10:34:25,2021-10-30 10:34:25,未还
2193,2000016453,后宫如懿传,32.8,I247.5/6064,0554037292,20园林大专,2021-09-30 10:34:32,2021-10-30 10:34:32,未还
2194,2000009573,清明上河图密码,49.9,I247.56/1189,0554037292,20园林大专,2021-09-30 10:34:41,2021-10-30 10:34:41,未还
2195,2000024256,清明上河图密码2,49.9,I247.56/1188,0554037292,20园林大专,2021-09-30 10:34:56,2021-10-30 10:34:56,未还
2200,2000011957,爱上动漫Q版人物素描技法,35,J218.2/48,0554037292,20园林大专,2021-09-30 10:35:11,2021-10-30 10:35:11,未还
2201,1100088239,超级漫画绘制实战手册,39,J218.2/14,0554037292,20园林大专,2021-09-30 10:35:21,2021-10-30 10:35:21,未还
2202,2000004415,人物造型技法从入门到精通,39,J218.2/30,0554037292,20园林大专,2021-09-30 10:35:29,2021-10-30 10:35:29,未还
2203,2000011818,爱上动漫,35,J218.2/42,0554037292,20园林大专,2021-09-30 10:35:37,2021-10-30 10:35:37,未还
68992,2000024041,盗墓笔记(3),32.8,I247.5/5956,0571677964,21装饰大专4,2021-09-30 10:37:00,2021-10-30 10:37:00,2021-10-12 13:13:01
69372,2000001189,哈利·波特与死亡圣器,66,I561.84/5,0572344012,21装饰大专4,2021-09-30 10:40:00,2021-10-30 10:40:00,2021-10-19 13:15:01
163,2000035161,每天懂点幽默沟通学,39.8,H019/87,2662367003,19施工大专2,2021-09-30 10:49:27,2021-10-30 10:49:27,未还
706,2000018758,我有特殊的侦探技巧上,26,I247.56/1190,0554037292,20园林大专,2021-09-30 10:50:31,2021-10-30 10:50:31,未还
69376,2000004334,我的第一本英语语法书,36,H314/2,0554037292,20园林大专,2021-09-30 10:51:00,2021-10-30 10:51:00,2021-10-19 15:09:56
69564,2000034690,蝙蝠侠：黑暗骑士崛起,49.8,H319.4/1170,0554037292,20园林大专,2021-09-30 10:51:00,2021-10-30 10:51:00,2021-10-20 12:59:37
69565,2000034685,超人：钢铁之躯,49.8,H319.4/1168,0554037292,20园林大专,2021-09-30 10:51:00,2021-10-30 10:51:00,2021-10-20 12:59:41
69566,2000034693,复仇者联盟3,45,H319.4/1172,0554037292,20园林大专,2021-09-30 10:51:00,2021-10-30 10:51:00,2021-10-20 12:59:45
69567,2000034682,复仇者联盟2,45,H319.4/1166,0554037292,20园林大专,2021-09-30 10:51:00,2021-10-30 10:51:00,2021-10-20 12:59:54
69568,2000034692,复仇者联盟1,45,H319.4/1171,0554037292,20园林大专,2021-09-30 10:51:00,2021-10-30 10:51:00,2021-10-20 13:00:02
1276,2000004291,火星救援,38,I712.45/807,0554037292,20园林大专,2021-09-30 10:51:11,2021-10-30 10:51:11,未还
1277,2000034699,蚁人,45,H319.4/1175,0554037292,20园林大专,2021-09-30 10:51:17,2021-10-30 10:51:17,未还
1323,2000040791,星际穿越,49.8,H319.4/1173,0554037292,20园林大专,2021-09-30 10:51:22,2021-10-30 10:51:22,未还
2204,2000035125,奇异博士,45,H319.4/1179,0554037292,20园林大专,2021-09-30 10:51:29,2021-10-30 10:51:29,未还
2207,2000004279,饥饿游戏1,28,I712.45/804,0554037292,20园林大专,2021-09-30 10:51:46,2021-10-30 10:51:46,未还
2208,2000005109,追风筝的人,29,I712.45/792,0554037292,20园林大专,2021-09-30 10:51:57,2021-10-30 10:51:57,未还
69129,2000002508,实用英语语法,12.5,H314/1,0554037292,20园林大专,2021-09-30 10:52:00,2021-10-30 10:52:00,2021-10-15 10:38:32
1091,8000002263,大众摄影,0,J4,2662467259,19园林大专,2021-10-08 00:00:00,2021-11-07 00:00:00,未还
979,8000001975,世界时装之苑-ELLE,0,J,0574288220,19楼宇大专2,2021-10-08 00:00:00,2021-11-07 00:00:00,2021-10-11 12:52:00
1352,2000029735,怪人们,35,I313.45/363,0554037292,20园林大专,2021-10-08 11:38:57,2021-11-07 11:38:57,未还
69018,2000033714,龙缘2,24.9,I247.5/6251,0571865708,21楼宇大专1,2021-10-08 11:41:00,2021-11-07 11:41:00,2021-10-13 07:39:17
68785,2000038181,庆余年4,39,I247.5/6322,1146792726,20鲁班实验2,2021-10-08 11:43:00,2021-11-07 11:43:00,2021-10-09 11:44:14
68892,2000035881,沿着季风的方向,42,I267.4/147,0572444220,20楼宇大专1,2021-10-08 11:50:00,2021-11-07 11:50:00,2021-10-11 12:47:00
196,2000005338,四书章句集注/古典名著聚珍文库,24,B222.12/1,0649729680,20楼宇大专1,2021-10-08 11:59:17,2021-11-07 11:59:17,未还
397,2000002448,论语·孟子,32.8,B222.5/56,0649729680,20楼宇大专1,2021-10-08 11:59:26,2021-11-07 11:59:26,未还
677,1000146917,四书五经,32.8,B222.1/12,0649729680,20楼宇大专1,2021-10-08 11:59:33,2021-11-07 11:59:33,未还
743,1000146526,大学·中庸,32.8,B222.14/2,0649729680,20楼宇大专1,2021-10-08 11:59:40,2021-11-07 11:59:40,未还
783,1100080285,四书,24.9,B222.1/9,0649729680,20楼宇大专1,2021-10-08 11:59:47,2021-11-07 11:59:47,未还
1314,2000035621,听雷.2,49.8,I247.5/6294,2662418283,19园林大专,2021-10-08 12:02:45,2021-11-07 12:02:45,未还
1374,2000027583,古董局中局3,45,I247.57/4091,2660615259,19园林大专,2021-10-08 12:02:56,2021-11-07 12:02:56,未还
68972,2000004661,500个冷门知识,19.8,Z228/2156,0572255116,21施工大专4,2021-10-08 12:07:00,2021-11-07 12:07:00,2021-10-12 11:53:26
69045,2000027010,延禧攻略,44,I247.57/4079,1148314150,20园林大专,2021-10-08 12:12:00,2021-11-07 12:12:00,2021-10-13 15:59:30
717,2000035922,将进酒.下,34,I247.5/6300,0571587452,21古建大专,2021-10-08 12:12:20,2021-11-07 12:12:20,未还
718,2000035097,园林建筑材料与构造,55,TU986.4/27,0572510476,21古建大专,2021-10-08 12:13:03,2021-11-07 12:13:03,未还
719,2000018234,活着,20,I247.5/6095,0572510476,21古建大专,2021-10-08 12:13:24,2021-11-07 12:13:24,未还
567,2000022006,兄弟/余华作品,43,I247.5/6148,0572510476,21古建大专,2021-10-08 12:13:52,2021-11-07 12:13:52,未还
722,2000013577,三体(Ⅱ黑暗森林)/中国科幻基石丛书,32,I247.5/5900,0572510476,21古建大专,2021-10-08 12:13:58,2021-11-07 12:13:58,未还
723,2000006071,三体,23,I247.5/5902,0572510476,21古建大专,2021-10-08 12:14:02,2021-11-07 12:14:02,未还
724,1100069110,中国建筑艺术20讲,68,TU862/3,0572510476,21古建大专,2021-10-08 12:14:09,2021-11-07 12:14:09,未还
725,2000002924,素描的诀窍,28,J214/278,0572510476,21古建大专,2021-10-08 12:15:03,2021-11-07 12:15:03,未还
729,1200012097,FBI心理暗示术,29.8,C912/4138,0572510476,21古建大专,2021-10-08 12:15:10,2021-11-07 12:15:10,未还
764,2000018004,组长珍藏的高考满分作文,39.8,G634.343/12,0572510476,21古建大专,2021-10-08 12:15:15,2021-11-07 12:15:15,未还
990,2000004303,每天玩一个思维游戏,29.8,G898.2/131,0572510476,21古建大专,2021-10-08 12:15:29,2021-11-07 12:15:29,未还
992,2000016525,你是人间四月天,49.8,I216.2/95,0572510476,21古建大专,2021-10-08 12:15:36,2021-11-07 12:15:36,未还
993,2000031787,阿Q正传,20,I210.6/4,0572510476,21古建大专,2021-10-08 12:15:43,2021-11-07 12:15:43,未还
994,2000020363,围城,36,I247.57/3967,0572510476,21古建大专,2021-10-08 12:15:51,2021-11-07 12:15:51,未还
995,2000020057,狼图腾,39.8,I247.5/5947,0572510476,21古建大专,2021-10-08 12:15:57,2021-11-07 12:15:57,未还
1004,2000006068,三体(Ⅲ死神永生)/中国科幻基石丛书,38,I247.5/5899,0572510476,21古建大专,2021-10-08 12:16:06,2021-11-07 12:16:06,未还
1297,1200015320,中国古典园林设计,69,TU986/58,0572510476,21古建大专,2021-10-08 12:16:14,2021-11-07 12:16:14,未还
1526,1100037711,园林制图,28.8,TU986.2/3,0572510476,21古建大专,2021-10-08 12:16:23,2021-11-07 12:16:23,未还
2210,1100002091,中国古亭,45,TU986.4/7,0572510476,21古建大专,2021-10-08 12:16:30,2021-11-07 12:16:30,未还
243,2000038038,全科医生诊疗手册,48,R4/36,0649729680,20楼宇大专1,2021-10-08 12:18:06,2021-11-07 12:18:06,未还
779,1000146918,颜氏家训孔子家语,32.8,B823.1/21,0649729680,20楼宇大专1,2021-10-08 12:18:12,2021-11-07 12:18:12,未还
1253,1000146518,菜根谭,32.8,B825/1670,0649729680,20楼宇大专1,2021-10-08 12:18:19,2021-11-07 12:18:19,未还
1519,1000146536,荀子墨子韩非子(青花典藏)/国学典藏书系,32.8,B222.6/5,0649729680,20楼宇大专1,2021-10-08 12:18:30,2021-11-07 12:18:30,未还
1522,1000095206,四书五经名句赏析,19,B222.1/4,0649729680,20楼宇大专1,2021-10-08 12:18:45,2021-11-07 12:18:45,未还
2212,2000023816,诗经全编全赏,29.8,I207.222/3,0649729680,20楼宇大专1,2021-10-08 12:18:53,2021-11-07 12:18:53,未还
2213,2000037741,是我把你蠢哭了吗,42,R338.2/8,0649729680,20楼宇大专1,2021-10-08 12:19:02,2021-11-07 12:19:02,未还
2214,2000023857,医学基础(供中职使用全国医药职业教育药学类规划教材),55,R3/1,0649729680,20楼宇大专1,2021-10-08 12:19:12,2021-11-07 12:19:12,未还
2215,2000039007,急诊内科手册,79,R505.97/1,0649729680,20楼宇大专1,2021-10-08 12:19:18,2021-11-07 12:19:18,未还
2216,2000023594,常见病家庭用药手册,49,R97/2,0649729680,20楼宇大专1,2021-10-08 12:19:25,2021-11-07 12:19:25,未还
69067,2000024880,福尔摩斯探案全集,32,I561.456/6,0572512444,21装饰大专3,2021-10-08 12:20:00,2021-11-07 12:20:00,2021-10-14 12:02:00
709,1000095233,诗经,21,I222.2/6,1147932198,20视觉大专,2021-10-08 12:22:18,2021-11-07 12:22:18,未还
1581,2000014262,史记,24.8,K204.2/6,1147932198,20视觉大专,2021-10-08 12:22:30,2021-11-07 12:22:30,未还
2218,2000030802,2018中国年度散文诗,45,Z89/96,1147932198,20视觉大专,2021-10-08 12:22:40,2021-11-07 12:22:40,未还
2219,2000030789,2018中国年度诗歌,45,Z89/90,1147932198,20视觉大专,2021-10-08 12:22:49,2021-11-07 12:22:49,未还
2222,2000019062,诗学现场,39,I207.22/53,1147932198,20视觉大专,2021-10-08 12:23:06,2021-11-07 12:23:06,未还
2223,2000019061,诗学现场,39,I207.22/53,1147932198,20视觉大专,2021-10-08 12:23:15,2021-11-07 12:23:15,未还
541,2000023903,看得见的中国史上卷,49,K209/1151,2509016942,19施工大专1,2021-10-08 12:24:49,2021-11-07 12:24:49,未还
319,2000040142,冰菓2,25,J238.2/31,1147288598,20鲁班实验1,2021-10-08 12:31:08,2021-11-07 12:31:08,未还
705,2000040469,我是故宫“看门人”,88,G269.263/2,0572724156,21鲁班实验,2021-10-08 12:31:54,2021-11-07 12:31:54,未还
68983,2000010285,哑舍,23.8,I247.5/6022,0571847548,21装饰大专3,2021-10-08 12:32:00,2021-11-07 12:32:00,2021-10-12 12:19:37
69201,2000010321,且试天下·上,32.5,I247.5/6031,2661212955,19装饰大专3,2021-10-08 12:32:00,2021-11-07 12:32:00,2021-10-18 12:12:01
68899,2000032313,鹰王,25,I287.47/26,0571650012,21鲁班实验,2021-10-08 12:33:00,2021-11-07 12:33:00,2021-10-11 12:58:42
68866,2000036477,蓝溪镇.1,49.8,J228.2/299,0572269868,21鲁班实验,2021-10-08 12:35:00,2021-11-07 12:35:00,2021-10-11 12:28:26
69226,2000015929,就喜欢你看不惯我又干不掉我的样子,46,J228.2/198,0571630300,21鲁班实验,2021-10-08 12:35:00,2021-11-07 12:35:00,2021-10-18 12:56:00
1425,2000028946,声之形1,12.8,J238/38,0572428156,21鲁班实验,2021-10-08 12:35:38,2021-11-07 12:35:38,未还
2225,2000034012,就喜欢你看不惯我又干不掉我的样子4,59,J228.2/288,0614703840,21鲁班实验,2021-10-08 12:35:59,2021-11-07 12:35:59,未还
697,2000025451,就喜欢你看不惯我又干不掉我的样子,55,J228.2/234,1148321142,20施工大专3,2021-10-08 12:36:32,2021-11-07 12:36:32,未还
2226,2000035432,将进酒.下,34,I247.5/6287,0571603692,21鲁班实验,2021-10-08 12:38:20,2021-11-07 12:38:20,未还
2227,2000037959,活着,35,I247.5/6203,0572548380,21鲁班实验,2021-10-08 12:38:32,2021-11-07 12:38:32,未还
69136,2000037961,活着,35,I247.5/6203,0572499468,21鲁班实验,2021-10-08 12:39:00,2021-11-07 12:39:00,2021-10-15 12:09:37
68831,2000035430,将进酒.上,34,I247.5/6286,0649481552,21鲁班实验,2021-10-08 12:40:00,2021-11-07 12:40:00,2021-10-11 12:09:54
69213,2000034210,蜜汁炖鱿鱼,45,I247.57/4173,0573528476,21房产大专,2021-10-08 12:40:00,2021-11-07 12:40:00,2021-10-18 12:23:53
69214,2000039290,2020年中国悬疑小说精选,35,I247.7/2173,0571626172,21房产大专,2021-10-08 12:41:00,2021-11-07 12:41:00,2021-10-18 12:24:03
68895,2000010284,哑舍,23.8,I247.5/6022,2662598843,19楼宇大专2,2021-10-08 12:42:00,2021-11-07 12:42:00,2021-10-11 12:51:36
68998,2000037851,斗罗大陆第四部8,32,I247.59/246,0572690828,21造价大专2,2021-10-08 12:43:00,2021-11-07 12:43:00,2021-10-12 13:25:53
69561,2000039291,2020年中国悬疑小说精选,35,I247.7/2173,2508537966,20市政大专,2021-10-08 12:43:00,2021-11-07 12:43:00,2021-10-20 12:53:18
68786,2000034329,琴帝12,29.8,I247.59/233,0573327356,21房产大专,2021-10-08 12:44:00,2021-11-07 12:44:00,2021-10-09 11:47:11
68787,2000034327,琴帝11,29.8,I247.59/232,1147759814,20楼宇大专2,2021-10-08 12:44:00,2021-11-07 12:44:00,2021-10-09 11:47:21
841,2000006921,藏海花,32.8,I247.5/5993,0571602572,21古建大专,2021-10-08 12:44:19,2021-11-07 12:44:19,未还
68740,2000038251,盗墓笔记(6),45,I247.5/6341,0647885344,20鲁班实验2,2021-10-08 12:45:00,2021-11-07 12:45:00,2021-10-08 12:46:47
68739,2000034323,琴帝9,29.8,I247.59/230,0647885344,20鲁班实验2,2021-10-08 12:46:00,2021-11-07 12:46:00,2021-10-08 12:45:42
68889,2000034323,琴帝9,29.8,I247.59/230,0647885344,20鲁班实验2,2021-10-08 12:47:00,2021-11-07 12:47:00,2021-10-11 12:38:46
68835,2000035475,梦幻花,46.8,I313.45/376,0572223228,20鲁班实验1,2021-10-08 12:50:00,2021-11-07 12:50:00,2021-10-11 12:18:59
69306,2000036321,聊斋新义,68,I247.5/6307,2661971835,19装饰大专3,2021-10-08 12:51:00,2021-11-07 12:51:00,2021-10-19 11:55:55
68891,2000027579,古董局中局1,45,I247.57/4089,0571487148,21楼宇大专1,2021-10-08 12:52:00,2021-11-07 12:52:00,2021-10-11 12:43:35
2236,2000035921,将进酒.上,34,I247.5/6299,0575375180,21鲁班实验,2021-10-08 12:52:25,2021-11-07 12:52:25,未还
69014,2000018249,我在未来等你,42,I247.5/6097,0571764636,21鲁班实验,2021-10-08 12:56:00,2021-11-07 12:56:00,2021-10-12 16:01:55
2238,2000029169,残次品上册,42.5,I247.55/25,0571652908,21装饰大专1,2021-10-08 12:56:42,2021-11-07 12:56:42,未还
69308,1000146215,书虫(附光盘适合小学高年级初1入门级共10册)/书虫牛津英汉双语读物,6.5,H319.4/1003,2509110638,19造价大专1,2021-10-08 12:58:00,2021-11-07 12:58:00,2021-10-19 12:01:53
68896,2000033676,AI迷航3,48,I247.55/39,2508208990,19市政大专,2021-10-08 12:59:00,2021-11-07 12:59:00,2021-10-11 12:52:46
68898,2000034336,琴帝15,29.8,I247.59/236,2508119662,19市政大专,2021-10-08 12:59:00,2021-11-07 12:59:00,2021-10-11 12:52:56
2239,2000027578,古董局中局1,45,I247.57/4089,1148119590,20装饰大专1,2021-10-08 12:59:16,2021-11-07 12:59:16,未还
69340,2000034332,琴帝13,29.8,I247.59/234,0572661436,21房产大专,2021-10-08 13:01:00,2021-11-07 13:01:00,2021-10-19 12:17:33
68909,2000024958,西夏死书5,36.8,I247.57/4048,1147591158,19市政大专,2021-10-08 13:04:00,2021-11-07 13:04:00,2021-10-11 13:14:11
68914,2000036977,龙族Ⅰ,43,I247.5/6324,0572389212,21楼宇大专1,2021-10-08 13:06:00,2021-11-07 13:06:00,2021-10-11 14:13:47
68881,2000027939,残次品,42.5,I247.55/20,0572852556,21装饰大专1,2021-10-08 13:07:00,2021-11-07 13:07:00,2021-10-11 12:37:16
69126,2000024089,哈利·波特与凤凰社,92,I561.84/18,0571449452,21造价大专2,2021-10-08 13:10:00,2021-11-07 13:10:00,2021-10-15 09:53:26
69131,2000024955,西夏死书3,36.8,I247.57/4046,1147633286,19施工大专1,2021-10-08 13:10:00,2021-11-07 13:10:00,2021-10-15 11:50:25
69219,2000039564,海棠微雨共归途,49.8,I247.59/272,1447643010,21房产大专,2021-10-08 13:10:00,2021-11-07 13:10:00,2021-10-18 12:45:50
69220,2000037894,山海高中,48,I247.57/4225,0571684252,21房产大专,2021-10-08 13:10:00,2021-11-07 13:10:00,2021-10-18 12:45:55
68759,2000037885,斗罗大陆第四部25,32,I247.59/263,1147734422,19装饰大专3,2021-10-08 13:11:00,2021-11-07 13:11:00,2021-10-08 13:12:00
69125,2000001191,哈利·波特与火焰杯,56,I561.84/6,0572388988,21造价大专2,2021-10-08 13:11:00,2021-11-07 13:11:00,2021-10-15 09:53:21
68903,2000033968,别害怕一个人生活,48,J228.2/287,0571605660,21楼宇大专2,2021-10-08 13:12:00,2021-11-07 13:12:00,2021-10-11 13:00:58
68995,2000037885,斗罗大陆第四部25,32,I247.59/263,1147734422,19装饰大专3,2021-10-08 13:12:00,2021-11-07 13:12:00,2021-10-12 13:13:16
1322,2000029416,梦幻花,36,I313.45/360,1146401094,20园林大专,2021-10-08 13:12:53,2021-11-07 13:12:53,未还
68902,2000012107,世界现役制导武器全解析,69,E927/3,0571724892,21楼宇大专2,2021-10-08 13:13:00,2021-11-07 13:13:00,2021-10-11 13:00:47
68904,2000036982,龙族Ⅱ,49,I247.5/6325,0572451100,21楼宇大专2,2021-10-08 13:13:00,2021-11-07 13:13:00,2021-10-11 13:01:08
68982,2000037886,斗罗大陆第四部26,32,I247.59/264,1549488066,19装饰大专3,2021-10-08 13:14:00,2021-11-07 13:14:00,2021-10-12 12:19:16
68994,2000038147,斗罗大陆第四部24,32,I247.59/262,0575878124,19装饰大专3,2021-10-08 13:14:00,2021-11-07 13:14:00,2021-10-12 13:13:10
68996,2000038152,斗罗大陆第四部27,32,I247.59/267,2660979355,19装饰大专3,2021-10-08 13:14:00,2021-11-07 13:14:00,2021-10-12 13:13:20
68991,2000007511,亚特兰蒂斯基因,39.8,I712.45/828,0647967472,20施工大专1,2021-10-08 13:15:00,2021-11-07 13:15:00,2021-10-12 13:09:50
68774,2000032467,一品芝麻狐,45,J228.2/285,2660789803,19装饰大专3,2021-10-08 13:16:00,2021-11-07 13:16:00,2021-10-08 16:01:04
68830,2000034311,琴帝3,29.8,I247.59/224,0622044444,19装饰大专3,2021-10-08 13:16:00,2021-11-07 13:16:00,2021-10-11 12:08:29
2245,2000034420,解忧杂货店,39.5,I313.45/373,2662063979,19装饰大专3,2021-10-08 13:16:08,2021-11-07 13:16:08,未还
68997,2000037875,斗罗大陆第四部20,32,I247.59/258,2661583163,19装饰大专3,2021-10-08 13:17:00,2021-11-07 13:17:00,2021-10-12 13:13:26
69110,2000035376,似锦.上册,28,I247.5/6282,1146778934,20园林大专,2021-10-08 13:19:00,2021-11-07 13:19:00,2021-10-14 16:00:16
68908,2000034324,琴帝9,29.8,I247.59/230,0615014768,20市政大专,2021-10-08 13:23:00,2021-11-07 13:23:00,2021-10-11 13:11:33
68985,2000027454,斗罗大陆第三部19,28,I247.59/197,1148177846,20市政大专,2021-10-08 13:23:00,2021-11-07 13:23:00,2021-10-12 12:20:13
68986,2000027455,斗罗大陆第三部20,28,I247.59/198,1146856486,20市政大专,2021-10-08 13:23:00,2021-11-07 13:23:00,2021-10-12 12:20:23
69422,2000024090,哈利·波特与“混血王子”,92,I561.84/19,2508206382,19造价大专1,2021-10-08 13:27:00,2021-11-07 13:27:00,2021-10-20 10:41:13
69423,2000026842,最好的我们（上）,27.5,I247.57/1255,2662662187,19造价大专1,2021-10-08 13:27:00,2021-11-07 13:27:00,2021-10-20 10:41:20
68965,2000038150,斗罗大陆第四部26,32,I247.59/264,2661860747,19施工大专3,2021-10-08 13:28:00,2021-11-07 13:28:00,2021-10-11 16:19:43
69378,2000034068,永远天真多情的我们,42,I247.57/4165,0572478028,21装饰大专2,2021-10-08 16:01:00,2021-11-07 16:01:00,2021-10-19 15:36:01
386,2000038256,盗墓笔记(8大结局下),45,I247.5/6344,0650071856,20施工大专1,2021-10-08 16:02:28,2021-11-07 16:02:28,未还
69023,2000038177,龙族Ⅱ,49,I247.5/6325,0572360924,21施工大专4,2021-10-08 16:04:00,2021-11-07 16:04:00,2021-10-13 11:58:52
555,2000036699,一个人就一个人,49.8,I217.2/138,1448349922,21装饰大专4,2021-10-08 16:10:47,2021-11-07 16:10:47,未还
68977,2000038108,斗罗大陆第四部4,32,I247.59/242,0571481564,21装饰大专4,2021-10-08 16:11:00,2021-11-07 16:11:00,2021-10-12 12:18:27
68823,2000030226,朝阳警事,59,I247.5/6198,1146937926,20园林大专,2021-10-08 16:12:00,2021-11-07 16:12:00,2021-10-11 11:39:16
68824,2000037860,斗罗大陆第四部13,32,I247.59/251,1148320230,20园林大专,2021-10-08 16:12:00,2021-11-07 16:12:00,2021-10-11 11:41:07
69050,2000038179,龙族Ⅱ,49,I247.5/6325,0572379596,21装饰大专4,2021-10-08 16:12:00,2021-11-07 16:12:00,2021-10-13 16:00:09
69310,2000019092,地底世界之雾隐占婆,39.8,I247.57/3954,0572545244,21装饰大专4,2021-10-08 16:12:00,2021-11-07 16:12:00,2021-10-19 12:04:21
68937,2000018619,一品芝麻狐,45,J228.4/16,2660789803,19装饰大专3,2021-10-08 16:13:00,2021-11-07 16:13:00,2021-10-11 16:01:12
68966,2000038182,庆余年5,39,I247.5/6323,1146792726,20鲁班实验2,2021-10-09 11:46:00,2021-11-08 11:46:00,2021-10-12 11:35:57
652,2000002723,楼宇自动化原理,20,TU855/69,1148503750,20楼宇大专2,2021-10-09 11:57:26,2021-11-08 11:57:26,未还
543,2000005340,拍案惊奇/古典名著聚珍文库,19.8,I242.3/57,0571633164,21鲁班实验,2021-10-09 12:13:44,2021-11-08 12:13:44,未还
69051,2000027920,光之子1,40,I247.59/207,0572082860,21装饰大专4,2021-10-09 12:15:00,2021-11-08 12:15:00,2021-10-13 16:01:02
69199,2000037007,我们总是孤独成长,45,I247.5/6326,0571683980,21装饰大专4,2021-10-09 12:21:00,2021-11-08 12:21:00,2021-10-18 12:11:20
69341,2000034334,琴帝14,29.8,I247.59/235,0573327356,21房产大专,2021-10-09 12:24:00,2021-11-08 12:24:00,2021-10-19 12:17:40
69342,2000034335,琴帝15,29.8,I247.59/236,1147759814,20楼宇大专2,2021-10-09 12:24:00,2021-11-08 12:24:00,2021-10-19 12:17:46
1364,2000004887,装修最容易后悔的100件事,29.8,TU767/209,2662358267,19装饰大专1,2021-10-09 12:24:25,2021-11-08 12:24:25,未还
1416,2000037017,云中记,55,I247.5/6327,2662358267,19装饰大专1,2021-10-09 12:24:31,2021-11-08 12:24:31,未还
1455,2000032701,鬼娃子,42,I247.5/6231,2662358267,19装饰大专1,2021-10-09 12:24:42,2021-11-08 12:24:42,未还
1458,2000024893,甲骨时光,35,I247.59/171,2662358267,19装饰大专1,2021-10-09 12:24:47,2021-11-08 12:24:47,未还
2135,2000021779,环界,39,I313.45/316,2662358267,19装饰大专1,2021-10-09 12:24:54,2021-11-08 12:24:54,未还
2243,2000021745,情书(精),25,I313.45/314,2662358267,19装饰大专1,2021-10-09 12:25:00,2021-11-08 12:25:00,未还
2247,2000039391,日本论,59.8,C955.313/2,2662358267,19装饰大专1,2021-10-09 12:25:05,2021-11-08 12:25:05,未还
2248,1100058057,盗墓史记,29.8,D691.9/6,2662358267,19装饰大专1,2021-10-09 12:25:12,2021-11-08 12:25:12,未还
2249,2000038738,创新家装设计图典,32.8,TU767/740,2662358267,19装饰大专1,2021-10-09 12:25:16,2021-11-08 12:25:16,未还
2250,2000034971,创新家装设计图典.第5季.卧室 书房,32.8,TU767/734,2662358267,19装饰大专1,2021-10-09 12:25:22,2021-11-08 12:25:22,未还
2251,2000039960,装修工艺全能王,78,TU767/750,2662358267,19装饰大专1,2021-10-09 12:25:30,2021-11-08 12:25:30,未还
2252,2000037209,若不能相濡以沫,68,I247.57/4218,2662358267,19装饰大专1,2021-10-09 12:25:43,2021-11-08 12:25:43,未还
2253,2000037895,山海高中,48,I247.57/4225,2662358267,19装饰大专1,2021-10-09 12:25:48,2021-11-08 12:25:48,未还
2254,1200020308,CSI犯罪现场调查,36,D918/15,2662358267,19装饰大专1,2021-10-09 12:26:19,2021-11-08 12:26:19,未还
2255,2000034073,一只狗的传奇,38,I247.57/4166,2662358267,19装饰大专1,2021-10-09 12:26:26,2021-11-08 12:26:26,未还
2256,2000039833,羊皮纸地图,25,I287.45/137,2662358267,19装饰大专1,2021-10-09 12:26:31,2021-11-08 12:26:31,未还
2257,2000015989,晓说,32.8,I267.1/2504,2662358267,19装饰大专1,2021-10-09 12:26:36,2021-11-08 12:26:36,未还
2258,2000036824,等一朵花开,68,I267/3384,2662358267,19装饰大专1,2021-10-09 12:26:44,2021-11-08 12:26:44,未还
2259,2000027609,玩儿,49.8,I267/3268,2662358267,19装饰大专1,2021-10-09 12:26:49,2021-11-08 12:26:49,未还
2260,2000024277,"生活, 是很好玩的",52,I267/3149,2662358267,19装饰大专1,2021-10-09 12:26:55,2021-11-08 12:26:55,未还
2261,2000019037,1Q84 BOOK2(7月-9月)(精),36,I313.45/289,2662358267,19装饰大专1,2021-10-09 12:27:03,2021-11-08 12:27:03,未还
2262,2000021780,环界,39,I313.45/316,2662358267,19装饰大专1,2021-10-09 12:27:08,2021-11-08 12:27:08,未还
2263,2000004653,几乎没有记忆,39.5,I712.45/811,2662358267,19装饰大专1,2021-10-09 12:27:22,2021-11-08 12:27:22,未还
2264,2000004278,饥饿游戏1,28,I712.45/804,2662358267,19装饰大专1,2021-10-09 12:27:27,2021-11-08 12:27:27,未还
2265,2000017699,看脸,45,B84/557,2662358267,19装饰大专1,2021-10-09 12:27:37,2021-11-08 12:27:37,未还
2266,2000027483,假如你真的是假的,42,B84/564,2662358267,19装饰大专1,2021-10-09 12:27:42,2021-11-08 12:27:42,未还
2267,2000031961,四海鲸骑下,39.8,I247.59/167,2662358267,19装饰大专1,2021-10-09 12:28:16,2021-11-08 12:28:16,未还
2268,2000021714,四海鲸骑下,39.8,I247.59/167,2662358267,19装饰大专1,2021-10-09 12:28:26,2021-11-08 12:28:26,未还
597,2000028956,斗罗大陆第三部21,26,I247.59/210,2662179579,19楼宇大专1,2021-10-09 13:47:34,2021-11-08 13:47:34,未还
1093,8000001981,世界时装之苑-ELLE,0,J,0574288220,19楼宇大专2,2021-10-11 00:00:00,2021-11-10 00:00:00,未还
980,8000001285,幽默大师,0,J22,0647791168,20楼宇大专2,2021-10-11 00:00:00,2021-11-10 00:00:00,2021-10-12 11:41:00
69044,2000007493,蝴蝶,29,I247.7/2024,1146937926,20园林大专,2021-10-11 11:42:00,2021-11-10 11:42:00,2021-10-13 15:58:45
68967,2000036915,疯了!桂宝.24,45,J228.2/308,2507893838,20园林大专,2021-10-11 11:43:00,2021-11-10 11:43:00,2021-10-12 11:45:22
68968,2000038131,斗罗大陆第四部16,32,I247.59/254,1148320230,20园林大专,2021-10-11 11:44:00,2021-11-10 11:44:00,2021-10-12 11:45:27
68829,2000040152,围观考古现场,48,K85/3,2662461675,19楼宇大专1,2021-10-11 12:03:00,2021-11-10 12:03:00,2021-10-11 12:03:43
578,2000040213,刑法一本通,68,D924.04/1,2662461675,19楼宇大专1,2021-10-11 12:03:57,2021-11-10 12:03:57,未还
69186,2000018029,你的名字,38,I313.45/273,2662461675,19楼宇大专1,2021-10-11 12:04:00,2021-11-10 12:04:00,2021-10-18 11:55:38
68974,2000034314,琴帝4,29.8,I247.59/225,0622044444,19装饰大专3,2021-10-11 12:10:00,2021-11-10 12:10:00,2021-10-12 12:06:47
796,2000038201,中国共产党历史(第1卷1921-1949上),59.5,D23/6,0572360844,21市政大专,2021-10-11 12:10:18,2021-11-10 12:10:18,未还
797,2000037726,走出孤独,46.8,B848/799,0572360844,21市政大专,2021-10-11 12:10:23,2021-11-10 12:10:23,未还
798,2000013783,落差,42,B842.6/107,0572360844,21市政大专,2021-10-11 12:10:30,2021-11-10 12:10:30,未还
799,2000030224,超越死亡,48,B845.9/1,0572360844,21市政大专,2021-10-11 12:10:35,2021-11-10 12:10:35,未还
800,2000032768,我们头脑里的导盲犬,45,B84/583,0572360844,21市政大专,2021-10-11 12:10:39,2021-11-10 12:10:39,未还
801,2000023913,天才少年维克多,28,I712.45/952,0572360844,21市政大专,2021-10-11 12:10:48,2021-11-10 12:10:48,未还
802,2000030457,海空突击,66,E926.392/2,0572360844,21市政大专,2021-10-11 12:10:52,2021-11-10 12:10:52,未还
803,2000015253,世界航空母舰全史,68,E925.671/4,0572360844,21市政大专,2021-10-11 12:10:58,2021-11-10 12:10:58,未还
805,2000013356,往事,28,I267/3079,0572360844,21市政大专,2021-10-11 12:11:05,2021-11-10 12:11:05,未还
806,2000000580,大侦探福尔摩斯,29,I561.45/264,0572360844,21市政大专,2021-10-11 12:11:13,2021-11-10 12:11:13,未还
808,2000029939,舒婷诗,26,I227/107,0572360844,21市政大专,2021-10-11 12:11:18,2021-11-10 12:11:18,未还
809,2000030252,最初之前,49,I247.5/6197,0572360844,21市政大专,2021-10-11 12:11:25,2021-11-10 12:11:25,未还
810,2000032524,追寻,30,I247.57/4141,0572360844,21市政大专,2021-10-11 12:11:32,2021-11-10 12:11:32,未还
811,2000034885,彩色图解《黄帝内经》,58,R221/111,0572360844,21市政大专,2021-10-11 12:11:37,2021-11-10 12:11:37,未还
812,2000003895,爷爷的爷爷哪里来/中国科普大奖图书典藏书系,22,Q981.1-49/1,0572360844,21市政大专,2021-10-11 12:11:49,2021-11-10 12:11:49,未还
813,2000007353,中国昆虫图鉴,78,Q968.22-64/1,0572360844,21市政大专,2021-10-11 12:11:56,2021-11-10 12:11:56,未还
814,2000018946,让你爱不释手的极简明朝史,29.8,K248.09/27,0572360844,21市政大专,2021-10-11 12:12:01,2021-11-10 12:12:01,未还
815,2000008096,伪雅史,27,K103/5,0572360844,21市政大专,2021-10-11 12:12:08,2021-11-10 12:12:08,未还
816,2000023945,总有些人真诚地来过你的世界,36,Z89/86,0572360844,21市政大专,2021-10-11 12:12:12,2021-11-10 12:12:12,未还
817,1000114226,战谍,28,I247/3864,1147564006,20市政中专,2021-10-11 12:16:18,2021-11-10 12:16:18,未还
818,2000014741,龙山四友,55,I246.58/40,1147564006,20市政中专,2021-10-11 12:16:25,2021-11-10 12:16:25,未还
819,1000146799,隋唐演义(青花典藏珍藏版)/国学典藏书系,32.8,I242.4/943,1147564006,20市政中专,2021-10-11 12:16:36,2021-11-10 12:16:36,未还
820,1100024919,战争和人,32.7,I247/620,1147564006,20市政中专,2021-10-11 12:16:46,2021-11-10 12:16:46,未还
821,2000005025,国民党海空军传奇,39.8,I25/10283,1147564006,20市政中专,2021-10-11 12:16:54,2021-11-10 12:16:54,未还
822,2000021130,七剑下天山,48,I247.58/187,1147564006,20市政中专,2021-10-11 12:17:02,2021-11-10 12:17:02,未还
823,2000018685,古剑奇谭,35,I247.58/181,1147564006,20市政中专,2021-10-11 12:17:09,2021-11-10 12:17:09,未还
824,2000010495,朱雀,42,I247.5/6035,1147564006,20市政中专,2021-10-11 12:17:17,2021-11-10 12:17:17,未还
859,2000034318,琴帝6,29.8,I247.59/227,1147564006,20市政中专,2021-10-11 12:17:26,2021-11-10 12:17:26,未还
1066,2000014734,蛮荒侠隐,59.8,I246.58/37,1147564006,20市政中专,2021-10-11 12:17:39,2021-11-10 12:17:39,未还
2230,1000114841,第五部队,32,I247/3973,1147564006,20市政中专,2021-10-11 12:17:50,2021-11-10 12:17:50,未还
2244,2000038093,亮剑,48,I247.52/76,1147564006,20市政中专,2021-10-11 12:18:00,2021-11-10 12:18:00,未还
2269,2000013837,根据地,49.8,I247.51/1,1147564006,20市政中专,2021-10-11 12:18:10,2021-11-10 12:18:10,未还
2271,2000016490,长歌行第11卷,22.8,J228.2/203,0571847708,21装饰大专1,2021-10-11 12:18:17,2021-11-10 12:18:17,未还
2270,2000008424,最强雇佣兵2,39.8,I247.59/127,1147564006,20市政中专,2021-10-11 12:18:18,2021-11-10 12:18:18,未还
2272,2000010309,诛仙伍,32.8,I247.5/6025,1147564006,20市政中专,2021-10-11 12:18:27,2021-11-10 12:18:27,未还
2273,1100088831,铁幕,32,I247/4716,1147564006,20市政中专,2021-10-11 12:18:34,2021-11-10 12:18:34,未还
2274,1100056711,假如战争明天来临,36,I247.5/2833,1147564006,20市政中专,2021-10-11 12:18:45,2021-11-10 12:18:45,未还
759,2000035348,少女侦探事件簿.2,34.9,I247.57/4200,1147564006,20市政中专,2021-10-11 12:18:53,2021-11-10 12:18:53,未还
1575,2000035346,少女侦探事件簿.1,34.9,I247.57/4199,1147564006,20市政中专,2021-10-11 12:19:02,2021-11-10 12:19:02,未还
1537,2000024043,盗墓笔记(4),32.8,I247.5/5955,1147564006,20市政中专,2021-10-11 12:19:16,2021-11-10 12:19:16,未还
590,2000016632,地底世界之楼兰妖耳,39.8,I247.57/1317,1147564006,20市政中专,2021-10-11 12:19:24,2021-11-10 12:19:24,未还
1578,2000032702,鬼娃子,42,I247.5/6231,1147564006,20市政中专,2021-10-11 12:19:33,2021-11-10 12:19:33,未还
2233,2000040872,士兵突击,59,I247.52/79,1147564006,20市政中专,2021-10-11 12:19:41,2021-11-10 12:19:41,未还
2275,2000021709,热血尖兵,39.8,I247.5/6134,1147564006,20市政中专,2021-10-11 12:19:50,2021-11-10 12:19:50,未还
2276,2000038174,龙族Ⅰ,43,I247.5/6324,1147564006,20市政中专,2021-10-11 12:19:58,2021-11-10 12:19:58,未还
594,2000018478,鸦片战争下,64,I247.5/6102,1147564006,20市政中专,2021-10-11 12:20:06,2021-11-10 12:20:06,未还
2277,2000016838,独立团,36.8,I247.5/6075,1147564006,20市政中专,2021-10-11 12:20:14,2021-11-10 12:20:14,未还
593,2000017155,人民的名义,46.9,I247.5/6079,1147564006,20市政中专,2021-10-11 12:20:25,2021-11-10 12:20:25,未还
996,2000018078,大秦帝国(全新修订版共11册),54.4,I247.5/6086,1147564006,20市政中专,2021-10-11 12:20:37,2021-11-10 12:20:37,未还
283,2000021760,天黑以后(精),29.5,I313.45/315,1253349474,19装饰大专2,2021-10-11 12:21:13,2021-11-10 12:21:13,未还
2278,2000021408,浪花少年侦探团,35,I313.45/306,1253349474,19装饰大专2,2021-10-11 12:21:22,2021-11-10 12:21:22,未还
2280,2000027816,如何写甲骨文,88,J292.11/35,0571665516,21装饰大专1,2021-10-11 12:21:22,2021-11-10 12:21:22,未还
2279,2000019671,让我们相逢在更高处,45,B821/905,1253349474,19装饰大专2,2021-10-11 12:21:27,2021-11-10 12:21:27,未还
2283,2000013704,装修设计解剖书,39,TU241.02/14,0571832940,21装饰大专1,2021-10-11 12:21:32,2021-11-10 12:21:32,未还
2281,2000032579,亚麻色头发的女孩,28,I247.5/6223,1253349474,19装饰大专2,2021-10-11 12:21:33,2021-11-10 12:21:33,未还
2282,2000017579,那年夏天我们一起毕业,25,I247.57/1335,1253349474,19装饰大专2,2021-10-11 12:21:40,2021-11-10 12:21:40,未还
2284,2000024251,围城,36,I247.57/3967,1253349474,19装饰大专2,2021-10-11 12:21:47,2021-11-10 12:21:47,未还
607,2000021678,风雪追击,39.8,I313.45/311,1253349474,19装饰大专2,2021-10-11 12:21:55,2021-11-10 12:21:55,未还
587,2000025363,厚积落叶听雨声,39.8,B83/165,1253349474,19装饰大专2,2021-10-11 12:22:07,2021-11-10 12:22:07,未还
589,2000013163,Adobe photoshop电商网页广告设计实战从入门到精通,49,J524.3/9,1253349474,19装饰大专2,2021-10-11 12:22:16,2021-11-10 12:22:16,未还
592,2000012408,南京大屠杀重要文证选录,98,K265.606/6,1253349474,19装饰大专2,2021-10-11 12:22:28,2021-11-10 12:22:28,未还
2285,2000008582,门窗艺术(下中国传统建筑装饰艺术),68,TU228/5,1253349474,19装饰大专2,2021-10-11 12:22:41,2021-11-10 12:22:41,未还
238,2000025599,窑洞民居,85,TU241.5/41,1253349474,19装饰大专2,2021-10-11 12:22:57,2021-11-10 12:22:57,未还
1579,2000027650,百年潮精粹·伟人印记,49,K827/979,1253349474,19装饰大专2,2021-10-11 12:23:07,2021-11-10 12:23:07,未还
1580,2000028736,说图解色办公空间色彩搭配解剖书,79,TU243/17,1253349474,19装饰大专2,2021-10-11 12:23:11,2021-11-10 12:23:11,未还
414,2000036884,空岛·信客,52,I247.57/4213,0571691484,21装饰大专1,2021-10-11 12:23:28,2021-11-10 12:23:28,未还
282,2000037962,活着,35,I247.5/6203,0571973996,21装饰大专1,2021-10-11 12:23:42,2021-11-10 12:23:42,未还
69183,2000038106,斗罗大陆第四部3,32,I247.59/241,1147507590,20园林大专,2021-10-11 12:24:00,2021-11-10 12:24:00,2021-10-18 10:46:22
69049,2000038006,斗罗大陆第四部2,32,I247.59/265,1148530886,20园林大专,2021-10-11 12:25:00,2021-11-10 12:25:00,2021-10-13 15:59:54
991,2000004912,法律常识速查速用大全集,48,D92/1,0571977884,21古建大专,2021-10-11 12:25:09,2021-11-10 12:25:09,未还
997,2000029044,第三重人格,38,I247.57/4101,0572229372,21装饰大专1,2021-10-11 12:25:32,2021-11-10 12:25:32,未还
693,2000018456,心理学是什么,32,B84/558,0571730204,21装饰大专1,2021-10-11 12:25:40,2021-11-10 12:25:40,未还
998,2000040110,《红楼梦》,44,G634.333/27,0571454108,21装饰大专1,2021-10-11 12:25:50,2021-11-10 12:25:50,未还
999,2000016768,“四人帮”兴亡4,49.5,K05/4,0571883884,21装饰大专1,2021-10-11 12:25:56,2021-11-10 12:25:56,未还
1000,2000006918,芈月传 1,32.8,I247.5/5992,1147564006,20市政中专,2021-10-11 12:26:05,2021-11-10 12:26:05,未还
1001,2000029419,爱上一座城,28,TU-53/16,0572416204,21装饰大专1,2021-10-11 12:26:23,2021-11-10 12:26:23,未还
1002,2000011452,建筑与斗栱,48,TU366.2/4,0571867804,21装饰大专1,2021-10-11 12:26:32,2021-11-10 12:26:32,未还
1003,2000014115,朦胧诗精编,29,I227/81,1147932198,20视觉大专,2021-10-11 12:27:42,2021-11-10 12:27:42,未还
1005,2000015059,九叶派诗精编,32,I227/82,1147932198,20视觉大专,2021-10-11 12:27:46,2021-11-10 12:27:46,未还
1204,2000020394,生态农场纪实,46,S-0/1,0571867468,21装饰大专1,2021-10-11 12:28:13,2021-11-10 12:28:13,未还
1179,2000026843,最好的我们（上）,27.5,I247.57/1255,0572753564,21装饰大专1,2021-10-11 12:31:35,2021-11-10 12:31:35,未还
68871,2000036233,"你好,小可爱",49.8,I287.7/40,0571477292,21造价大专1,2021-10-11 12:33:00,2021-11-10 12:33:00,2021-10-11 12:34:29
1354,2000016580,水丸的慢悠漫游,45,I313.65/11,0572873148,21装饰大专1,2021-10-11 12:33:33,2021-11-10 12:33:33,未还
69560,1100077353,福尔摩斯探案全集,29.3,I561/1338,0571477292,21造价大专1,2021-10-11 12:35:00,2021-11-10 12:35:00,2021-10-20 12:52:09
68988,2000036376,数字搏击,38,I247.57/4210,0571803068,19市政大专,2021-10-11 12:36:00,2021-11-10 12:36:00,2021-10-12 12:30:32
595,2000001190,哈利·波特与死亡圣器,66,I561.84/5,0572240988,21装饰大专1,2021-10-11 12:36:36,2021-11-10 12:36:36,未还
851,2000014965,哈利·波特与被诅咒的孩子,69,I561.84/11,0572706636,21装饰大专1,2021-10-11 12:36:50,2021-11-10 12:36:50,未还
857,2000001356,荆棘鸟(十周年典藏纪念版),36,I611.45/18,0572178252,21装饰大专1,2021-10-11 12:37:01,2021-11-10 12:37:01,未还
103,2000032528,如果历史是一群喵,55,J228.2/284,2508276398,19施工大专3,2021-10-11 12:37:46,2021-11-10 12:37:46,未还
113,2000018815,一怒成仙下,34,I247.59/152,1548291282,19施工大专3,2021-10-11 12:38:07,2021-11-10 12:38:07,未还
620,2000020220,图解日本人每天必用的单词句型,59.8,H36/5,1448280098,21装饰大专1,2021-10-11 12:38:19,2021-11-10 12:38:19,未还
649,2000030586,解忧杂货店,39.5,I313.45/246,0571554204,21装饰大专1,2021-10-11 12:38:56,2021-11-10 12:38:56,未还
847,2000034746,荒野求生秘技,59,G895/6,0571867148,21装饰大专1,2021-10-11 12:39:08,2021-11-10 12:39:08,未还
663,2000019401,别再说你没时间,36.8,C935/7,0571959244,21装饰大专3,2021-10-11 12:39:15,2021-11-10 12:39:15,未还
848,2000024853,超新星纪元,38,I247.7/2118,0572281612,21装饰大专1,2021-10-11 12:39:16,2021-11-10 12:39:16,未还
869,2000039647,中国火星纪事,48,I247.7/2177,0571626540,21装饰大专1,2021-10-11 12:39:27,2021-11-10 12:39:27,未还
858,2000029062,给青年的十二封信,39.8,D432.63/2,0571959244,21装饰大专3,2021-10-11 12:39:27,2021-11-10 12:39:27,未还
868,2000015507,平面设计法则,59.8,J506/9,0571959244,21装饰大专3,2021-10-11 12:39:33,2021-11-10 12:39:33,未还
871,2000001859,哈利·波特与“混血王子”,58,I561.84/7,0572370220,21装饰大专1,2021-10-11 12:39:36,2021-11-10 12:39:36,未还
872,2000024861,有匪,35,I247.57/4038,0572093740,21装饰大专1,2021-10-11 12:39:45,2021-11-10 12:39:45,未还
959,2000005242,盗墓笔记(1),32.8,I247.5/5958,0573155932,21装饰大专1,2021-10-11 12:39:54,2021-11-10 12:39:54,未还
960,2000009168,大唐李白,39,I247.57/1269,0572852556,21装饰大专1,2021-10-11 12:40:06,2021-11-10 12:40:06,未还
1182,2000021018,园丁的一年,36,I524.65/1,0571959244,21装饰大专3,2021-10-11 12:41:36,2021-11-10 12:41:36,未还
961,2000024948,现实不似你所见,49,O412.1/5,0571959244,21装饰大专3,2021-10-11 12:42:05,2021-11-10 12:42:05,未还
1244,2000017914,英语应用文写作,32.9,H315/1,0571959244,21装饰大专3,2021-10-11 12:42:11,2021-11-10 12:42:11,未还
1345,2000003335,装饰表现技法,30,J525/29,0571959244,21装饰大专3,2021-10-11 12:42:20,2021-11-10 12:42:20,未还
1437,2000006759,装饰之道/中国古代建筑知识普及与传承系列丛书,50,TU-092.2/26,0571959244,21装饰大专3,2021-10-11 12:42:36,2021-11-10 12:42:36,未还
2286,2000006703,安藤忠雄——在建筑中发现梦想,45,TU-49/23,0571959244,21装饰大专3,2021-10-11 12:42:45,2021-11-10 12:42:45,未还
2287,2000029571,狂人日记,39.8,I210.6/3,0571959244,21装饰大专3,2021-10-11 12:42:54,2021-11-10 12:42:54,未还
2288,2000029428,有话说,52,H019/83,0571959244,21装饰大专3,2021-10-11 12:43:01,2021-11-10 12:43:01,未还
2289,2000005538,汤姆·索亚历险记(插图本)/译林名著精选,18,I712.84/141,0571959244,21装饰大专3,2021-10-11 12:43:26,2021-11-10 12:43:26,未还
2290,2000029726,三体(Ⅲ死神永生)/中国科幻基石丛书,38,I247.5/5899,0571959244,21装饰大专3,2021-10-11 12:43:34,2021-11-10 12:43:34,未还
2291,2000021076,一品芝麻狐,45,J228.4/16,0571959244,21装饰大专3,2021-10-11 12:43:43,2021-11-10 12:43:43,未还
2235,2000024862,我在等风，也在等你,36,C913.1-49/9,0571959244,21装饰大专3,2021-10-11 12:43:50,2021-11-10 12:43:50,未还
2292,2000006474,设计概论(修订版中国高等院校美术专业系列教材),29,J06/8,0571959244,21装饰大专3,2021-10-11 12:44:00,2021-11-10 12:44:00,未还
69217,2000034322,琴帝8,29.8,I247.59/229,0649188816,20鲁班实验2,2021-10-11 12:44:00,2021-11-10 12:44:00,2021-10-18 12:38:42
2293,2000029211,海风下,34,I712.65/21,0571959244,21装饰大专3,2021-10-11 12:44:08,2021-11-10 12:44:08,未还
2296,2000028214,语文是语言,35,H193/1,0571959244,21装饰大专3,2021-10-11 12:44:25,2021-11-10 12:44:25,未还
2297,2000019046,个人的体验,45,I313.45/290,0571959244,21装饰大专3,2021-10-11 12:44:35,2021-11-10 12:44:35,未还
2298,2000010004,升华——宋元明清时期的中华民族精神,28,C955.2/5,0571959244,21装饰大专3,2021-10-11 12:44:40,2021-11-10 12:44:40,未还
2299,2000040011,图解住宅家居陈设布局,58,J525.1/6,0571959244,21装饰大专3,2021-10-11 12:44:47,2021-11-10 12:44:47,未还
2300,2000039390,日本论,59.8,C955.313/2,0571959244,21装饰大专3,2021-10-11 12:44:56,2021-11-10 12:44:56,未还
2307,2000025770,猫客,38,I313.45/337,0571959244,21装饰大专3,2021-10-11 12:45:06,2021-11-10 12:45:06,未还
2308,1100090000,罗马神话,16.8,I546.73/2,0571959244,21装饰大专3,2021-10-11 12:45:11,2021-11-10 12:45:11,未还
2309,2000040784,我是猫,39.8,I313.44/5,0571959244,21装饰大专3,2021-10-11 12:45:17,2021-11-10 12:45:17,未还
69035,2000037206,某某,49.8,I247.57/4217,1148329638,20施工大专2,2021-10-11 12:46:00,2021-11-10 12:46:00,2021-10-13 12:27:43
291,2000021784,千只鹤,29.5,I313.45/318,0573525196,21装饰大专1,2021-10-11 12:49:25,2021-11-10 12:49:25,未还
1022,1100098503,漫话心理学,38,B84-49/33,0571636444,21装饰大专1,2021-10-11 12:49:43,2021-11-10 12:49:43,未还
2312,2000003800,美国！美国！,45,I267.4/103,1146807702,20楼宇大专1,2021-10-11 12:50:10,2021-11-10 12:50:10,未还
69540,2000021748,孤儿列车,36,I561.45/351,0572223228,20鲁班实验1,2021-10-11 12:52:00,2021-11-10 12:52:00,2021-10-20 12:34:01
826,2000040238,变现思维,46.8,F713.3/15,0571657148,21装饰大专1,2021-10-11 12:52:28,2021-11-10 12:52:28,未还
701,2000031801,凉生，我们可不可以不忧伤3,38,I247.5/6208,0572851324,21装饰大专1,2021-10-11 12:53:11,2021-11-10 12:53:11,未还
702,2000040212,刑法一本通,68,D924.04/1,1148440118,21装饰大专1,2021-10-11 12:53:40,2021-11-10 12:53:40,未还
69034,2000027581,古董局中局2,45,I247.57/4090,0571487148,21楼宇大专1,2021-10-11 12:54:00,2021-11-10 12:54:00,2021-10-13 12:24:49
2313,2000014667,乔丹传奇,45,K837.125/10,0571675228,21楼宇大专1,2021-10-11 12:54:15,2021-11-10 12:54:15,未还
2314,2000019296,嘿！曼巴科比·布莱恩特传,49.8,K837.125/12,0571675228,21楼宇大专1,2021-10-11 12:54:57,2021-11-10 12:54:57,未还
2315,1100082685,微积分快餐,25,O172/12,0571675228,21楼宇大专1,2021-10-11 12:55:05,2021-11-10 12:55:05,未还
2323,2000018248,我在未来等你,42,I247.5/6097,0571675228,21楼宇大专1,2021-10-11 12:55:15,2021-11-10 12:55:15,未还
2325,2000037416,高职考数学复习点要,36,O13/50,0571675228,21楼宇大专1,2021-10-11 12:55:21,2021-11-10 12:55:21,未还
2326,2000019352,刀锋上的救赎,39,I247.56/1196,0571675228,21楼宇大专1,2021-10-11 12:55:26,2021-11-10 12:55:26,未还
2328,2000006908,龙族(Ⅲ黑月之潮（上）),29.8,I247.5/5991,0571672668,21装饰大专1,2021-10-11 12:55:50,2021-11-10 12:55:50,未还
2331,2000023880,白话聊斋,45,I242.1/112,0572559436,21装饰大专1,2021-10-11 12:56:01,2021-11-10 12:56:01,未还
2332,2000006905,龙族（Ⅲ黑月之潮（下））,36.8,I247.5/5990,0571636956,21装饰大专1,2021-10-11 12:56:18,2021-11-10 12:56:18,未还
2334,2000040372,马克思画传,79,A716/1,0571778092,21装饰大专1,2021-10-11 12:56:32,2021-11-10 12:56:32,未还
68973,2000010280,哑舍叁,25,I247.5/6020,2662598843,19楼宇大专2,2021-10-11 12:58:00,2021-11-10 12:58:00,2021-10-12 12:02:35
69011,2000034337,琴帝16,29.8,I247.59/237,2508119662,19市政大专,2021-10-11 12:59:00,2021-11-10 12:59:00,2021-10-12 16:00:41
69012,2000021383,超脑,35,I247.5/6128,2508208990,19市政大专,2021-10-11 12:59:00,2021-11-10 12:59:00,2021-10-12 16:00:42
69013,2000037797,盗墓笔记.十年,46,I247.57/4206,1146981222,19市政大专,2021-10-11 12:59:00,2021-11-10 12:59:00,2021-10-12 16:00:45
962,2000024269,唐诗宋词里的趣事,32,I207.2/142,0572129116,21装饰大专1,2021-10-11 13:00:04,2021-11-10 13:00:04,未还
1201,2000032508,晚清帝国风云,45,I247.53/159,0572530236,21装饰大专1,2021-10-11 13:00:38,2021-11-10 13:00:38,未还
69238,2000029355,就喜欢你看不惯我又干不掉我的样子,59,J228.2/268,0571650012,21鲁班实验,2021-10-11 13:02:00,2021-11-10 13:02:00,2021-10-18 13:13:08
69216,2000037798,盗墓笔记.十年,46,I247.57/4206,0572093628,21施工大专1,2021-10-11 13:03:00,2021-11-10 13:03:00,2021-10-18 12:37:10
1302,2000029332,名侦探的守则,39.5,I313.45/358,0572062204,21装饰大专1,2021-10-11 13:07:29,2021-11-10 13:07:29,未还
68969,2000021716,四海鲸骑上,39.8,I247.59/168,0572451100,21楼宇大专2,2021-10-11 13:08:00,2021-11-10 13:08:00,2021-10-12 11:46:56
69017,2000001108,顶级战斗机图典,39.8,E926.31-64/1,0571605660,21楼宇大专2,2021-10-11 13:08:00,2021-11-10 13:08:00,2021-10-12 16:03:04
708,2000034325,琴帝10,29.8,I247.59/231,0615014768,20市政大专,2021-10-11 13:11:43,2021-11-10 13:11:43,未还
1362,2000026396,意大利文艺复兴建筑,72,TU-865.46/1,0572743804,21装饰大专1,2021-10-11 13:12:32,2021-11-10 13:12:32,未还
1415,2000026397,意大利文艺复兴建筑,72,TU-865.46/1,0572695212,21装饰大专1,2021-10-11 13:13:02,2021-11-10 13:13:02,未还
69429,2000029293,致我们暖暖的小时光,29.8,I247.57/4113,0571853356,21装饰大专4,2021-10-11 13:14:00,2021-11-10 13:14:00,2021-10-20 11:26:46
69104,2000027925,光之子3,39,I247.59/209,0571450172,21楼宇大专1,2021-10-11 13:15:00,2021-11-10 13:15:00,2021-10-14 13:20:23
69196,2000033711,默读,45,I247.57/4152,2660452779,19装饰大专3,2021-10-11 13:15:00,2021-11-10 13:15:00,2021-10-18 12:06:50
69556,2000034307,琴帝1,29.8,I247.59/222,0575497804,21楼宇大专1,2021-10-11 13:15:00,2021-11-10 13:15:00,2021-10-20 12:40:32
69578,2000029565,催眠师手记,48,I247.7/2129,0572423740,21楼宇大专1,2021-10-11 13:15:00,2021-11-10 13:15:00,2021-10-20 13:10:35
2371,2000018232,室内装饰材料与装修施工实例教程,39.8,TU56/38,0572161420,21鲁班实验,2021-10-11 13:15:47,2021-11-10 13:15:47,未还
69195,2000033710,默读,45,I247.57/4152,1253340178,19装饰大专3,2021-10-11 13:16:00,2021-11-10 13:16:00,2021-10-18 12:06:41
69103,2000019351,刀锋上的救赎,39,I247.56/1196,1147591158,19市政大专,2021-10-11 13:17:00,2021-11-10 13:17:00,2021-10-14 13:14:50
69099,2000037001,让我留在你身边,46.8,I247.81/40,2660310091,19市政大专,2021-10-11 13:18:00,2021-11-10 13:18:00,2021-10-14 13:07:33
753,2000040167,山花对海树,42,I247.7/2181,0571843308,21市政大专,2021-10-11 13:19:18,2021-11-10 13:19:18,未还
69111,2000016875,我们·下,24.9,I247.5/6077,2661633723,19造价大专1,2021-10-11 13:20:00,2021-11-10 13:20:00,2021-10-14 16:00:57
69241,2000036878,庆余年3,39,I247.5/6321,0575200732,19装饰大专3,2021-10-11 13:22:00,2021-11-10 13:22:00,2021-10-18 13:17:29
69358,2000036876,庆余年2,39,I247.5/6320,2661760123,19装饰大专3,2021-10-11 13:22:00,2021-11-10 13:22:00,2021-10-19 12:49:55
69246,2000027448,斗罗大陆第三部13,28,I247.59/192,0648380128,19市政大专,2021-10-11 13:27:00,2021-11-10 13:27:00,2021-10-18 15:06:16
72,2000036497,灯塔男孩,45,I551.45/7,0572281644,21施工中专1,2021-10-11 16:11:17,2021-11-10 16:11:17,未还
88,2000022253,环界,39,I313.45/334,0572281644,21施工中专1,2021-10-11 16:11:20,2021-11-10 16:11:20,未还
100,2000021783,千只鹤,29.5,I313.45/318,0572281644,21施工中专1,2021-10-11 16:11:23,2021-11-10 16:11:23,未还
101,2000021671,奇迹,32,I313.45/310,0572281644,21施工中专1,2021-10-11 16:11:26,2021-11-10 16:11:26,未还
153,2000017571,沙丘,68,I712.455/1,0572281644,21施工中专1,2021-10-11 16:11:29,2021-11-10 16:11:29,未还
194,2000034234,然后,68,I267.1/2614,0572281644,21施工中专1,2021-10-11 16:11:37,2021-11-10 16:11:37,未还
198,2000014812,莫泊桑短篇小说精选,32,I565.44/489,0572281644,21施工中专1,2021-10-11 16:11:41,2021-11-10 16:11:41,未还
199,2000014203,木偶奇遇记,16.8,I546.88/5,0572281644,21施工中专1,2021-10-11 16:11:44,2021-11-10 16:11:44,未还
206,2000036067,简·爱,58,I561.44/479,0572281644,21施工中专1,2021-10-11 16:11:47,2021-11-10 16:11:47,未还
207,2000021797,思家小馆的晚餐,39.5,I712.45/926,0572281644,21施工中专1,2021-10-11 16:11:54,2021-11-10 16:11:54,未还
382,2000023956,奇迹,47,I712.45/951,0572281644,21施工中专1,2021-10-11 16:11:56,2021-11-10 16:11:56,未还
421,2000024222,追风筝的人,36,I712.45/953,0572281644,21施工中专1,2021-10-11 16:12:00,2021-11-10 16:12:00,未还
495,2000024737,银河帝国1,35,I712.45/955,0572281644,21施工中专1,2021-10-11 16:12:02,2021-11-10 16:12:02,未还
548,2000016585,我的职业是小说家,45,I313.65/13,0572281644,21施工中专1,2021-10-11 16:12:06,2021-11-10 16:12:06,未还
583,2000021741,金色梦乡,49.5,I313.45/313,0572281644,21施工中专1,2021-10-11 16:12:09,2021-11-10 16:12:09,未还
608,2000010567,一条狗,34,J228.4/14,0572281644,21施工中专1,2021-10-11 16:12:12,2021-11-10 16:12:12,未还
633,2000021668,费马最终定理,36,I313.45/309,0572281644,21施工中专1,2021-10-11 16:12:18,2021-11-10 16:12:18,未还
653,2000021744,情书(精),25,I313.45/314,0572281644,21施工中专1,2021-10-11 16:12:23,2021-11-10 16:12:23,未还
654,2000019019,春琴抄,45,I313.45/287,0572281644,21施工中专1,2021-10-11 16:12:32,2021-11-10 16:12:32,未还
655,1100090486,格林童话全集,32,I516.88/7,0572281644,21施工中专1,2021-10-11 16:12:42,2021-11-10 16:12:42,未还
658,2000014776,雾都孤儿上,30,I561.44/455,0572281644,21施工中专1,2021-10-11 16:12:46,2021-11-10 16:12:46,未还
671,2000017763,教堂钟声,28,I561.44/467,0572281644,21施工中专1,2021-10-11 16:12:49,2021-11-10 16:12:49,未还
844,2000017760,人鬼交易,28,I561.44/466,0572281644,21施工中专1,2021-10-11 16:12:52,2021-11-10 16:12:52,未还
850,2000026579,格列佛游记,32,I561.44/473,0572281644,21施工中专1,2021-10-11 16:12:58,2021-11-10 16:12:58,未还
854,2000035315,金银岛,39.8,I561.44/478,0572281644,21施工中专1,2021-10-11 16:13:01,2021-11-10 16:13:01,未还
855,2000014801,秘密花园,28,I712.84/142,0572281644,21施工中专1,2021-10-11 16:13:05,2021-11-10 16:13:05,未还
901,2000006054,别太幼稚也别太精明,35,B821/875,0572281644,21施工中专1,2021-10-11 16:13:10,2021-11-10 16:13:10,未还
1011,2000011454,因为痛，所以叫青春2,35,B821/884,0572281644,21施工中专1,2021-10-11 16:13:14,2021-11-10 16:13:14,未还
1021,2000013760,你的坚持，终将美好,42,B821/887,0572281644,21施工中专1,2021-10-11 16:13:18,2021-11-10 16:13:18,未还
1052,2000034309,琴帝2,29.8,I247.59/223,0572281644,21施工中专1,2021-10-11 16:13:21,2021-11-10 16:13:21,未还
69134,2000006988,神雕侠侣（三）,27,I247.58/156,0649729680,20楼宇大专1,2021-10-11 16:14:00,2021-11-10 16:14:00,2021-10-15 12:00:06
69135,2000026901,北斋漫画,56,J231(313)/1,0649729680,20楼宇大专1,2021-10-11 16:14:00,2021-11-10 16:14:00,2021-10-15 12:00:11
69228,2000015284,复活,36,I512.44/93,0572755180,19园林大专,2021-10-11 16:14:00,2021-11-10 16:14:00,2021-10-18 12:56:23
1205,2000006073,瓦尔登湖,35,I712.64/4,0649729680,20楼宇大专1,2021-10-11 16:14:04,2021-11-10 16:14:04,未还
1304,2000006655,笑傲江湖,27,I247.58/168,0649729680,20楼宇大专1,2021-10-11 16:14:18,2021-11-10 16:14:18,未还
1305,2000021335,一个人的好天气,20,I313.45/304,0575911724,19装饰大专2,2021-10-11 16:14:44,2021-11-10 16:14:44,未还
1307,2000015077,不负如来不负卿下,27.5,I247.57/1305,1147541030,20楼宇大专2,2021-10-11 16:16:45,2021-11-10 16:16:45,未还
69117,2000015074,不负如来不负卿上,27.5,I247.57/1304,1147541030,20楼宇大专2,2021-10-11 16:17:00,2021-11-10 16:17:00,2021-10-14 16:07:20
69118,2000040633,南方有嘉木,36,I247.5/6363,1147541030,20楼宇大专2,2021-10-11 16:17:00,2021-11-10 16:17:00,2021-10-14 16:07:25
1363,2000006663,倚天屠龙记（一）,27,I247.5/5977,0571831292,20楼宇大专2,2021-10-11 16:17:23,2021-11-10 16:17:23,未还
69367,2000018237,活着,20,I247.5/6095,2507983838,19市政大专,2021-10-11 16:19:00,2021-11-10 16:19:00,2021-10-19 13:07:31
69368,2000027426,龙族(Ⅲ黑月之潮（上）),29.8,I247.5/5991,2507983838,19市政大专,2021-10-11 16:19:00,2021-11-10 16:19:00,2021-10-19 13:07:34
1365,2000010453,望春风,48,I247.57/1273,2507983838,19市政大专,2021-10-11 16:19:26,2021-11-10 16:19:26,未还
1376,2000010239,慈悲,36,I247.57/1272,2507983838,19市政大专,2021-10-11 16:19:29,2021-11-10 16:19:29,未还
68990,2000031789,一禅小和尚,59.8,J228.2/232,2660789803,19装饰大专3,2021-10-11 16:20:00,2021-11-10 16:20:00,2021-10-12 13:03:23
69007,2000029329,舟而复始,38,I247.57/4121,0571753244,21施工大专4,2021-10-11 16:20:00,2021-11-10 16:20:00,2021-10-12 16:00:26
69008,2000036584,时光里的不为人知,29.8,I247.57/3982,0571644988,21施工大专4,2021-10-11 16:20:00,2021-11-10 16:20:00,2021-10-12 16:00:28
69112,2000000692,鲁班的诅咒（1）,29.9,I247.5/5905,0572465660,21施工大专4,2021-10-11 16:20:00,2021-11-10 16:20:00,2021-10-14 16:01:03
69005,2000038155,斗罗大陆第四部27,32,I247.59/267,2661860747,19施工大专3,2021-10-11 16:21:00,2021-11-10 16:21:00,2021-10-12 15:59:25
69390,2000038186,庆余年6,39,I247.5/6335,1146792726,20鲁班实验2,2021-10-12 11:38:00,2021-11-11 11:38:00,2021-10-19 16:12:23
2131,2000038115,斗罗大陆第四部8,32,I247.59/246,0647791168,20楼宇大专2,2021-10-12 11:43:03,2021-11-11 11:43:03,未还
69004,2000038133,斗罗大陆第四部17,32,I247.59/255,1148320230,20园林大专,2021-10-12 11:47:00,2021-11-11 11:47:00,2021-10-12 15:58:58
69046,2000032119,知行合一王阳明下,54,J228.2/276,2507893838,20园林大专,2021-10-12 11:47:00,2021-11-11 11:47:00,2021-10-13 15:59:37
69047,2000038134,斗罗大陆第四部18,32,I247.59/256,0573953196,20园林大专,2021-10-12 11:50:00,2021-11-11 11:50:00,2021-10-13 15:59:45
678,2000027579,古董局中局1,45,I247.57/4089,2508751918,20楼宇大专1,2021-10-12 11:52:42,2021-11-11 11:52:42,未还
581,2000023723,龙族（Ⅲ黑月之潮（下））,36.8,I247.5/6159,2509078462,20楼宇大专1,2021-10-12 12:03:27,2021-11-11 12:03:27,未还
2132,2000029594,人生幸好有别离,48,I267/3298,0572444220,20楼宇大专1,2021-10-12 12:05:37,2021-11-11 12:05:37,未还
2134,1100008640,基督教小辞典,36.6,B97/5,0572255116,21施工大专4,2021-10-12 12:05:50,2021-11-11 12:05:50,未还
69053,2000034315,琴帝5,29.8,I247.59/226,0622044444,19装饰大专3,2021-10-12 12:09:00,2021-11-11 12:09:00,2021-10-13 16:11:07
69037,2000010278,哑舍肆,25,I247.5/6019,2662598843,19楼宇大专2,2021-10-12 12:14:00,2021-11-11 12:14:00,2021-10-13 12:34:12
108,2000040170,楚汉双雄,60,K209/1194,0572598924,21施工大专1,2021-10-12 12:19:25,2021-11-11 12:19:25,未还
69022,2000010284,哑舍,23.8,I247.5/6022,0572451100,21楼宇大专2,2021-10-12 12:21:00,2021-11-11 12:21:00,2021-10-13 11:48:12
69114,2000036879,庆余年3,39,I247.5/6321,2661897051,19装饰大专3,2021-10-12 12:21:00,2021-11-11 12:21:00,2021-10-14 16:03:39
752,2000038242,盗墓笔记(2),45,I247.5/6337,0615449344,19装饰大专3,2021-10-12 12:21:01,2021-11-11 12:21:01,未还
1309,2000036877,庆余年2,39,I247.5/6320,1549488066,19装饰大专3,2021-10-12 12:21:26,2021-11-11 12:21:26,未还
1343,2000036875,庆余年1,39,I247.5/6319,0574558444,19装饰大专3,2021-10-12 12:21:36,2021-11-11 12:21:36,未还
69385,2000008170,在很久很久以前,32.8,I247.7/2030,0575638060,19施工大专3,2021-10-12 12:23:00,2021-11-11 12:23:00,2021-10-19 16:01:03
69055,2000027457,斗罗大陆第三部22,29.8,I247.59/199,1146856486,20市政大专,2021-10-12 12:25:00,2021-11-11 12:25:00,2021-10-14 08:14:56
69056,2000027456,斗罗大陆第三部21,29.8,I247.57/4084,1148494614,20市政大专,2021-10-12 12:25:00,2021-11-11 12:25:00,2021-10-14 08:14:58
69039,2000038178,龙族Ⅱ,49,I247.5/6325,0572389212,21楼宇大专1,2021-10-12 12:26:00,2021-11-11 12:26:00,2021-10-13 12:58:55
2095,2000005239,盗墓笔记(3),32.8,I247.5/5956,0572616572,21施工大专1,2021-10-12 12:29:20,2021-11-11 12:29:20,未还
69198,2000026811,三体,23,I247.5/5902,0572665900,21装饰大专4,2021-10-12 12:30:00,2021-11-11 12:30:00,2021-10-18 12:11:12
69309,2000038110,斗罗大陆第四部5,32,I247.59/243,0571481564,21装饰大专4,2021-10-12 12:30:00,2021-11-11 12:30:00,2021-10-19 12:03:28
842,2000007487,何以笙箫默(7周年精装珍藏版),25,I247.5/5996,2508379982,20视觉大专,2021-10-12 12:34:40,2021-11-11 12:34:40,未还
69036,2000038271,星星之眼,49.8,I247.5/6345,2508989934,20施工大专4,2021-10-12 12:35:00,2021-11-11 12:35:00,2021-10-13 12:27:50
2343,2000001184,哈利·波特与阿兹卡班囚徒,36,I561.84/2,0571606156,21装饰大专1,2021-10-12 12:39:05,2021-11-11 12:39:05,未还
69359,2000021460,大唐辟邪司,39.8,I247.56/1197,0571688316,21楼宇大专2,2021-10-12 12:47:00,2021-11-11 12:47:00,2021-10-19 13:00:18
2437,2000038240,盗墓笔记(1),45,I247.5/6336,0572321148,21装饰大专2,2021-10-12 12:56:32,2021-11-11 12:56:32,未还
2438,2000038241,盗墓笔记(1),45,I247.5/6336,0572222556,21装饰大专2,2021-10-12 12:56:43,2021-11-11 12:56:43,未还
69137,2000037336,女巫/罗尔德·达尔作品典藏,25,I561.88/9,0571847548,21装饰大专3,2021-10-12 13:00:00,2021-11-11 13:00:00,2021-10-15 12:17:38
2441,2000036254,我真的很棒,49.8,B849.1/4,0572810444,21装饰大专4,2021-10-12 13:00:22,2021-11-11 13:00:22,未还
1467,2000029272,青镜,44,I247.57/4111,2660431131,19装饰大专3,2021-10-12 13:08:00,2021-11-11 13:08:00,未还
69192,2000005279,活着,29,I247.57/1251,2660338331,19装饰大专3,2021-10-12 13:08:00,2021-11-11 13:08:00,2021-10-18 12:01:06
2242,2000039566,五味子,49.8,I247.57/4241,0572128924,21装饰大专4,2021-10-12 13:12:38,2021-11-11 13:12:38,未还
2445,2000037247,吃茶 知味,58,I267/3398,0572128924,21装饰大专4,2021-10-12 13:12:48,2021-11-11 13:12:48,未还
69094,2000006607,大灭绝时代,48,I712.55/5,0647967472,20施工大专1,2021-10-12 13:14:00,2021-11-11 13:14:00,2021-10-14 13:02:21
69138,2000038160,斗罗大陆第四部29,32,I247.59/269,1147734422,19装饰大专3,2021-10-12 13:14:00,2021-11-11 13:14:00,2021-10-15 12:22:35
69139,2000038166,斗罗大陆第四部30,32,I247.59/270,2660789803,19装饰大专3,2021-10-12 13:14:00,2021-11-11 13:14:00,2021-10-15 12:22:38
69140,2000038158,斗罗大陆第四部28,32,I247.59/268,0239442134,19装饰大专3,2021-10-12 13:14:00,2021-11-11 13:14:00,2021-10-15 12:22:42
69174,2000005243,盗墓笔记(1),32.8,I247.5/5958,0572590588,21装饰大专4,2021-10-12 13:14:00,2021-11-11 13:14:00,2021-10-15 12:37:28
69175,2000036568,盗墓笔记(4),32.8,I247.5/5955,0571677964,21装饰大专4,2021-10-12 13:14:00,2021-11-11 13:14:00,2021-10-15 12:37:32
69240,2000037877,斗罗大陆第四部21,32,I247.59/259,2661583163,19装饰大专3,2021-10-12 13:14:00,2021-11-11 13:14:00,2021-10-18 13:17:20
2448,2000018084,大秦帝国(全新修订版共11册),54.4,I247.5/6093,1252499122,19市政大专,2021-10-12 13:14:54,2021-11-11 13:14:54,未还
69028,2000027444,斗罗大陆第三部9,28,I247.59/189,0614880336,19市政大专,2021-10-12 13:15:00,2021-11-11 13:15:00,2021-10-13 12:19:01
69362,2000038172,龙族Ⅰ,43,I247.5/6324,2661123435,19鲁班实验2,2021-10-12 13:21:00,2021-11-11 13:21:00,2021-10-19 13:03:38
69364,2000007390,2015年中国中篇小说精选,45,I247.57/1253,2660801275,19鲁班实验2,2021-10-12 13:21:00,2021-11-11 13:21:00,2021-10-19 13:04:25
69419,2000024049,盗墓笔记(7),32.8,I247.5/5952,2662383483,19造价大专1,2021-10-12 13:21:00,2021-11-11 13:21:00,2021-10-20 10:40:50
69038,2000037852,斗罗大陆第四部9,32,I247.59/247,0572690828,21造价大专2,2021-10-12 13:26:00,2021-11-11 13:26:00,2021-10-13 12:35:24
2452,2000022291,神笔马良,10,I287.7/11,0649301040,20施工大专3,2021-10-12 13:27:08,2021-11-11 13:27:08,未还
2453,2000027473,无缝地带·寂灾,39.8,I247.56/1207,0649301040,20施工大专3,2021-10-12 13:27:16,2021-11-11 13:27:16,未还
2454,2000027558,大唐辟邪司,39.8,I247.56/1208,0649301040,20施工大专3,2021-10-12 13:27:19,2021-11-11 13:27:19,未还
2455,2000029223,一触即发,56,I247.56/1213,0649301040,20施工大专3,2021-10-12 13:27:21,2021-11-11 13:27:21,未还
2457,2000036297,天谴之天罗地网,49,I247.56/1219,0649301040,20施工大专3,2021-10-12 13:27:24,2021-11-11 13:27:24,未还
2458,2000034338,琴帝16,29.8,I247.59/237,0649301040,20施工大专3,2021-10-12 13:27:29,2021-11-11 13:27:29,未还
2459,2000026022,星河彼岸,42,I247.59/174,0649301040,20施工大专3,2021-10-12 13:27:32,2021-11-11 13:27:32,未还
2460,2000018816,一怒成仙下,34,I247.59/152,0649301040,20施工大专3,2021-10-12 13:27:36,2021-11-11 13:27:36,未还
2461,2000024958,西夏死书5,36.8,I247.57/4048,0649301040,20施工大专3,2021-10-12 13:27:39,2021-11-11 13:27:39,未还
2462,2000029132,我走在这活泼泼的人间,56,I267/3286,0649301040,20施工大专3,2021-10-12 13:27:43,2021-11-11 13:27:43,未还
2463,2000019253,今天应该快活,48,I267/3167,0649301040,20施工大专3,2021-10-12 13:27:45,2021-11-11 13:27:45,未还
2464,2000029773,小坡的生日,25,I286.7/2,0649301040,20施工大专3,2021-10-12 13:27:50,2021-11-11 13:27:50,未还
2465,2000018359,灯谜一点通,20,I277.8/4,0649301040,20施工大专3,2021-10-12 13:27:52,2021-11-11 13:27:52,未还
2466,2000032283,疼痛吧指头,28,I247.5/6221,0649301040,20施工大专3,2021-10-12 13:27:55,2021-11-11 13:27:55,未还
2468,2000037008,我们总是孤独成长,45,I247.5/6326,0649301040,20施工大专3,2021-10-12 13:27:58,2021-11-11 13:27:58,未还
2469,2000022193,小屁孩日记,18.5,I712.45/943,0649301040,20施工大专3,2021-10-12 13:28:00,2021-11-11 13:28:00,未还
2470,2000039530,异能研究所,69.8,I712.45/1028,0649301040,20施工大专3,2021-10-12 13:28:04,2021-11-11 13:28:04,未还
2471,2000034257,暗涌,46,I247.57/4179,0649301040,20施工大专3,2021-10-12 13:28:07,2021-11-11 13:28:07,未还
2472,2000034259,惊鸿,68,I247.57/4180,0649301040,20施工大专3,2021-10-12 13:28:11,2021-11-11 13:28:11,未还
2473,2000005634,琅琊榜（上）,25,I247.59/121,0649301040,20施工大专3,2021-10-12 13:28:14,2021-11-11 13:28:14,未还
2475,2000008071,最好的我们（下）,27.5,I247.57/1256,0649301040,20施工大专3,2021-10-12 13:28:26,2021-11-11 13:28:26,未还
2476,2000035347,少女侦探事件簿.2,34.9,I247.57/4200,0649301040,20施工大专3,2021-10-12 13:28:31,2021-11-11 13:28:31,未还
2480,2000034283,全职高手5,48,I247.59/221,0649301040,20施工大专3,2021-10-12 13:28:33,2021-11-11 13:28:33,未还
2482,2000026918,元尊,32.8,I247.59/180,0649301040,20施工大专3,2021-10-12 13:28:35,2021-11-11 13:28:35,未还
2487,2000018638,游穴调查组,39.8,I247.5/6103,0649301040,20施工大专3,2021-10-12 13:28:37,2021-11-11 13:28:37,未还
2489,1100033985,四面墙,35,I247.5/1616,0649301040,20施工大专3,2021-10-12 13:28:44,2021-11-11 13:28:44,未还
2494,2000016529,脑洞超市,39.8,J228.2/204,0649301040,20施工大专3,2021-10-12 13:28:48,2021-11-11 13:28:48,未还
2495,2000027520,亲爱的，你长点心吧,39.8,J228.2/265,0649301040,20施工大专3,2021-10-12 13:28:51,2021-11-11 13:28:51,未还
2496,2000018636,某人日常,42,J228.2/206,0649301040,20施工大专3,2021-10-12 13:28:53,2021-11-11 13:28:53,未还
2497,2000015108,最好的我们漫画版1,42,J228.2/197,0649301040,20施工大专3,2021-10-12 13:28:58,2021-11-11 13:28:58,未还
2498,2000030240,思念成城,49.8,I247.5/6199,2661295083,19施工大专1,2021-10-12 13:29:41,2021-11-11 13:29:41,未还
69048,2000037873,斗罗大陆第四部19,32,I247.59/257,1148320230,20园林大专,2021-10-12 16:00:00,2021-11-11 16:00:00,2021-10-13 15:59:50
69184,2000037843,斗罗大陆第四部4,32,I247.59/242,1147719494,20园林大专,2021-10-12 16:00:00,2021-11-11 16:00:00,2021-10-18 10:46:25
69242,2000038156,斗罗大陆第四部28,32,I247.59/268,2661860747,19施工大专3,2021-10-12 16:01:00,2021-11-11 16:01:00,2021-10-18 13:24:08
69027,2000026907,元尊,32.8,I247.57/4071,2508119662,19市政大专,2021-10-12 16:05:00,2021-11-11 16:05:00,2021-10-13 12:18:54
69096,2000005256,藏地密码3,28,I247.56/1177,2508208990,19市政大专,2021-10-12 16:05:00,2021-11-11 16:05:00,2021-10-14 13:07:12
69100,2000036356,剑来 4：草长莺飞时,43,I247.58/200,1146981222,19市政大专,2021-10-12 16:05:00,2021-11-11 16:05:00,2021-10-14 13:07:36
69040,2000001107,顶级直升机图典,39.8,E926.396-64/1,0571605660,21楼宇大专2,2021-10-12 16:06:00,2021-11-11 16:06:00,2021-10-13 13:07:15
1230,2000006308,二战精锐部队,29.8,E15/1,0575122588,21施工中专2,2021-10-12 16:07:12,2021-11-11 16:07:12,未还
1303,2000040640,懂点茶道,58,TS971.21/18,0572360924,21施工大专4,2021-10-12 16:07:28,2021-11-11 16:07:28,未还
1348,2000006311,狙击神话——世界王牌狙击手,29.8,E156/2,0572360924,21施工大专4,2021-10-12 16:07:32,2021-11-11 16:07:32,未还
1468,2000023433,中国教育史（上）,56.25,G529/1,0572360924,21施工大专4,2021-10-12 16:07:36,2021-11-11 16:07:36,未还
2237,2000031963,莫言给孩子的八堂文学课,36,G624.243/1,0572360924,21施工大专4,2021-10-12 16:07:39,2021-11-11 16:07:39,未还
2337,2000027431,言叶之庭,32,I313.45/352,0572360924,21施工大专4,2021-10-12 16:07:42,2021-11-11 16:07:42,未还
2342,2000021292,如果世上不再有猫,38,I313.45/303,0572360924,21施工大专4,2021-10-12 16:07:45,2021-11-11 16:07:45,未还
2356,2000033447,艺术永不眠,89,I267.1/2603,0572360924,21施工大专4,2021-10-12 16:07:48,2021-11-11 16:07:48,未还
2506,2000026899,古书堂事件手帖,27,I313.45/348,0572360924,21施工大专4,2021-10-12 16:07:51,2021-11-11 16:07:51,未还
2507,2000009919,夏日庭院,35,I313.84/1,0572360924,21施工大专4,2021-10-12 16:07:53,2021-11-11 16:07:53,未还
2508,2000013226,花儿与少年,28,I267/3057,0572360924,21施工大专4,2021-10-12 16:08:01,2021-11-11 16:08:01,未还
2509,2000016990,北大金融课,39.8,F830/139,0572360924,21施工大专4,2021-10-12 16:08:07,2021-11-11 16:08:07,未还
2510,2000031393,糟糕的教育,48,G40/528,0572360924,21施工大专4,2021-10-12 16:08:11,2021-11-11 16:08:11,未还
2511,2000033703,未来学校,48,G4/209,0572360924,21施工大专4,2021-10-12 16:08:15,2021-11-11 16:08:15,未还
2512,2000012680,门萨超级脑力体操,32,G449.4/1,0572360924,21施工大专4,2021-10-12 16:08:18,2021-11-11 16:08:18,未还
2513,2000001724,教育之道，道在心灵,29,G63-53/1,0572360924,21施工大专4,2021-10-12 16:08:22,2021-11-11 16:08:22,未还
2514,2000021558,走向北大清华,29.8,G632.46/1,0572360924,21施工大专4,2021-10-12 16:08:25,2021-11-11 16:08:25,未还
2515,2000016293,最新高中生分类作文第1范本,25.8,G634.343/9,0572360924,21施工大专4,2021-10-12 16:08:29,2021-11-11 16:08:29,未还
2516,2000034590,中考满分作文,29.8,G634.343/16,0572360924,21施工大专4,2021-10-12 16:08:33,2021-11-11 16:08:33,未还
2517,2000012111,战典1,45,I25/10295,0572535628,21施工大专4,2021-10-12 16:08:59,2021-11-11 16:08:59,未还
69263,2000023716,哑舍,23.8,I247.5/6158,0571764636,21鲁班实验,2021-10-12 16:09:00,2021-11-11 16:09:00,2021-10-19 09:49:15
2518,2000027921,光之子1,40,I247.59/207,0572453116,21施工大专4,2021-10-12 16:09:10,2021-11-11 16:09:10,未还
2520,2000002768,生活的艺术,28,B821/866,0649729680,20楼宇大专1,2021-10-12 16:26:09,2021-11-11 16:26:09,未还
69250,2000037848,斗罗大陆第四部7,32,I247.59/245,2661002651,19施工大专3,2021-10-13 11:40:00,2021-11-12 11:40:00,2021-10-18 16:00:30
618,2000023727,龙族(Ⅲ黑月之潮（上）),29.8,I247.5/6160,1148139238,20楼宇大专2,2021-10-13 11:42:09,2021-11-12 11:42:09,未还
69202,2000023725,龙族（Ⅲ黑月之潮（中））,29.8,I247.59/170,0572451100,21楼宇大专2,2021-10-13 11:57:00,2021-11-12 11:57:00,2021-10-18 12:13:07
69391,2000010286,哑舍·零·秦失其鹿,29.8,I247.5/6023,0571865708,21楼宇大专1,2021-10-13 12:01:00,2021-11-12 12:01:00,2021-10-19 16:31:14
69024,2000038177,龙族Ⅱ,49,I247.5/6325,0572360924,21施工大专4,2021-10-13 12:02:00,2021-11-12 12:02:00,2021-10-13 12:02:11
69097,2000026910,元尊,32.8,I247.59/176,2508119662,19市政大专,2021-10-13 12:22:00,2021-11-12 12:22:00,2021-10-14 13:07:19
323,2000018075,大秦帝国(全新修订版共11册),54.4,I247.5/6085,2660684347,19市政大专,2021-10-13 12:22:28,2021-11-12 12:22:28,未还
417,2000018077,大秦帝国(全新修订版共11册),54.4,I247.5/6086,2660684347,19市政大专,2021-10-13 12:22:40,2021-11-12 12:22:40,未还
69031,2000018081,大秦帝国(全新修订版共11册),54.4,I247.5/6092,0572136204,21施工大专3,2021-10-13 12:23:00,2021-11-12 12:23:00,2021-10-13 12:23:25
69361,2000027582,古董局中局3,45,I247.57/4091,0571487148,21楼宇大专1,2021-10-13 12:26:00,2021-11-12 12:26:00,2021-10-19 13:02:31
546,2000021316,血王冠：玫瑰战争,59,K561.32/1,0240487062,19视觉大专,2021-10-13 12:26:34,2021-11-12 12:26:34,未还
703,2000027957,交锋,49.8,I247.57/4093,2507983838,19市政大专,2021-10-13 12:27:02,2021-11-12 12:27:02,未还
830,2000022296,至高利益,46,I247.57/4013,2507983838,19市政大专,2021-10-13 12:27:14,2021-11-12 12:27:14,未还
69345,2000020527,大象的时间，老鼠的时间,45,Q95-49/10,1147573414,19楼宇大专2,2021-10-13 12:28:00,2021-11-12 12:28:00,2021-10-19 12:21:44
69068,2000036354,剑来 3：清梦压星河,42,I247.58/199,0572178668,21楼宇大专1,2021-10-13 12:29:00,2021-11-12 12:29:00,2021-10-14 12:04:13
69355,2000008764,野生动物图鉴,39.9,Q95-64/1,1147573414,19楼宇大专2,2021-10-13 12:29:00,2021-11-12 12:29:00,2021-10-19 12:48:38
1454,2000013241,无花果,29,I267/3062,0571724892,21楼宇大专2,2021-10-13 12:32:02,2021-11-12 12:32:02,未还
369,2000035370,安居乐业.下,34.9,I247.5/6280,1252379042,19视觉大专,2021-10-13 12:35:33,2021-11-12 12:35:33,未还
69215,2000010277,哑舍伍,28,I247.5/6018,2662598843,19楼宇大专2,2021-10-13 12:36:00,2021-11-12 12:36:00,2021-10-18 12:30:18
69225,2000038118,斗罗大陆第四部10,32,I247.59/248,0572690828,21造价大专2,2021-10-13 12:36:00,2021-11-12 12:36:00,2021-10-18 12:54:35
2447,2000027549,有匪,36,I247.57/4087,2508989934,20施工大专4,2021-10-13 12:49:44,2021-11-12 12:49:44,未还
2521,2000037251,他来时有星光,45,I247.5/6328,1148329638,20施工大专2,2021-10-13 12:49:54,2021-11-12 12:49:54,未还
69052,2000029577,墨菲定律,39.8,B848.4-49/136,0571511932,21市政大专,2021-10-13 12:54:00,2021-11-12 12:54:00,2021-10-13 16:05:52
69123,2000013578,三体(Ⅱ黑暗森林)/中国科幻基石丛书,32,I247.5/5900,0572389212,21楼宇大专1,2021-10-13 13:04:00,2021-11-12 13:04:00,2021-10-14 16:31:47
69176,2000013580,三体,23,I247.5/5902,0572360924,21施工大专4,2021-10-13 13:04:00,2021-11-12 13:04:00,2021-10-15 13:24:35
69069,2000032500,三分钟漫画汽车史,49.8,J228.2/278,0571605660,21楼宇大专2,2021-10-13 13:09:00,2021-11-12 13:09:00,2021-10-14 12:58:30
69116,2000034308,琴帝1,29.8,I247.59/222,0572136204,21施工大专3,2021-10-13 13:10:00,2021-11-12 13:10:00,2021-10-14 16:05:48
69101,2000028957,斗罗大陆第三部20,26,I247.59/211,0614880336,19市政大专,2021-10-13 13:12:00,2021-11-12 13:12:00,2021-10-14 13:07:43
69312,2000027008,延禧攻略,44,I247.57/4078,1148314150,20园林大专,2021-10-13 16:00:00,2021-11-12 16:00:00,2021-10-19 12:08:29
69115,2000037844,斗罗大陆第四部5,32,I247.59/243,1148530886,20园林大专,2021-10-13 16:01:00,2021-11-12 16:01:00,2021-10-14 16:04:06
69380,2000038138,斗罗大陆第四部20,32,I247.59/258,1148320230,20园林大专,2021-10-13 16:01:00,2021-11-12 16:01:00,2021-10-19 15:58:25
69381,2000038140,斗罗大陆第四部21,32,I247.59/259,1146937926,20园林大专,2021-10-13 16:01:00,2021-11-12 16:01:00,2021-10-19 15:58:28
69344,2000032510,非人哉,45,J228.2/279,2507893838,20园林大专,2021-10-13 16:02:00,2021-11-12 16:02:00,2021-10-19 12:20:25
631,2000040169,金色梦乡,69,I313.45/397,0575041116,20装饰大专4,2021-10-13 16:02:09,2021-11-12 16:02:09,未还
716,2000015071,十年一品温如言上册,29.9,I247.5/6054,2508624494,20装饰大专4,2021-10-13 16:03:35,2021-11-12 16:03:35,未还
69200,2000033729,撒野2,49.8,I247.5/6249,1146578758,20装饰大专4,2021-10-13 16:04:00,2021-11-12 16:04:00,2021-10-18 12:11:46
781,2000024039,盗墓笔记(2),32.8,I247.5/5957,0572188236,21装饰大专4,2021-10-13 16:08:38,2021-11-12 16:08:38,未还
834,2000019248,孤独心理师,25,I247.55/11,0572128924,21装饰大专4,2021-10-13 16:08:56,2021-11-12 16:08:56,未还
69365,2000036360,剑来 6：剑符在扁舟,43,I247.58/202,0572082860,21装饰大专4,2021-10-13 16:09:00,2021-11-12 16:09:00,2021-10-19 13:06:36
2522,2000029120,让我留在你身边,58,I247.57/4103,0572128924,21装饰大专4,2021-10-13 16:09:05,2021-11-12 16:09:05,未还
2526,2000023722,龙族（Ⅲ黑月之潮（下））,36.8,I247.5/6159,0572128924,21装饰大专4,2021-10-13 16:09:21,2021-11-12 16:09:21,未还
2527,2000006906,龙族（Ⅲ黑月之潮（中））,29.8,I247.59/124,0572379596,21装饰大专4,2021-10-13 16:09:34,2021-11-12 16:09:34,未还
2528,2000023720,龙族（Ⅳ奥丁之源）,32,I274.5/2,0572149516,21装饰大专4,2021-10-13 16:09:43,2021-11-12 16:09:43,未还
2529,2000023721,龙族（Ⅳ奥丁之源）,32,I274.5/2,0571465436,21装饰大专4,2021-10-13 16:10:13,2021-11-12 16:10:13,未还
69122,2000034317,琴帝6,29.8,I247.59/227,0622044444,19装饰大专3,2021-10-13 16:12:00,2021-11-12 16:12:00,2021-10-14 16:07:50
1095,8000002215,知音漫客,0,J218,1147541030,20楼宇大专2,2021-10-14 00:00:00,2021-11-13 00:00:00,未还
1096,8000002169,幽默大师,0,J22,1147541030,20楼宇大专2,2021-10-14 00:00:00,2021-11-13 00:00:00,未还
1097,8000002170,幽默大师,0,J22,1147541030,20楼宇大专2,2021-10-14 00:00:00,2021-11-13 00:00:00,未还
227,2000006615,神雕侠侣（四）,27,I247.58/157,0649729680,20楼宇大专1,2021-10-14 11:24:15,2021-11-13 11:24:15,未还
69233,2000001340,全彩图解万用表使用,59,TM938.107-64/1,0571605660,21楼宇大专2,2021-10-14 13:08:00,2021-11-13 13:08:00,2021-10-18 13:09:36
69231,2000005257,藏地密码4,29.8,I247.56/1178,2508208990,19市政大专,2021-10-14 13:09:00,2021-11-13 13:09:00,2021-10-18 13:05:30
69248,2000024935,奇点遗民,49.8,I712.45/972,0647967472,20施工大专1,2021-10-14 13:09:00,2021-11-13 13:09:00,2021-10-18 15:58:11
69173,2000026913,元尊,32.8,I247.59/177,2508119662,19市政大专,2021-10-14 13:10:00,2021-11-13 13:10:00,2021-10-15 12:30:56
69350,2000036359,剑来 5：山水有相逢,43,I247.58/201,1146981222,19市政大专,2021-10-14 13:10:00,2021-11-13 13:10:00,2021-10-19 12:29:40
845,2000038147,斗罗大陆第四部24,32,I247.59/262,0571803068,19市政大专,2021-10-14 13:10:02,2021-11-13 13:10:02,未还
846,2000029429,有话说,52,H019/83,0571959244,21装饰大专3,2021-10-14 13:11:27,2021-11-13 13:11:27,未还
69237,2000031869,我站在桥上看风景,36,I247.57/4127,1147591158,19市政大专,2021-10-14 13:22:00,2021-11-13 13:22:00,2021-10-18 13:10:31
69349,2000039811,风暴侦探犬小五,25,I287.45/132,0571482556,19市政大专,2021-10-14 13:24:00,2021-11-13 13:24:00,2021-10-19 12:29:34
69580,2000034310,琴帝2,29.8,I247.59/223,0571450172,21楼宇大专1,2021-10-14 13:25:00,2021-11-13 13:25:00,2021-10-20 13:13:46
69269,2000029581,我站在桥上看风景,36,I247.57/4127,1146856486,20市政大专,2021-10-14 13:26:00,2021-11-13 13:26:00,2021-10-19 11:39:28
69270,2000027458,斗罗大陆第三部23,29.8,I247.59/200,1148177846,20市政大专,2021-10-14 13:26:00,2021-11-13 13:26:00,2021-10-19 11:39:39
69185,2000035377,似锦.中册,28,I247.5/6283,0571675660,20园林大专,2021-10-14 16:02:00,2021-11-13 16:02:00,2021-10-18 11:54:46
69424,2000015072,十年一品温如言下册,29.9,I247.5/6055,2661633723,19造价大专1,2021-10-14 16:03:00,2021-11-13 16:03:00,2021-10-20 10:41:26
69354,2000027936,残次品,42.5,I247.55/19,0648285568,20鲁班实验2,2021-10-14 16:04:00,2021-11-13 16:04:00,2021-10-19 12:46:05
69357,2000036880,庆余年4,39,I247.5/6322,2661897051,19装饰大专3,2021-10-14 16:05:00,2021-11-13 16:05:00,2021-10-19 12:49:51
69421,1000146502,婉约词/国学典藏书系,32.8,I222/1670,2661983883,19造价大专1,2021-10-14 16:05:00,2021-11-13 16:05:00,2021-10-20 10:41:04
1060,2000037206,某某,49.8,I247.57/4217,0572206252,20市政大专,2021-10-14 16:05:37,2021-11-13 16:05:37,未还
69128,2000038112,斗罗大陆第四部6,32,I247.59/244,1148530886,20园林大专,2021-10-14 16:06:00,2021-11-13 16:06:00,2021-10-15 10:38:29
69307,2000034320,琴帝7,29.8,I247.59/228,0622044444,19装饰大专3,2021-10-14 16:08:00,2021-11-13 16:08:00,2021-10-19 11:56:15
694,2000004290,火星救援,38,I712.45/807,1147606006,20鲁班实验1,2021-10-14 16:10:44,2021-11-13 16:10:44,未还
1181,2000016614,超新星纪元,38,I247.7/2057,1147606006,20鲁班实验1,2021-10-14 16:10:54,2021-11-13 16:10:54,未还
1183,1100099995,朱自清散文集,20,I266/483,1147606006,20鲁班实验1,2021-10-14 16:11:01,2021-11-13 16:11:01,未还
1210,2000005069,悲惨世界(上)(精)/经典译林,34,I565.44/460,1147606006,20鲁班实验1,2021-10-14 16:11:08,2021-11-13 16:11:08,未还
1211,2000005070,悲惨世界(下)(精)/经典译林,34,I565.44/459,1147606006,20鲁班实验1,2021-10-14 16:11:36,2021-11-13 16:11:36,未还
1213,2000000007,四世同堂(精),45,I246.5/39,1147606006,20鲁班实验1,2021-10-14 16:11:56,2021-11-13 16:11:56,未还
1214,2000007492,蝴蝶,29,I247.7/2024,1147606006,20鲁班实验1,2021-10-14 16:12:28,2021-11-13 16:12:28,未还
1215,2000037201,"越自律,越自由",39.8,I267/3397,1147606006,20鲁班实验1,2021-10-14 16:12:32,2021-11-13 16:12:32,未还
1216,2000015711,地狱,39,I712.45/871,1147606006,20鲁班实验1,2021-10-14 16:12:37,2021-11-13 16:12:37,未还
1219,2000016638,怪屋女孩,35,I712.45/874,1147606006,20鲁班实验1,2021-10-14 16:12:39,2021-11-13 16:12:39,未还
1220,2000019029,爱,39.5,I712.45/878,1147606006,20鲁班实验1,2021-10-14 16:12:42,2021-11-13 16:12:42,未还
1221,2000037052,闹城,69,I267/3393,1147606006,20鲁班实验1,2021-10-14 16:12:47,2021-11-13 16:12:47,未还
1222,2000005733,源氏物语(下),44,I313.43/2,1147606006,20鲁班实验1,2021-10-14 16:12:51,2021-11-13 16:12:51,未还
1223,2000005731,源氏物语(上),44,I313.43/1,1147606006,20鲁班实验1,2021-10-14 16:12:57,2021-11-13 16:12:57,未还
1224,2000040715,心居,59,I247.57/4247,1147606006,20鲁班实验1,2021-10-14 16:13:04,2021-11-13 16:13:04,未还
1225,2000017666,它·下,39.9,I712.45/885,1147606006,20鲁班实验1,2021-10-14 16:13:07,2021-11-13 16:13:07,未还
1226,2000017664,它·上,39.9,I712.45/884,1147606006,20鲁班实验1,2021-10-14 16:13:11,2021-11-13 16:13:11,未还
1231,2000032703,飞行酿酒师,49,I247.7/2144,1147606006,20鲁班实验1,2021-10-14 16:13:17,2021-11-13 16:13:17,未还
1232,2000033452,新安魂曲,36.8,I247.7/2145,1147606006,20鲁班实验1,2021-10-14 16:13:20,2021-11-13 16:13:20,未还
1233,2000030306,贵婉日记,45,I247.7/2136,1147606006,20鲁班实验1,2021-10-14 16:13:23,2021-11-13 16:13:23,未还
1234,2000029364,七候笔录下,46,I247.59/213,1147606006,20鲁班实验1,2021-10-14 16:13:26,2021-11-13 16:13:26,未还
1235,2000029366,七候笔录上,46,I247.59/214,1147606006,20鲁班实验1,2021-10-14 16:13:29,2021-11-13 16:13:29,未还
1237,2000027939,残次品,42.5,I247.55/20,1147606006,20鲁班实验1,2021-10-14 16:13:44,2021-11-13 16:13:44,未还
1238,2000027937,残次品,42.5,I247.55/19,1147606006,20鲁班实验1,2021-10-14 16:13:49,2021-11-13 16:13:49,未还
69530,2000006678,天龙八部（四）,27.6,I247.5/5984,0571865388,21装饰大专3,2021-10-14 16:14:00,2021-11-13 16:14:00,2021-10-20 12:02:03
69531,2000006679,天龙八部（五）,27.6,I247.5/5985,0572512444,21装饰大专3,2021-10-14 16:14:00,2021-11-13 16:14:00,2021-10-20 12:02:09
1241,2000038362,走出内向,52,B848.6/65,0572360924,21施工大专4,2021-10-14 16:16:07,2021-11-13 16:16:07,未还
1242,2000027546,有匪,35,I247.57/4038,0572360924,21施工大专4,2021-10-14 16:16:13,2021-11-13 16:16:13,未还
1306,2000028636,恋爱心理学,49.8,C913.1/6,0572360924,21施工大专4,2021-10-14 16:16:17,2021-11-13 16:16:17,未还
1326,2000002827,为何爱会伤人,39,C913.1/1,0572360924,21施工大专4,2021-10-14 16:16:22,2021-11-13 16:16:22,未还
1440,2000035918,长安骊歌.下卷,36,I247.53/175,1147541030,20楼宇大专2,2021-10-14 16:17:20,2021-11-13 16:17:20,未还
1460,2000035917,长安骊歌.中卷,36,I247.53/174,1147541030,20楼宇大专2,2021-10-14 16:17:24,2021-11-13 16:17:24,未还
1461,2000035915,长安骊歌.上卷,36,I247.53/173,1147541030,20楼宇大专2,2021-10-14 16:17:28,2021-11-13 16:17:28,未还
1462,2000027006,沙海,34.9,I247.5/6179,1147541030,20楼宇大专2,2021-10-14 16:17:32,2021-11-13 16:17:32,未还
1465,2000027359,最美遇见你,28,I247.57/4082,1147541030,20楼宇大专2,2021-10-14 16:17:36,2021-11-13 16:17:36,未还
1573,2000040857,三生三世步生莲,49.8,I247.5/6370,1147541030,20楼宇大专2,2021-10-14 16:17:41,2021-11-13 16:17:41,未还
1576,2000038187,庆余年6,39,I247.5/6335,1147541030,20楼宇大专2,2021-10-14 16:17:45,2021-11-13 16:17:45,未还
1582,2000012609,黑郁金香,37,I565.44/475,1148178374,20楼宇大专2,2021-10-14 16:18:30,2021-11-13 16:18:30,未还
69253,2000026998,时光微微甜,29.9,I247.57/4076,0571753244,21施工大专4,2021-10-14 16:19:00,2021-11-13 16:19:00,2021-10-18 16:10:22
69255,2000027003,时光微微甜,29.9,I247.57/4077,0571644988,21施工大专4,2021-10-14 16:20:00,2021-11-13 16:20:00,2021-10-18 16:10:27
2358,2000018549,毛泽东自传,39,A751/3,0572136204,21施工大专3,2021-10-14 16:32:08,2021-11-13 16:32:08,未还
2373,2000011641,败在海上,100,E291/1,0572136204,21施工大专3,2021-10-14 16:32:12,2021-11-13 16:32:12,未还
2405,2000024906,敦刻尔克,48.5,E195.2/8,0572136204,21施工大专3,2021-10-14 16:32:16,2021-11-13 16:32:16,未还
2422,2000040140,冰菓1,25,J238.2/30,0572136204,21施工大专3,2021-10-14 16:32:28,2021-11-13 16:32:28,未还
2523,2000034991,特种兵身体运动功能训练,89,E276/1,0572136204,21施工大专3,2021-10-14 16:32:32,2021-11-13 16:32:32,未还
2525,2000001228,诺曼底战役,35,E195.2/2,0572136204,21施工大专3,2021-10-14 16:32:47,2021-11-13 16:32:47,未还
2530,2000006279,二战十大著名战役,29.8,E195.2/3,0572136204,21施工大专3,2021-10-14 16:32:51,2021-11-13 16:32:51,未还
2531,2000023124,太平洋战争 Ⅰ,45,E195.2/7,0572136204,21施工大专3,2021-10-14 16:32:54,2021-11-13 16:32:54,未还
69124,2000034314,琴帝4,29.8,I247.59/225,0572136204,21施工大专3,2021-10-14 16:33:00,2021-11-13 16:33:00,2021-10-14 16:33:07
69133,2000034311,琴帝3,29.8,I247.59/224,0572136204,21施工大专3,2021-10-14 16:33:00,2021-11-13 16:33:00,2021-10-15 11:51:34
2532,2000023123,太平洋战争,45,E195.2/6,0572136204,21施工大专3,2021-10-14 16:33:16,2021-11-13 16:33:16,未还
2533,2000039058,致青年教师的信,39.8,G451.2/17,0572136204,21施工大专3,2021-10-14 16:33:21,2021-11-13 16:33:21,未还
2534,2000039852,装饰工程,32,TU767/748,0572136204,21施工大专3,2021-10-14 16:33:25,2021-11-13 16:33:25,未还
2535,1000062122,建筑施工组织与管理,11.25,TU721/7,0572136204,21施工大专3,2021-10-14 16:33:29,2021-11-13 16:33:29,未还
2536,1100000951,建设工程进度控制,21,TU722/1,0572136204,21施工大专3,2021-10-14 16:33:35,2021-11-13 16:33:35,未还
2537,2000025617,建筑施工组织实训手册,15,TU721/20,0572136204,21施工大专3,2021-10-14 16:33:39,2021-11-13 16:33:39,未还
2538,1100096006,建筑装饰构造,21,TU767/183,0572136204,21施工大专3,2021-10-14 16:33:43,2021-11-13 16:33:43,未还
69230,2000026806,三体(Ⅲ死神永生)/中国科幻基石丛书,38,I247.5/5899,0572389212,21楼宇大专1,2021-10-14 16:34:00,2021-11-13 16:34:00,2021-10-18 13:01:22
69224,2000034313,琴帝4,29.8,I247.59/225,0572136204,21施工大专3,2021-10-15 11:53:00,2021-11-14 11:53:00,2021-10-18 12:51:10
162,2000023931,摆渡人,36,I561.45/359,2509024974,19施工大专1,2021-10-15 11:56:11,2021-11-14 11:56:11,未还
219,2000024957,西夏死书4,36.8,I247.57/4047,1147633286,19施工大专1,2021-10-15 11:57:04,2021-11-14 11:57:04,未还
69314,2000036356,剑来 4：草长莺飞时,43,I247.58/200,0572178668,21楼宇大专1,2021-10-15 12:01:00,2021-11-14 12:01:00,2021-10-19 12:08:55
641,2000040374,浮世绘,68,J217/4,0554037292,20园林大专,2021-10-15 12:05:39,2021-11-14 12:05:39,未还
667,1100094472,一本书读懂资本论,35,A123/3,0615075488,20楼宇大专1,2021-10-15 12:07:48,2021-11-14 12:07:48,未还
1068,2000028622,心理学入门,79,B84/570,0649729680,20楼宇大专1,2021-10-15 12:08:03,2021-11-14 12:08:03,未还
1300,2000039012,心理学,56,B84/599,0649729680,20楼宇大专1,2021-10-15 12:08:09,2021-11-14 12:08:09,未还
69182,2000040813,斗罗大陆第四部7,32,I247.59/245,1148530886,20园林大专,2021-10-15 12:21:00,2021-11-14 12:21:00,2021-10-18 10:46:18
2206,2000011963,越画越好,26.8,J214/309,0571847548,21装饰大专3,2021-10-15 12:21:33,2021-11-14 12:21:33,未还
986,2000035430,将进酒.上,34,I247.5/6286,0571865932,21房产大专,2021-10-15 12:28:13,2021-11-14 12:28:13,未还
326,2000030908,晚风枕酒,48,I247.5/6205,1148212614,20装饰大专2,2021-10-15 12:33:10,2021-11-14 12:33:10,未还
968,2000029580,我站在桥上看风景,36,I247.57/4127,1148212614,20装饰大专2,2021-10-15 12:33:13,2021-11-14 12:33:13,未还
970,2000032713,不换,42,I247.57/4145,1148212614,20装饰大专2,2021-10-15 12:33:16,2021-11-14 12:33:16,未还
971,2000032715,天黑得很慢,39,I247.57/4146,1148212614,20装饰大专2,2021-10-15 12:33:19,2021-11-14 12:33:19,未还
972,2000027002,时光微微甜,29.9,I247.57/4077,1148212614,20装饰大专2,2021-10-15 12:33:22,2021-11-14 12:33:22,未还
978,2000027000,时光微微甜,29.9,I247.57/4076,1148212614,20装饰大专2,2021-10-15 12:33:25,2021-11-14 12:33:25,未还
979,2000024727,十五岁的星空,20,I247.57/4033,1148212614,20装饰大专2,2021-10-15 12:33:28,2021-11-14 12:33:28,未还
980,2000027519,云边有个小卖部,42,I247.57/4056,1148212614,20装饰大专2,2021-10-15 12:33:32,2021-11-14 12:33:32,未还
981,2000025730,考拉小姐与桉树先生,36.8,I247.57/4062,1148212614,20装饰大专2,2021-10-15 12:33:35,2021-11-14 12:33:35,未还
982,2000025739,周周复年年,34.8,I247.57/4064,1148212614,20装饰大专2,2021-10-15 12:33:38,2021-11-14 12:33:38,未还
983,2000016657,恋爱这件小事,29.8,I247.57/1320,1148212614,20装饰大专2,2021-10-15 12:33:43,2021-11-14 12:33:43,未还
984,2000014791,茶花女,28,I565.44/486,1148212614,20装饰大专2,2021-10-15 12:33:46,2021-11-14 12:33:46,未还
985,2000018761,迷雾中的小镇,38,I611.45/22,1148212614,20装饰大专2,2021-10-15 12:33:50,2021-11-14 12:33:50,未还
987,2000039573,我的二本学生,45,I247.57/4242,1148212614,20装饰大专2,2021-10-15 12:33:53,2021-11-14 12:33:53,未还
988,2000025761,山茶文具店,49.8,I313.45/340,1148212614,20装饰大专2,2021-10-15 12:33:58,2021-11-14 12:33:58,未还
989,2000021781,伊豆的舞女,35,I313.45/317,1148212614,20装饰大专2,2021-10-15 12:34:02,2021-11-14 12:34:02,未还
1279,2000017811,埃及十字架之谜,36,I712.456/2,1148212614,20装饰大专2,2021-10-15 12:34:05,2021-11-14 12:34:05,未还
1280,2000014800,秘密花园,28,I712.84/142,1148212614,20装饰大专2,2021-10-15 12:34:07,2021-11-14 12:34:07,未还
1281,2000012136,城南旧事,48,I247.7/2046,1148212614,20装饰大专2,2021-10-15 12:34:11,2021-11-14 12:34:11,未还
1282,2000026679,云边有个小卖部,42,I247.57/4056,1148212614,20装饰大专2,2021-10-15 12:34:15,2021-11-14 12:34:15,未还
69232,2000026914,元尊,32.8,I247.59/178,2508119662,19市政大专,2021-10-15 12:35:00,2021-11-14 12:35:00,2021-10-18 13:05:36
1285,2000034308,琴帝1,29.8,I247.59/222,1147734422,19装饰大专3,2021-10-15 12:35:20,2021-11-14 12:35:20,未还
69370,2000024041,盗墓笔记(3),32.8,I247.5/5956,0573361500,21装饰大专4,2021-10-15 12:39:00,2021-11-14 12:39:00,2021-10-19 13:14:44
69371,2000005241,盗墓笔记(2),32.8,I247.5/5957,0572590588,21装饰大专4,2021-10-15 12:39:00,2021-11-14 12:39:00,2021-10-19 13:14:49
69576,2000005234,盗墓笔记(5),32.8,I247.5/5954,0571677964,21装饰大专4,2021-10-15 12:40:00,2021-11-14 12:40:00,2021-10-20 13:10:27
69254,2000013576,三体(Ⅲ死神永生)/中国科幻基石丛书,38,I247.5/5899,0572360924,21施工大专4,2021-10-15 13:32:00,2021-11-14 13:32:00,2021-10-18 16:10:24
116,2000040685,星之继承者,58,I561.45/408,2662461675,19楼宇大专1,2021-10-18 11:56:04,2021-11-17 11:56:04,未还
140,2000040686,星之继承者.2.温柔的伽星巨人,59,I561.45/409,2662461675,19楼宇大专1,2021-10-18 11:56:09,2021-11-17 11:56:09,未还
185,2000040683,星之继承者.3.巨人之星,69,I561.45/407,2662461675,19楼宇大专1,2021-10-18 11:56:12,2021-11-17 11:56:12,未还
224,2000035380,似锦.下册,29,I247.5/6284,0571675660,20园林大专,2021-10-18 11:56:51,2021-11-17 11:56:51,未还
69193,2000034342,宇宙钟摆Ⅱ量子幽灵,36.8,I247.55/43,0572405724,21施工中专2,2021-10-18 12:06:00,2021-11-17 12:06:00,2021-10-18 12:06:09
69194,2000040790,海王,45,H319.4/1180,0572405724,21施工中专2,2021-10-18 12:06:00,2021-11-17 12:06:00,2021-10-18 12:06:14
69197,2000040790,海王,45,H319.4/1180,0572405724,21施工中专2,2021-10-18 12:07:00,2021-11-17 12:07:00,2021-10-18 12:07:26
310,2000040626,故宫的古物之美,76,I267/3328,2662461675,19楼宇大专1,2021-10-18 12:09:05,2021-11-17 12:09:05,未还
415,2000007514,时空平移,35,I247.7/2025,1148212614,20装饰大专2,2021-10-18 12:13:51,2021-11-17 12:13:51,未还
559,2000004459,你若安好便是晴天(林徽因传),28,I25/10280,1148212614,20装饰大专2,2021-10-18 12:13:58,2021-11-17 12:13:58,未还
560,2000036315,长弓少年行,48,I247.59/238,1148212614,20装饰大专2,2021-10-18 12:14:02,2021-11-17 12:14:02,未还
565,2000040625,你好，安娜,45,I247.57/4201,1148212614,20装饰大专2,2021-10-18 12:14:08,2021-11-17 12:14:08,未还
577,2000037193,怦然心动,42.8,I712.45/919,1148212614,20装饰大专2,2021-10-18 12:14:17,2021-11-17 12:14:17,未还
580,2000021366,星星上的人,36,I712.45/914,1148212614,20装饰大专2,2021-10-18 12:14:26,2021-11-17 12:14:26,未还
646,2000019913,钢笔画手绘表现技法从入门到精通,39.8,J214.2/9,1148212614,20装饰大专2,2021-10-18 12:14:35,2021-11-17 12:14:35,未还
665,2000009108,马克笔最美山水绘,78,J211.26/1,1148212614,20装饰大专2,2021-10-18 12:14:44,2021-11-17 12:14:44,未还
774,2000032525,如果历史是一群喵,55,J228.2/283,1148212614,20装饰大专2,2021-10-18 12:14:51,2021-11-17 12:14:51,未还
867,2000031789,一禅小和尚,59.8,J228.2/232,1148212614,20装饰大专2,2021-10-18 12:14:58,2021-11-17 12:14:58,未还
69311,2000038701,建筑设计马克笔手绘技法精解,79,TU204/140,2661743851,19园林大专,2021-10-18 12:19:00,2021-11-17 12:19:00,2021-10-19 12:08:14
1290,2000010322,且试天下·下,32.5,I247.5/6032,2661212955,19装饰大专3,2021-10-18 12:19:36,2021-11-17 12:19:36,未还
69343,2000033713,龙缘1,24.9,I247.5/6250,0572451100,21楼宇大专2,2021-10-18 12:20:00,2021-11-17 12:20:00,2021-10-19 12:19:40
69259,2000038114,斗罗大陆第四部8,32,I247.59/246,1147507590,20园林大专,2021-10-18 12:26:00,2021-11-17 12:26:00,2021-10-19 08:03:08
748,2000031960,四海鲸骑上,39.8,I247.59/168,1148671718,20园林大专,2021-10-18 12:26:25,2021-11-17 12:26:25,未还
762,2000038243,盗墓笔记(2),45,I247.5/6337,0571772092,21装饰大专2,2021-10-18 12:29:03,2021-11-17 12:29:03,未还
769,2000003867,外星人与UFO悬疑奇案/才学世界,25.8,Q693-49/3,0572328156,21装饰大专2,2021-10-18 12:29:15,2021-11-17 12:29:15,未还
838,2000026692,简明资本论,58,A123/6,0571544140,21装饰大专2,2021-10-18 12:32:01,2021-11-17 12:32:01,未还
1061,2000012690,怨女,29.6,I246.7/41,0571759996,21装饰大专2,2021-10-18 12:32:20,2021-11-17 12:32:20,未还
1062,2000024038,盗墓笔记(2),32.8,I247.5/5957,0572371404,21装饰大专2,2021-10-18 12:32:32,2021-11-17 12:32:32,未还
1293,2000005243,盗墓笔记(1),32.8,I247.5/5958,0572586732,21装饰大专2,2021-10-18 12:32:42,2021-11-17 12:32:42,未还
1294,2000038181,庆余年4,39,I247.5/6322,0571940348,21装饰大专2,2021-10-18 12:32:53,2021-11-17 12:32:53,未还
1295,2000029331,名侦探的守则,39.5,I313.45/358,0572379372,21装饰大专2,2021-10-18 12:33:08,2021-11-17 12:33:08,未还
1296,2000029333,名侦探的守则,39.5,I313.45/358,0572348380,21装饰大专2,2021-10-18 12:33:18,2021-11-17 12:33:18,未还
69374,2000036978,龙族Ⅰ,43,I247.5/6324,2662598843,19楼宇大专2,2021-10-18 12:34:00,2021-11-17 12:34:00,2021-10-19 13:19:14
69348,2000027001,时光微微甜,29.9,I247.57/4077,0573528476,21房产大专,2021-10-18 12:37:00,2021-11-17 12:37:00,2021-10-19 12:27:23
636,2000031007,建筑材料上册,49,TU5/54,2660477147,19鲁班实验2,2021-10-18 12:39:42,2021-11-17 12:39:42,未还
1312,1000129288,相宅者说,33,TU/43,0572901148,21施工大专1,2021-10-18 12:42:28,2021-11-17 12:42:28,未还
1315,2000001389,TArch 2013天正建筑设计从入门到精通,69.8,TU201.4/16,0572901148,21施工大专1,2021-10-18 12:42:34,2021-11-17 12:42:34,未还
1328,2000014065,大拙至美·梁思成最美的文字建筑,29,TU-53/9,0572901148,21施工大专1,2021-10-18 12:42:40,2021-11-17 12:42:40,未还
1337,2000027820,走进世界顶级建筑事务所,55,TU-241/1,0572901148,21施工大专1,2021-10-18 12:42:47,2021-11-17 12:42:47,未还
69218,1100020325,小型公寓,48,TU-856/8,0572901148,21施工大专1,2021-10-18 12:43:00,2021-11-17 12:43:00,2021-10-18 12:43:11
1340,2000036206,南江十七夏.上,39.9,I247.57/4204,0572901148,21施工大专1,2021-10-18 12:43:24,2021-11-17 12:43:24,未还
1353,2000035881,沿着季风的方向,42,I267.4/147,0572901148,21施工大专1,2021-10-18 12:43:35,2021-11-17 12:43:35,未还
1360,2000013388,忍受快乐,25,I267/3087,0572901148,21施工大专1,2021-10-18 12:43:43,2021-11-17 12:43:43,未还
1453,2000039661,十分有趣 十分有味,48,I267/3417,0572901148,21施工大专1,2021-10-18 12:43:53,2021-11-17 12:43:53,未还
1574,2000038258,沉默的大多数,59,I267.1/2639,0572901148,21施工大专1,2021-10-18 12:44:03,2021-11-17 12:44:03,未还
2129,2000010287,哑舍·零·秦失其鹿,29.8,I247.5/6023,0647885344,20鲁班实验2,2021-10-18 12:44:24,2021-11-17 12:44:24,未还
2228,2000038250,盗墓笔记(6),45,I247.5/6341,0647885344,20鲁班实验2,2021-10-18 12:44:30,2021-11-17 12:44:30,未还
2231,2000034328,琴帝11,29.8,I247.59/232,0647885344,20鲁班实验2,2021-10-18 12:44:36,2021-11-17 12:44:36,未还
2232,2000026586,傲慢与偏见,25,I561.44/474,0647885344,20鲁班实验2,2021-10-18 12:44:40,2021-11-17 12:44:40,未还
2240,2000008461,假面前夜,39.8,I313.45/252,0647885344,20鲁班实验2,2021-10-18 12:44:46,2021-11-17 12:44:46,未还
2294,2000034319,琴帝7,29.8,I247.59/228,0649188816,20鲁班实验2,2021-10-18 12:44:55,2021-11-17 12:44:55,未还
69315,2000030482,图书馆之谜,48,I313.45/367,2660338331,19装饰大专3,2021-10-18 12:47:00,2021-11-17 12:47:00,2021-10-19 12:13:38
191,2000024048,盗墓笔记(7),32.8,I247.5/5952,0571517868,21施工大专4,2021-10-18 12:47:55,2021-11-17 12:47:55,未还
669,2000019351,刀锋上的救赎,39,I247.56/1196,2662551611,19装饰大专3,2021-10-18 12:49:54,2021-11-17 12:49:54,未还
2182,2000033709,默读,48,I247.56/1214,2660452779,19装饰大专3,2021-10-18 12:50:06,2021-11-17 12:50:06,未还
2191,2000033708,默读,48,I247.56/1214,1253340178,19装饰大专3,2021-10-18 12:50:15,2021-11-17 12:50:15,未还
69268,2000034315,琴帝5,29.8,I247.59/226,0572136204,21施工大专3,2021-10-18 12:52:00,2021-11-17 12:52:00,2021-10-19 11:39:13
69352,2000016640,怪屋女孩,35,I712.45/874,0571684252,21房产大专,2021-10-18 12:55:00,2021-11-17 12:55:00,2021-10-19 12:43:01
69351,2000037894,山海高中,48,I247.57/4225,1447643010,21房产大专,2021-10-18 12:56:00,2021-11-17 12:56:00,2021-10-19 12:42:56
69579,2000038120,斗罗大陆第四部11,32,I247.59/249,0572690828,21造价大专2,2021-10-18 12:56:00,2021-11-17 12:56:00,2021-10-20 13:11:11
1202,2000029136,你也走了很远的路吧,39.8,I247.7/2124,2508200014,19园林大专,2021-10-18 12:58:09,2021-11-17 12:58:09,未还
1372,2000001035,怪谈,29.8,I313.73/1,0571579948,19园林大专,2021-10-18 12:58:18,2021-11-17 12:58:18,未还
1373,2000017617,全怪谈·壹,40,I313.73/4,1148333974,19园林大专,2021-10-18 12:58:34,2021-11-17 12:58:34,未还
69558,2000036914,疯了!桂宝.24,45,J228.2/308,0571630300,21鲁班实验,2021-10-18 13:02:00,2021-11-17 13:02:00,2021-10-20 12:46:45
1422,2000032514,非人哉,49.8,J228.2/281,0571613772,21鲁班实验,2021-10-18 13:02:16,2021-11-17 13:02:16,未还
69569,2000036352,剑来 2：忽为远行客,45,I247.58/198,0572389212,21楼宇大专1,2021-10-18 13:06:00,2021-11-17 13:06:00,2021-10-20 13:05:33
1283,2000027518,云边有个小卖部,42,I247.57/4056,0571512396,21房产大专,2021-10-18 13:06:32,2021-11-17 13:06:32,未还
69562,2000026919,元尊,32.8,I247.59/180,2508119662,19市政大专,2021-10-18 13:08:00,2021-11-17 13:08:00,2021-10-20 12:57:15
69563,2000005258,藏地密码5,29.8,I247.56/1179,2508208990,19市政大专,2021-10-18 13:08:00,2021-11-17 13:08:00,2021-10-20 12:57:21
165,2000024546,蛙,37,I247.57/4026,1147815014,19园林大专,2021-10-18 13:12:04,2021-11-17 13:12:04,未还
1018,2000034224,我们这个世界的羊,49,I247.7/2153,2661252235,19园林大专,2021-10-18 13:12:14,2021-11-17 13:12:14,未还
69258,2000027436,斗罗大陆第三部1,28,I247.59/181,0571449452,21造价大专2,2021-10-18 13:13:00,2021-11-17 13:13:00,2021-10-19 08:02:56
69366,2000027453,斗罗大陆第三部18,28,I247.59/196,0572388988,21造价大专2,2021-10-18 13:13:00,2021-11-17 13:13:00,2021-10-19 13:07:28
69353,2000029598,生得再平凡也是限量版,48,J228.2/271,0571605660,21楼宇大专2,2021-10-18 13:14:00,2021-11-17 13:14:00,2021-10-19 12:43:46
69356,2000037854,斗罗大陆第四部10,32,I247.59/248,1148530886,20园林大专,2021-10-18 13:15:00,2021-11-17 13:15:00,2021-10-19 12:49:01
69534,2000037879,斗罗大陆第四部22,32,I247.59/260,2661583163,19装饰大专3,2021-10-18 13:19:00,2021-11-17 13:19:00,2021-10-20 12:16:34
2241,2000036353,剑来 2：忽为远行客,45,I247.58/198,1147583718,19市政大专,2021-10-18 13:19:45,2021-11-17 13:19:45,未还
69384,2000037949,南货店,69,I247.57/4226,1147591158,19市政大专,2021-10-18 13:21:00,2021-11-17 13:21:00,2021-10-19 16:00:51
69249,2000025788,我们的轻熟时光上,29,I247.57/4065,2660310091,19市政大专,2021-10-18 13:23:00,2021-11-17 13:23:00,2021-10-18 16:00:17
69386,2000038162,斗罗大陆第四部29,32,I247.59/269,2661860747,19施工大专3,2021-10-18 13:25:00,2021-11-17 13:25:00,2021-10-19 16:01:11
2539,2000011422,彩色图解十万个为什么,45,Z228/2169,2508654814,19市政大专,2021-10-18 13:28:46,2021-11-17 13:28:46,未还
184,2000017665,它·上,39.9,I712.45/884,0647967472,20施工大专1,2021-10-18 16:00:51,2021-11-17 16:00:51,未还
69383,2000040219,罗大伦教你四季食疗,89.9,R247.1/22,0571986620,21施工大专4,2021-10-18 16:01:00,2021-11-17 16:01:00,2021-10-19 15:59:25
69369,2000037851,斗罗大陆第四部8,32,I247.59/246,2661002651,19施工大专3,2021-10-18 16:02:00,2021-11-17 16:02:00,2021-10-19 13:13:34
2137,2000014564,门萨数独游戏500题,39,G898.2/137,0572683292,21鲁班实验,2021-10-18 16:02:07,2021-11-17 16:02:07,未还
69267,2000038247,盗墓笔记(4),45,I247.5/6339,0649215728,20施工大专1,2021-10-18 16:03:00,2021-11-17 16:03:00,2021-10-19 11:38:23
69388,2000023717,哑舍,23.8,I247.5/6158,0571502892,21鲁班实验,2021-10-18 16:10:00,2021-11-17 16:10:00,2021-10-19 16:02:39
1287,2000024642,史记上册,64,K204.2/16,0572334796,21施工大专3,2021-10-18 16:13:55,2021-11-17 16:13:55,未还
2119,2000024644,史记下册,64,K204.2/17,0572076812,21施工大专3,2021-10-18 16:14:02,2021-11-17 16:14:02,未还
2246,2000001181,哈利·波特与魔法石,29,I561.84/1,0572748380,21施工大专3,2021-10-18 16:14:09,2021-11-17 16:14:09,未还
2541,2000013578,三体(Ⅱ黑暗森林)/中国科幻基石丛书,32,I247.5/5900,0572360924,21施工大专4,2021-10-18 16:14:18,2021-11-17 16:14:18,未还
2542,2000036941,中华人民共和国民法典,65,D923.09/1,2662461675,19楼宇大专1,2021-10-18 16:16:41,2021-11-17 16:16:41,未还
2543,2000030321,律师日记,42,D926.5/1,2662461675,19楼宇大专1,2021-10-18 16:16:48,2021-11-17 16:16:48,未还
2545,2000034215,甜蜜点,39.8,I247.57/4174,2661033003,19市政大专,2021-10-18 16:18:28,2021-11-17 16:18:28,未还
2546,2000015070,十年一品温如言上册,29.9,I247.5/6054,2660310091,19市政大专,2021-10-18 16:18:35,2021-11-17 16:18:35,未还
557,2000038269,百年党史关键词,58,D239/2,2662461675,19楼宇大专1,2021-10-18 16:24:39,2021-11-17 16:24:39,未还
563,2000030320,检察官日记,36,D926.3/1,2662461675,19楼宇大专1,2021-10-18 16:24:42,2021-11-17 16:24:42,未还
2547,2000024859,有匪,35,I247.57/4037,1147669990,20楼宇大专2,2021-10-18 16:32:05,2021-11-17 16:32:05,未还
69526,2000034317,琴帝6,29.8,I247.59/227,0572136204,21施工大专3,2021-10-19 11:40:00,2021-11-18 11:40:00,2021-10-20 11:41:38
136,2000027003,时光微微甜,29.9,I247.57/4077,1146502630,20市政大专,2021-10-19 11:43:57,2021-11-18 11:43:57,未还
190,2000039853,传统文化与古典戏曲,68.8,K203/1686,1147932198,20视觉大专,2021-10-19 11:45:00,2021-11-18 11:45:00,未还
619,2000030117,国粹,65,K203/1673,1147932198,20视觉大专,2021-10-19 11:45:07,2021-11-18 11:45:07,未还
628,2000028976,一念桃花源,48,K203/1671,1147932198,20视觉大专,2021-10-19 11:45:11,2021-11-18 11:45:11,未还
553,2000027460,斗罗大陆第三部26,29.8,I247.59/202,0573530380,20市政大专,2021-10-19 11:53:34,2021-11-18 11:53:34,未还
69425,2000015062,我的鸵鸟先生上,29.9,I247.57/1302,1146856486,20市政大专,2021-10-19 11:54:00,2021-11-18 11:54:00,2021-10-20 11:18:26
69426,2000027459,斗罗大陆第三部25,29.8,I247.59/201,1148256230,20市政大专,2021-10-19 11:54:00,2021-11-18 11:54:00,2021-10-20 11:18:35
673,2000028490,门,42,I313.45/354,1147932198,20视觉大专,2021-10-19 11:54:53,2021-11-18 11:54:53,未还
674,2000021407,浪花少年侦探团,35,I313.45/306,1147932198,20视觉大专,2021-10-19 11:54:59,2021-11-18 11:54:59,未还
675,2000016641,怪屋女孩,35,I712.45/874,1147932198,20视觉大专,2021-10-19 11:55:04,2021-11-18 11:55:04,未还
680,1000111069,中国绘画,348.006,J051/40,1147932198,20视觉大专,2021-10-19 11:55:11,2021-11-18 11:55:11,未还
166,2000032592,灯把黑夜烫了一个洞,36,I227/109,1252403026,20造价大专1,2021-10-19 11:56:30,2021-11-18 11:56:30,未还
582,2000024402,木心诗选,49,I227/97,1252403026,20造价大专1,2021-10-19 11:56:38,2021-11-18 11:56:38,未还
710,2000036186,钟南山,22,I247.5/6303,1252403026,20造价大专1,2021-10-19 11:56:52,2021-11-18 11:56:52,未还
744,2000029296,致我们单纯的小美好下,24,I247.5/6165,1252403026,20造价大专1,2021-10-19 11:57:06,2021-11-18 11:57:06,未还
831,2000008062,总有一次哭泣，让人瞬间长大,32.8,I267/2988,1252403026,20造价大专1,2021-10-19 11:57:14,2021-11-18 11:57:14,未还
835,2000022225,青春当远行,32,I267/2990,1252403026,20造价大专1,2021-10-19 11:57:19,2021-11-18 11:57:19,未还
896,2000029237,你要去相信，没有到不了的明天,42,I267.1/2585,1252403026,20造价大专1,2021-10-19 11:57:25,2021-11-18 11:57:25,未还
1007,2000008476,春宴,45,I247.57/1264,1252403026,20造价大专1,2021-10-19 11:57:36,2021-11-18 11:57:36,未还
1023,2000029551,一只特立独行的猪,35,I267.1/2590,1252403026,20造价大专1,2021-10-19 11:57:51,2021-11-18 11:57:51,未还
1025,2000029325,人生海海，劈浪前行,58,I267.1/2589,1252403026,20造价大专1,2021-10-19 11:58:00,2021-11-18 11:58:00,未还
1026,2000029159,练习一个人,52.8,I267.1/2586,1252403026,20造价大专1,2021-10-19 11:58:12,2021-11-18 11:58:12,未还
1027,2000018126,愿全世界的花都好好地开,28,I267/3145,1252403026,20造价大专1,2021-10-19 11:58:18,2021-11-18 11:58:18,未还
1028,2000029271,生活的比喻,52.8,I267.1/2588,1252403026,20造价大专1,2021-10-19 11:58:28,2021-11-18 11:58:28,未还
1029,2000024364,重启时光的女孩,39,I247.57/4024,1252403026,20造价大专1,2021-10-19 11:58:38,2021-11-18 11:58:38,未还
1030,2000032541,摇摇晃晃的人间,58,I227/108,1252403026,20造价大专1,2021-10-19 11:58:46,2021-11-18 11:58:46,未还
1031,2000002022,每天一个侦探游戏,15,G898.2/128,1252403026,20造价大专1,2021-10-19 11:59:00,2021-11-18 11:59:00,未还
1032,2000036868,课堂上听不到的地理传奇,19,G634.553/2,1252403026,20造价大专1,2021-10-19 11:59:10,2021-11-18 11:59:10,未还
1033,2000033508,写作的禅机,38,I04/5,1252403026,20造价大专1,2021-10-19 11:59:16,2021-11-18 11:59:16,未还
1034,2000025993,诗词格律,22,I207.21/7,1252403026,20造价大专1,2021-10-19 11:59:24,2021-11-18 11:59:24,未还
1035,2000036416,诗词格律十讲,22,I207.21/8,1252403026,20造价大专1,2021-10-19 11:59:29,2021-11-18 11:59:29,未还
1036,2000003756,中国古代小说变迁,26,I207.409-49/1,1252403026,20造价大专1,2021-10-19 11:59:37,2021-11-18 11:59:37,未还
1037,2000038180,庆余年4,39,I247.5/6322,1252403026,20造价大专1,2021-10-19 11:59:44,2021-11-18 11:59:44,未还
1038,2000018592,六朝文絜,39,I222.5/1,1252403026,20造价大专1,2021-10-19 11:59:53,2021-11-18 11:59:53,未还
1039,2000008884,飞扬文字,19,I209-49/1,1252403026,20造价大专1,2021-10-19 11:59:58,2021-11-18 11:59:58,未还
1040,2000005553,朝花夕拾（插图本）,13.8,I210.4/2,1252403026,20造价大专1,2021-10-19 12:00:03,2021-11-18 12:00:03,未还
1041,2000037092,蒋勋说文学,39.8,I209.2/1,1252403026,20造价大专1,2021-10-19 12:00:07,2021-11-18 12:00:07,未还
1042,2000005648,汉魏六朝文选,12,I213/1,1252403026,20造价大专1,2021-10-19 12:00:14,2021-11-18 12:00:14,未还
1048,2000022308,玲珑,32,I227/91,1252403026,20造价大专1,2021-10-19 12:00:18,2021-11-18 12:00:18,未还
1227,2000033308,月光落在左手上,29,I227/77,1252403026,20造价大专1,2021-10-19 12:00:22,2021-11-18 12:00:22,未还
1410,1000074396,梦游意大利,33,I267.4/17,1252403026,20造价大专1,2021-10-19 12:00:40,2021-11-18 12:00:40,未还
69537,2000034321,琴帝8,29.8,I247.59/229,0622044444,19装饰大专3,2021-10-19 12:01:00,2021-11-18 12:01:00,2021-10-20 12:28:02
610,2000034312,琴帝3,29.8,I247.59/224,0571675228,21楼宇大专1,2021-10-19 12:06:42,2021-11-18 12:06:42,未还
1338,2000033726,撒野,45,I247.5/6248,0571675228,21楼宇大专1,2021-10-19 12:06:51,2021-11-18 12:06:51,未还
1560,2000031856,加油！你是最胖的,39.8,I247.5/6212,0571675228,21楼宇大专1,2021-10-19 12:07:39,2021-11-18 12:07:39,未还
69549,2000036358,剑来 5：山水有相逢,43,I247.58/201,0572178668,21楼宇大专1,2021-10-19 12:10:00,2021-11-18 12:10:00,2021-10-20 12:38:47
241,2000038179,龙族Ⅱ,49,I247.5/6325,0615475152,20市政中专,2021-10-19 12:12:10,2021-11-18 12:12:10,未还
1046,2000039279,2020中国年度小小说,45,I247.8/5134,1148746838,20市政大专,2021-10-19 12:12:26,2021-11-18 12:12:26,未还
1065,2000011352,园林景观手绘快速表现,49.8,TU986.2/32,2661743851,19园林大专,2021-10-19 12:12:59,2021-11-18 12:12:59,未还
139,2000014793,茶花女,28,I565.44/486,2661702219,19施工大专2,2021-10-19 12:14:54,2021-11-18 12:14:54,未还
189,2000014813,莫泊桑短篇小说精选,32,I565.44/489,2661702219,19施工大专2,2021-10-19 12:15:01,2021-11-18 12:15:01,未还
600,2000004528,纽约自然史博物馆谋杀案上册,29,I712.45/808,2661702219,19施工大专2,2021-10-19 12:15:05,2021-11-18 12:15:05,未还
601,2000009958,围炉夜话,18,B825/1673,2661702219,19施工大专2,2021-10-19 12:15:08,2021-11-18 12:15:08,未还
606,2000006556,视觉设计基础(教育部人才培养模式改革和开放教育试点教材),23,J504/3,2661702219,19施工大专2,2021-10-19 12:15:21,2021-11-18 12:15:21,未还
1016,2000021559,叶圣陶教你学语文,29.8,G40-092.7/1,2661702219,19施工大专2,2021-10-19 12:15:25,2021-11-18 12:15:25,未还
1059,2000036918,白狐迪拉与月亮石,36,I287.45/123,2661702219,19施工大专2,2021-10-19 12:15:28,2021-11-18 12:15:28,未还
1310,2000007493,蝴蝶,29,I247.7/2024,2661702219,19施工大专2,2021-10-19 12:15:32,2021-11-18 12:15:32,未还
1324,2000029733,虫子的世界,32.8,I247.7/2038,2661702219,19施工大专2,2021-10-19 12:15:36,2021-11-18 12:15:36,未还
1056,2000029309,知否知否应是绿肥红瘦3,42,I247.57/4116,2661702219,19施工大专2,2021-10-19 12:15:42,2021-11-18 12:15:42,未还
1346,2000024950,西夏死书1,38,I247.57/4044,2661702219,19施工大专2,2021-10-19 12:15:47,2021-11-18 12:15:47,未还
1349,2000020907,星际争霸,39.8,I247.57/3972,2661702219,19施工大专2,2021-10-19 12:15:51,2021-11-18 12:15:51,未还
1438,2000022256,中国制造,42,I247.57/4014,2661702219,19施工大专2,2021-10-19 12:15:54,2021-11-18 12:15:54,未还
1508,2000009490,火星崛起,49.9,I712.459/1,2661702219,19施工大专2,2021-10-19 12:16:02,2021-11-18 12:16:02,未还
1509,2000026585,百万英镑,28,I712.44/47,2661702219,19施工大专2,2021-10-19 12:16:11,2021-11-18 12:16:11,未还
1510,2000030259,白牙,49,I712.44/49,2661702219,19施工大专2,2021-10-19 12:16:18,2021-11-18 12:16:18,未还
1507,2000022254,环界,39,I313.45/334,2661702219,19施工大专2,2021-10-19 12:16:21,2021-11-18 12:16:21,未还
1512,2000021782,伊豆的舞女,35,I313.45/317,2661702219,19施工大专2,2021-10-19 12:16:28,2021-11-18 12:16:28,未还
1351,2000008459,落花生,32,I266/519,2661702219,19施工大专2,2021-10-19 12:16:34,2021-11-18 12:16:34,未还
1517,2000006658,笑傲江湖（二）,27,I247.58/169,2661702219,19施工大专2,2021-10-19 12:17:07,2021-11-18 12:17:07,未还
1520,2000019626,四大名捕大对决第二卷,29.5,I247.58/185,2661702219,19施工大专2,2021-10-19 12:17:11,2021-11-18 12:17:11,未还
1521,2000005635,琅琊榜（中）,25,I247.59/122,2661702219,19施工大专2,2021-10-19 12:17:15,2021-11-18 12:17:15,未还
612,2000034323,琴帝9,29.8,I247.59/230,2661702219,19施工大专2,2021-10-19 12:17:21,2021-11-18 12:17:21,未还
1250,2000038113,斗罗大陆第四部6,32,I247.59/244,2661702219,19施工大专2,2021-10-19 12:17:27,2021-11-18 12:17:27,未还
1203,2000016618,星际远征,35,I247.7/2059,2661702219,19施工大专2,2021-10-19 12:17:32,2021-11-18 12:17:32,未还
1523,2000011329,人一生要注意的50个细节,29.8,B848.4/816,2661702219,19施工大专2,2021-10-19 12:17:38,2021-11-18 12:17:38,未还
1527,2000016691,梦控师,47,B845.1/20,2661702219,19施工大专2,2021-10-19 12:17:44,2021-11-18 12:17:44,未还
2234,2000038202,中国共产党历史(第1卷1921-1949下),59.5,D23/7,2661702219,19施工大专2,2021-10-19 12:17:49,2021-11-18 12:17:49,未还
1524,2000034337,琴帝16,29.8,I247.59/237,0573327356,21房产大专,2021-10-19 12:17:54,2021-11-18 12:17:54,未还
69539,2000038116,斗罗大陆第四部9,32,I247.59/247,1147507590,20园林大专,2021-10-19 12:18:00,2021-11-18 12:18:00,2021-10-20 12:31:47
2519,1200020310,CSI犯罪现场调查,36,D918/15,2661702219,19施工大专2,2021-10-19 12:18:01,2021-11-18 12:18:01,未还
2336,2000006920,藏海花,32.8,I247.5/5993,0571820956,21施工大专2,2021-10-19 12:18:04,2021-11-18 12:18:04,未还
2501,2000035321,海棠经雨胭脂透,49,I247.57/4197,1148314150,20园林大专,2021-10-19 12:18:13,2021-11-18 12:18:13,未还
2549,2000008018,小李飞刀下,32,I247.58/173,2661702219,19施工大专2,2021-10-19 12:18:22,2021-11-18 12:18:22,未还
2550,2000038008,斗罗大陆第四部1,32,I247.59/266,1147392982,20园林大专,2021-10-19 12:19:03,2021-11-18 12:19:03,未还
640,2000027436,斗罗大陆第三部1,28,I247.59/181,0572369836,21装饰大专2,2021-10-19 12:20:50,2021-11-18 12:20:50,未还
69382,2000032511,非人哉,45,J228.2/280,2507893838,20园林大专,2021-10-19 12:21:00,2021-11-18 12:21:00,2021-10-19 15:58:31
2551,2000039572,重启,30,I247.7/2176,0574026876,21楼宇大专1,2021-10-19 12:21:12,2021-11-18 12:21:12,未还
699,2000023699,狼图腾,32,I247.5/6153,0572360844,21市政大专,2021-10-19 12:23:49,2021-11-18 12:23:49,未还
2552,2000000694,鲁班的诅咒(2),29.9,I247.5/5906,0572360844,21市政大专,2021-10-19 12:23:59,2021-11-18 12:23:59,未还
2553,2000000692,鲁班的诅咒（1）,29.9,I247.5/5905,0572360844,21市政大专,2021-10-19 12:24:07,2021-11-18 12:24:07,未还
2554,2000036749,我们最好的时光,49.8,I247.57/4212,0572360844,21市政大专,2021-10-19 12:24:18,2021-11-18 12:24:18,未还
2555,2000040624,你好，安娜,45,I247.57/4201,0572360844,21市政大专,2021-10-19 12:24:26,2021-11-18 12:24:26,未还
2556,2000024260,清明上河图密码,58,I247.56/1204,0572360844,21市政大专,2021-10-19 12:24:37,2021-11-18 12:24:37,未还
2557,2000008068,最好的我们（上）,27.5,I247.57/1255,0572360844,21市政大专,2021-10-19 12:24:47,2021-11-18 12:24:47,未还
2558,2000008070,最好的我们（下）,27.5,I247.57/1256,0572360844,21市政大专,2021-10-19 12:24:59,2021-11-18 12:24:59,未还
2559,2000008073,那些回不去的年少时光（上）,27,I247.57/1257,0572360844,21市政大专,2021-10-19 12:25:10,2021-11-18 12:25:10,未还
2560,2000017604,上海犹太人,68,I247.57/1337,0572360844,21市政大专,2021-10-19 12:25:18,2021-11-18 12:25:18,未还
2561,2000017796,大风,45,I247.57/1346,0572360844,21市政大专,2021-10-19 12:25:25,2021-11-18 12:25:25,未还
625,2000016642,怪屋女孩,38,I712.45/875,0572545244,21装饰大专4,2021-10-19 12:30:04,2021-11-18 12:30:04,未还
639,2000036418,金银岛,39.8,I561.44/480,2661913691,19楼宇大专2,2021-10-19 12:31:50,2021-11-18 12:31:50,未还
698,1100090971,美妙的新世界,18,I561.45/263,2661913691,19楼宇大专2,2021-10-19 12:31:56,2021-11-18 12:31:56,未还
1045,2000018977,你杀不死一只老狐狸,39.8,I561.45/333,2661913691,19楼宇大专2,2021-10-19 12:32:02,2021-11-18 12:32:02,未还
1301,2000026974,摆渡人,36,I561.45/368,2661913691,19楼宇大专2,2021-10-19 12:32:08,2021-11-18 12:32:08,未还
2562,2000005071,悲惨世界(下)(精)/经典译林,34,I565.44/459,2661913691,19楼宇大专2,2021-10-19 12:32:16,2021-11-18 12:32:16,未还
2563,2000013224,花儿与少年,28,I267/3057,2661913691,19楼宇大专2,2021-10-19 12:32:23,2021-11-18 12:32:23,未还
2564,2000013244,英子的乡恋,29,I267/3063,2661913691,19楼宇大专2,2021-10-19 12:32:28,2021-11-18 12:32:28,未还
2565,2000005356,三国演义,26,I242.4/955,2661913691,19楼宇大专2,2021-10-19 12:32:35,2021-11-18 12:32:35,未还
2566,2000005359,红楼梦,38,I242.4/956,2661913691,19楼宇大专2,2021-10-19 12:32:43,2021-11-18 12:32:43,未还
2567,2000005371,西游记,32,I242.4/958,2661913691,19楼宇大专2,2021-10-19 12:32:50,2021-11-18 12:32:50,未还
2568,2000005369,水浒全传,40,I242.4/957,2661913691,19楼宇大专2,2021-10-19 12:32:55,2021-11-18 12:32:55,未还
2569,1100018040,少年天子,32,I247/573,2661913691,19楼宇大专2,2021-10-19 12:33:02,2021-11-18 12:33:02,未还
2570,1000114031,刺客,28.8,I247/3939,2661913691,19楼宇大专2,2021-10-19 12:33:12,2021-11-18 12:33:12,未还
2571,1000114842,第五部队,32,I247/3973,2661913691,19楼宇大专2,2021-10-19 12:33:24,2021-11-18 12:33:24,未还
2572,2000006872,刺客信条 启示录,39,I561.45/282,2661913691,19楼宇大专2,2021-10-19 12:33:33,2021-11-18 12:33:33,未还
2573,2000006871,刺客信条 兄弟会,40,I561.45/281,2661913691,19楼宇大专2,2021-10-19 12:33:40,2021-11-18 12:33:40,未还
2574,2000006878,刺客信条 秘密圣战,38,I561.45/285,2661913691,19楼宇大专2,2021-10-19 12:33:45,2021-11-18 12:33:45,未还
2575,2000006879,刺客信条 秘密圣战,38,I561.45/285,2661913691,19楼宇大专2,2021-10-19 12:33:49,2021-11-18 12:33:49,未还
2576,2000006874,刺客信条 大革命,37,I561.45/283,2661913691,19楼宇大专2,2021-10-19 12:33:53,2021-11-18 12:33:53,未还
2577,2000026639,边城(沈从文集)(精),29.8,I246.7/51,2661913691,19楼宇大专2,2021-10-19 12:34:01,2021-11-18 12:34:01,未还
2578,2000036977,龙族Ⅰ,43,I247.5/6324,2661913691,19楼宇大专2,2021-10-19 12:34:12,2021-11-18 12:34:12,未还
2579,2000036982,龙族Ⅱ,49,I247.5/6325,2661913691,19楼宇大专2,2021-10-19 12:34:16,2021-11-18 12:34:16,未还
2580,2000006862,怒江之战,48,I247.52/66,2661913691,19楼宇大专2,2021-10-19 12:34:21,2021-11-18 12:34:21,未还
2581,2000027462,斗罗大陆第三部28,29.8,I247.5/6188,2661913691,19楼宇大专2,2021-10-19 12:34:26,2021-11-18 12:34:26,未还
2582,2000035418,老酒馆,48,I247.5/6285,2661913691,19楼宇大专2,2021-10-19 12:34:36,2021-11-18 12:34:36,未还
2583,2000027362,斗破苍穹(27晋阶斗帝),28,I247.5/6185,2661913691,19楼宇大专2,2021-10-19 12:34:43,2021-11-18 12:34:43,未还
2584,2000037958,活着,35,I247.5/6203,2661913691,19楼宇大专2,2021-10-19 12:34:52,2021-11-18 12:34:52,未还
2585,2000019359,纪委书记,40,I247.5/6116,2661913691,19楼宇大专2,2021-10-19 12:34:56,2021-11-18 12:34:56,未还
2586,2000017021,上海堡垒,38,I247.5/6078,2661913691,19楼宇大专2,2021-10-19 12:35:04,2021-11-18 12:35:04,未还
2587,2000017694,孤鸟,39.8,I247.5/6082,2661913691,19楼宇大专2,2021-10-19 12:35:08,2021-11-18 12:35:08,未还
2588,2000036361,剑来 6：剑符在扁舟,43,I247.58/202,1146981222,19市政大专,2021-10-19 12:35:21,2021-11-18 12:35:21,未还
2589,2000005278,活着,29,I247.57/1251,0572124604,21造价大专1,2021-10-19 12:35:32,2021-11-18 12:35:32,未还
2590,2000018235,活着,20,I247.5/6095,0571449196,21造价大专1,2021-10-19 12:35:41,2021-11-18 12:35:41,未还
2591,2000025559,云边有个小卖部,42,I247.57/4056,0575375180,21鲁班实验,2021-10-19 12:37:09,2021-11-18 12:37:09,未还
2592,1100053657,天眼,32,I247.5/2562,0575375180,21鲁班实验,2021-10-19 12:37:16,2021-11-18 12:37:16,未还
2593,2000016646,你是我生命里最温暖的事,29.8,I247.57/1318,0575375180,21鲁班实验,2021-10-19 12:37:22,2021-11-18 12:37:22,未还
2594,2000016823,如果事与愿违就相信一定另有安排,39.8,I247.57/1327,0575375180,21鲁班实验,2021-10-19 12:37:26,2021-11-18 12:37:26,未还
2595,2000005875,初恋,17,I512.44/87,0575375180,21鲁班实验,2021-10-19 12:37:31,2021-11-18 12:37:31,未还
2596,1200020309,CSI犯罪现场调查,36,D918/15,0575375180,21鲁班实验,2021-10-19 12:38:00,2021-11-18 12:38:00,未还
2597,1100089984,巴黎圣母院,24,I565.44/428,0575375180,21鲁班实验,2021-10-19 12:38:07,2021-11-18 12:38:07,未还
2598,2000027901,知青1,42.9,I247.57/4098,0575375180,21鲁班实验,2021-10-19 12:38:13,2021-11-18 12:38:13,未还
2599,2000026845,最好的我们（下）,27.5,I247.57/1256,0575375180,21鲁班实验,2021-10-19 12:38:24,2021-11-18 12:38:24,未还
2600,2000037196,不安公主,48,I546.88/6,0575375180,21鲁班实验,2021-10-19 12:38:33,2021-11-18 12:38:33,未还
2601,2000024854,有匪,35,I247.57/4035,0575375180,21鲁班实验,2021-10-19 12:38:37,2021-11-18 12:38:37,未还
2602,2000021619,所有失去的都会以另一种方式归来,39.8,I267.1/2552,0575375180,21鲁班实验,2021-10-19 12:38:41,2021-11-18 12:38:41,未还
2603,2000027934,人间便利店,45,I313.45/353,0575375180,21鲁班实验,2021-10-19 12:38:46,2021-11-18 12:38:46,未还
2604,2000002015,镜花缘,21,I242.4/944,0575375180,21鲁班实验,2021-10-19 12:38:54,2021-11-18 12:38:54,未还
2605,2000023881,白话聊斋,45,I242.1/112,0575375180,21鲁班实验,2021-10-19 12:38:58,2021-11-18 12:38:58,未还
2606,2000007482,天才在左 疯子在右,39.8,B84-49/43,0575375180,21鲁班实验,2021-10-19 12:39:05,2021-11-18 12:39:05,未还
2607,2000029329,舟而复始,38,I247.57/4121,0575375180,21鲁班实验,2021-10-19 12:39:19,2021-11-18 12:39:19,未还
2608,2000029536,无羁,48,I247.58/195,0575375180,21鲁班实验,2021-10-19 12:39:30,2021-11-18 12:39:30,未还
2609,2000017135,暗恋·橘生淮南下,29,I247.57/1301,0575375180,21鲁班实验,2021-10-19 12:39:39,2021-11-18 12:39:39,未还
2610,2000005244,繁花,48,I247.57/1249,0575375180,21鲁班实验,2021-10-19 12:39:50,2021-11-18 12:39:50,未还
2611,2000035455,刑警罗宋,45,I247.5/6292,0575375180,21鲁班实验,2021-10-19 12:39:56,2021-11-18 12:39:56,未还
2612,2000034899,画笔下的城市,69.8,TU204.11/28,0575375180,21鲁班实验,2021-10-19 12:40:05,2021-11-18 12:40:05,未还
2613,2000016875,我们·下,24.9,I247.5/6077,0575375180,21鲁班实验,2021-10-19 12:40:14,2021-11-18 12:40:14,未还
2614,2000039515,水彩话欧洲,79,TU204.112/1,0575375180,21鲁班实验,2021-10-19 12:40:20,2021-11-18 12:40:20,未还
2615,1100008275,室内外设计,128,TU238/616,0575375180,21鲁班实验,2021-10-19 12:40:47,2021-11-18 12:40:47,未还
2616,2000016633,地底世界之楼兰妖耳,39.8,I247.57/1317,0572553980,21造价大专2,2021-10-19 12:40:54,2021-11-18 12:40:54,未还
2618,2000020908,星际争霸,39.8,I247.57/3972,0572553980,21造价大专2,2021-10-19 12:41:00,2021-11-18 12:41:00,未还
2619,2000016613,宇宙往事,38,I247.55/4,0572553980,21造价大专2,2021-10-19 12:41:05,2021-11-18 12:41:05,未还
2620,2000013576,三体(Ⅲ死神永生)/中国科幻基石丛书,38,I247.5/5899,0572553980,21造价大专2,2021-10-19 12:41:08,2021-11-18 12:41:08,未还
2617,2000020364,围城,36,I247.57/3967,0572646492,21艺术大专,2021-10-19 12:41:13,2021-11-18 12:41:13,未还
2621,2000036975,龙族Ⅰ,43,I247.5/6324,0572553980,21造价大专2,2021-10-19 12:41:14,2021-11-18 12:41:14,未还
2622,2000029220,伪装者,39.8,I247.56/1212,0572553980,21造价大专2,2021-10-19 12:41:16,2021-11-18 12:41:16,未还
2623,2000034292,水族馆之谜,48,I313.45/371,0572553980,21造价大专2,2021-10-19 12:41:20,2021-11-18 12:41:20,未还
2624,2000017683,花与爱丽丝杀人事件,39.8,I313.456/1,0572553980,21造价大专2,2021-10-19 12:41:23,2021-11-18 12:41:23,未还
2625,2000029523,使命与魂的尽头,37,I313.45/362,0572553980,21造价大专2,2021-10-19 12:41:28,2021-11-18 12:41:28,未还
2626,2000030589,时生,39.5,I313.45/368,0572553980,21造价大专2,2021-10-19 12:41:34,2021-11-18 12:41:34,未还
2627,2000032642,天使之耳,48,I313.45/369,0572553980,21造价大专2,2021-10-19 12:41:39,2021-11-18 12:41:39,未还
69536,2000026999,时光微微甜,29.9,I247.57/4076,0573528476,21房产大专,2021-10-19 12:42:00,2021-11-18 12:42:00,2021-10-20 12:25:47
2629,2000019091,地底世界之雾隐占婆,39.8,I247.57/3954,0572553980,21造价大专2,2021-10-19 12:42:07,2021-11-18 12:42:07,未还
2630,2000016644,怪屋女孩,42,I712.45/876,0571481564,21装饰大专4,2021-10-19 12:42:44,2021-11-18 12:42:44,未还
2311,2000035325,一条草鱼,46.8,J228.2/296,0572603020,21艺术大专,2021-10-19 12:42:59,2021-11-18 12:42:59,未还
2360,2000021743,情书(精),25,I313.45/314,0572603020,21艺术大专,2021-10-19 12:43:04,2021-11-18 12:43:04,未还
2631,2000032656,慈悲,36,I247.57/1272,0572603020,21艺术大专,2021-10-19 12:43:09,2021-11-18 12:43:09,未还
2632,2000034258,暗涌,46,I247.57/4179,0572603020,21艺术大专,2021-10-19 12:43:13,2021-11-18 12:43:13,未还
2633,2000034260,惊鸿,68,I247.57/4180,0572603020,21艺术大专,2021-10-19 12:43:19,2021-11-18 12:43:19,未还
2634,2000037946,德川家康,69.8,I313.45/393,0572603020,21艺术大专,2021-10-19 12:43:25,2021-11-18 12:43:25,未还
2635,2000029121,让我留在你身边,58,I247.57/4103,0572603020,21艺术大专,2021-10-19 12:43:29,2021-11-18 12:43:29,未还
613,2000039743,三毛流浪记,38,J228.2/321,0572603020,21艺术大专,2021-10-19 12:43:33,2021-11-18 12:43:33,未还
2636,2000004418,零基础学画Q版人物,39,J218.2/31,0572603020,21艺术大专,2021-10-19 12:43:36,2021-11-18 12:43:36,未还
2637,2000034566,漫画大师创作现场,59.9,J218.2/54,0572603020,21艺术大专,2021-10-19 12:43:41,2021-11-18 12:43:41,未还
2638,2000034221,慕尔如星,36.8,I247.57/4175,0572603020,21艺术大专,2021-10-19 12:43:45,2021-11-18 12:43:45,未还
2639,2000010564,一条狗,34,J228.4/13,0572603020,21艺术大专,2021-10-19 12:43:49,2021-11-18 12:43:49,未还
2640,2000036755,岩波日本史,62,K313.36/1,0572603020,21艺术大专,2021-10-19 12:43:53,2021-11-18 12:43:53,未还
2641,2000034197,风雪迷失夜,46,I247.57/4171,0572603020,21艺术大专,2021-10-19 12:43:57,2021-11-18 12:43:57,未还
2642,2000036584,时光里的不为人知,29.8,I247.57/3982,0572603020,21艺术大专,2021-10-19 12:44:00,2021-11-18 12:44:00,未还
2643,2000021802,于无声处,39.8,I247.56/1200,0572603020,21艺术大专,2021-10-19 12:44:02,2021-11-18 12:44:02,未还
2644,2000018249,我在未来等你,42,I247.5/6097,0572603020,21艺术大专,2021-10-19 12:44:05,2021-11-18 12:44:05,未还
2645,2000036748,我们最好的时光,49.8,I247.57/4212,0572603020,21艺术大专,2021-10-19 12:44:07,2021-11-18 12:44:07,未还
2646,2000033729,撒野2,49.8,I247.5/6249,0572603020,21艺术大专,2021-10-19 12:44:12,2021-11-18 12:44:12,未还
2647,2000017695,孤鸟,39.8,I247.5/6082,0572603020,21艺术大专,2021-10-19 12:44:16,2021-11-18 12:44:16,未还
2648,2000015000,爵迹第二卷,34.8,I247.59/143,0572603020,21艺术大专,2021-10-19 12:44:21,2021-11-18 12:44:21,未还
2649,2000034304,主角.下,42.5,I247.57/4189,0572603020,21艺术大专,2021-10-19 12:44:25,2021-11-18 12:44:25,未还
2651,2000035399,步天歌.1,48,J228.2/297,0572603020,21艺术大专,2021-10-19 12:44:29,2021-11-18 12:44:29,未还
2652,2000027865,为了你，我愿意热爱整个世界,36,I247.57/4094,0572603020,21艺术大专,2021-10-19 12:44:33,2021-11-18 12:44:33,未还
2654,2000016822,如果事与愿违就相信一定另有安排,39.8,I247.57/1327,0572603020,21艺术大专,2021-10-19 12:44:40,2021-11-18 12:44:40,未还
2650,2000040730,我命由我不由天,52,K825.72/31,2509110638,19造价大专1,2021-10-19 12:44:41,2021-11-18 12:44:41,未还
2655,2000026844,最好的我们（下）,27.5,I247.57/1256,0572603020,21艺术大专,2021-10-19 12:44:45,2021-11-18 12:44:45,未还
2656,2000000590,追风筝的人,29,I712.45/792,0572603020,21艺术大专,2021-10-19 12:44:51,2021-11-18 12:44:51,未还
2657,2000036233,"你好,小可爱",49.8,I287.7/40,0572603020,21艺术大专,2021-10-19 12:44:56,2021-11-18 12:44:56,未还
2659,2000031869,我站在桥上看风景,36,I247.57/4127,0572603020,21艺术大专,2021-10-19 12:45:00,2021-11-18 12:45:00,未还
69529,2000040858,三生三世步生莲,49.8,I247.5/6370,2660895195,19装饰大专3,2021-10-19 12:45:00,2021-11-18 12:45:00,2021-10-20 11:59:14
69532,2000030423,中国精怪文化图集,66,J228.2/272,0572451100,21楼宇大专2,2021-10-19 12:45:00,2021-11-18 12:45:00,2021-10-20 12:08:48
69570,2000015101,"你好,旧时光漫画版1",35,J228.2/195,0571605660,21楼宇大专2,2021-10-19 12:45:00,2021-11-18 12:45:00,2021-10-20 13:06:45
2661,2000008063,总有一次哭泣，让人瞬间长大,32.8,I267/2988,0572603020,21艺术大专,2021-10-19 12:45:29,2021-11-18 12:45:29,未还
1014,2000036657,有妖气,99,B933/37,0571528812,21楼宇大专2,2021-10-19 12:49:19,2021-11-18 12:49:19,未还
598,2000027938,残次品,42.5,I247.55/20,0648285568,20鲁班实验2,2021-10-19 12:50:07,2021-11-18 12:50:07,未还
1049,2000037880,斗罗大陆第四部23,32,I247.59/261,1147959830,20园林大专,2021-10-19 12:50:18,2021-11-18 12:50:18,未还
69538,2000037856,斗罗大陆第四部11,32,I247.59/249,1148530886,20园林大专,2021-10-19 12:51:00,2021-11-18 12:51:00,2021-10-20 12:31:39
2425,2000036882,庆余年5,39,I247.5/6323,2661897051,19装饰大专3,2021-10-19 12:51:03,2021-11-18 12:51:03,未还
2662,2000001191,哈利·波特与火焰杯,56,I561.84/6,2661711451,19装饰大专3,2021-10-19 12:52:58,2021-11-18 12:52:58,未还
2663,2000035377,似锦.中册,28,I247.5/6283,0572571196,21造价大专1,2021-10-19 12:55:23,2021-11-18 12:55:23,未还
2664,2000035376,似锦.上册,28,I247.5/6282,0572552588,21造价大专1,2021-10-19 12:55:33,2021-11-18 12:55:33,未还
69559,2000030907,晚风枕酒,48,I247.5/6205,0571538252,21造价大专1,2021-10-19 12:56:00,2021-11-18 12:56:00,2021-10-20 12:52:05
2666,2000016608,"如果,宅",35,I247.57/1316,0571857692,21装饰大专2,2021-10-19 12:57:36,2021-11-18 12:57:36,未还
2667,2000029047,第三重人格,38,I247.57/4102,0572165276,21装饰大专2,2021-10-19 12:58:13,2021-11-18 12:58:13,未还
2668,2000025790,我们的轻熟时光下,29,I247.57/4066,0571684252,21房产大专,2021-10-19 12:58:23,2021-11-18 12:58:23,未还
69555,2000027584,古董局中局4,49.8,I247.57/4092,0571487148,21楼宇大专1,2021-10-19 13:05:00,2021-11-18 13:05:00,2021-10-20 12:39:24
69572,2000036581,神印王座,32.8,I247.5/6318,0572094364,21造价大专2,2021-10-19 13:06:00,2021-11-18 13:06:00,2021-10-20 13:10:03
632,2000036363,剑来 7：迢迢渡银汉,42,I247.58/203,0572082860,21装饰大专4,2021-10-19 13:08:11,2021-11-18 13:08:11,未还
645,2000008183,掉伞天,39.5,I247.7/2028,2660524955,19装饰大专3,2021-10-19 13:10:18,2021-11-18 13:10:18,未还
700,2000034023,"我读书少,你可别骗我",36,I247.7/2149,2661971835,19装饰大专3,2021-10-19 13:10:24,2021-11-18 13:10:24,未还
69571,2000027454,斗罗大陆第三部19,28,I247.59/197,0572388988,21造价大专2,2021-10-19 13:11:00,2021-11-18 13:11:00,2021-10-20 13:09:55
69573,2000027439,斗罗大陆第三部4,28,I247.59/184,0571898124,21造价大专2,2021-10-19 13:11:00,2021-11-18 13:11:00,2021-10-20 13:10:08
69574,2000027438,斗罗大陆第三部3,28,I247.59/183,0571449452,21造价大专2,2021-10-19 13:11:00,2021-11-18 13:11:00,2021-10-20 13:10:12
2449,2000025794,是谁杀了我,39.8,I712.45/982,2660338331,19装饰大专3,2021-10-19 13:11:01,2021-11-18 13:11:01,未还
2450,2000038246,盗墓笔记(4),45,I247.5/6339,0574454172,21古建大专,2021-10-19 13:11:25,2021-11-18 13:11:25,未还
2669,1100031623,圣经人物,40,B971-61/1,0571876780,21古建大专,2021-10-19 13:11:43,2021-11-18 13:11:43,未还
2670,2000034311,琴帝3,29.8,I247.59/224,0574001980,19装饰大专3,2021-10-19 13:11:58,2021-11-18 13:11:58,未还
2671,2000027452,斗罗大陆第三部17,28,I247.59/195,2507983838,19市政大专,2021-10-19 13:12:31,2021-11-18 13:12:31,未还
2672,2000017154,人民的名义,46.9,I247.5/6079,2507983838,19市政大专,2021-10-19 13:12:39,2021-11-18 13:12:39,未还
2673,2000038092,亮剑,48,I247.52/76,2507983838,19市政大专,2021-10-19 13:12:45,2021-11-18 13:12:45,未还
2674,2000038177,龙族Ⅱ,49,I247.5/6325,2661123435,19鲁班实验2,2021-10-19 13:13:21,2021-11-18 13:13:21,未还
2675,2000004513,金陵十三钗,22,I247.57/1244,2662302555,19鲁班实验2,2021-10-19 13:13:27,2021-11-18 13:13:27,未还
69428,2000037852,斗罗大陆第四部9,32,I247.59/247,2661002651,19施工大专3,2021-10-19 13:14:00,2021-11-18 13:14:00,2021-10-20 11:18:49
290,2000026911,元尊,32.8,I247.59/176,0575878124,19装饰大专3,2021-10-19 13:15:29,2021-11-18 13:15:29,未还
683,2000036878,庆余年3,39,I247.5/6321,2662238779,19装饰大专3,2021-10-19 13:15:40,2021-11-18 13:15:40,未还
69575,2000036568,盗墓笔记(4),32.8,I247.5/5955,0573361500,21装饰大专4,2021-10-19 13:17:00,2021-11-18 13:17:00,2021-10-20 13:10:24
69577,2000024040,盗墓笔记(3),32.8,I247.5/5956,0572590588,21装饰大专4,2021-10-19 13:17:00,2021-11-18 13:17:00,2021-10-20 13:10:33
1044,2000024012,摆渡人2,42.8,I561.45/330,0571688316,21楼宇大专2,2021-10-19 13:19:01,2021-11-18 13:19:01,未还
2677,2000001186,哈利·波特与密室,32,I561.84/3,0572441820,21楼宇大专2,2021-10-19 13:19:08,2021-11-18 13:19:08,未还
143,2000038148,斗罗大陆第四部25,32,I247.59/263,1148320230,20园林大专,2021-10-19 16:00:19,2021-11-18 16:00:19,未还
213,2000038146,斗罗大陆第四部24,32,I247.59/262,1146937926,20园林大专,2021-10-19 16:00:26,2021-11-18 16:00:26,未还
435,2000032516,非人哉,49.8,J228.2/282,2507893838,20园林大专,2021-10-19 16:00:33,2021-11-18 16:00:33,未还
69427,2000037855,斗罗大陆第四部10,32,I247.59/248,1146671766,19施工大专3,2021-10-19 16:03:00,2021-11-18 16:03:00,2021-10-20 11:18:43
1292,2000037258,觉醒,59,I247.57/4219,1147591158,19市政大专,2021-10-19 16:03:03,2021-11-18 16:03:03,未还
1298,2000038164,斗罗大陆第四部30,32,I247.59/270,2661860747,19施工大专3,2021-10-19 16:03:22,2021-11-18 16:03:22,未还
1464,2000023714,哑舍贰,25,I247.5/6157,0571502892,21鲁班实验,2021-10-19 16:03:46,2021-11-18 16:03:46,未还
1572,2000023833,雪豹悲歌,36,I287.5/11,0571644988,21施工大专4,2021-10-19 16:11:35,2021-11-18 16:11:35,未还
2433,2000024897,重症监护室,36,I247.57/4039,0571753244,21施工大专4,2021-10-19 16:11:41,2021-11-18 16:11:41,未还
2524,2000020966,嗨，我喜欢你,45,J228.2/214,0571986620,21施工大专4,2021-10-19 16:11:46,2021-11-18 16:11:46,未还
2678,2000027864,为了你，我愿意热爱整个世界,36,I247.57/4094,0572465660,21施工大专4,2021-10-19 16:11:52,2021-11-18 16:11:52,未还
2679,2000021503,呼啸山庄,32.8,I561.44/470,0572545948,21施工大专4,2021-10-19 16:11:57,2021-11-18 16:11:57,未还
215,1100090366,绿山墙的安妮,19.8,I711.84/11,0649350944,20鲁班实验2,2021-10-19 16:25:47,2021-11-18 16:25:47,未还
289,2000040543,哈佛极简日本史,52,K313.09/3,0571529580,21楼宇大专1,2021-10-19 16:31:44,2021-11-18 16:31:44,未还
1098,8000001544,扣篮,0,G841,0572195644,21鲁班实验,2021-10-20 00:00:00,2021-11-19 00:00:00,未还
244,2000038121,斗罗大陆第四部11,32,I247.59/249,2661002651,19施工大专3,2021-10-20 11:19:10,2021-11-19 11:19:10,未还
321,2000038124,斗罗大陆第四部13,32,I247.59/251,1147161670,19施工大专3,2021-10-20 11:20:08,2021-11-19 11:20:08,未还
330,2000037858,斗罗大陆第四部12,32,I247.59/250,1146671766,19施工大专3,2021-10-20 11:20:17,2021-11-19 11:20:17,未还
334,2000015064,我的鸵鸟先生下,29.9,I247.57/1303,1146856486,20市政大专,2021-10-20 11:23:52,2021-11-19 11:23:52,未还
138,2000027461,斗罗大陆第三部27,29.8,I247.59/203,1147237638,20市政大专,2021-10-20 11:27:06,2021-11-19 11:27:06,未还
42,2000034320,琴帝7,29.8,I247.59/228,0572136204,21施工大专3,2021-10-20 11:41:43,2021-11-19 11:41:43,未还
602,2000007003,射雕英雄传（二）,27,I247.58/159,0572512444,21装饰大专3,2021-10-20 12:03:38,2021-11-19 12:03:38,未还
638,2000010284,哑舍,23.8,I247.5/6022,0571865708,21楼宇大专1,2021-10-20 12:13:06,2021-11-19 12:13:06,未还
69533,2000030423,中国精怪文化图集,66,J228.2/272,0572706636,21装饰大专1,2021-10-20 12:15:00,2021-11-19 12:15:00,2021-10-20 12:15:22
651,2000019270,"一念花开,一生一世",38,I247.57/3957,0572451100,21楼宇大专2,2021-10-20 12:19:46,2021-11-19 12:19:46,未还
668,2000029615,偷影子的人,39.8,I565.45/72,2660895195,19装饰大专3,2021-10-20 12:20:48,2021-11-19 12:20:48,未还
670,2000036483,天授之子,48,I313.45/388,2661507211,19装饰大专3,2021-10-20 12:20:59,2021-11-19 12:20:59,未还
689,2000032705,十二怒汉,39,I712.45/1014,2661507211,19装饰大专3,2021-10-20 12:21:09,2021-11-19 12:21:09,未还
690,2000024223,追风筝的人,36,I712.45/953,2661507211,19装饰大专3,2021-10-20 12:21:16,2021-11-19 12:21:16,未还
704,2000025718,大雪将至,39,I512.45/167,2661507211,19装饰大专3,2021-10-20 12:21:23,2021-11-19 12:21:23,未还
757,2000030248,天空的囚徒,45,I551.45/6,2661507211,19装饰大专3,2021-10-20 12:21:30,2021-11-19 12:21:30,未还
958,2000025744,今日店休,45,I313.65/21,2661507211,19装饰大专3,2021-10-20 12:21:35,2021-11-19 12:21:35,未还
964,2000007512,完美末日,35,I247.5/5997,2661507211,19装饰大专3,2021-10-20 12:21:43,2021-11-19 12:21:43,未还
1010,2000029190,间谍,42,I561.45/373,2661507211,19装饰大专3,2021-10-20 12:21:49,2021-11-19 12:21:49,未还
1069,2000027612,全能侦探社,49,I561.45/369,2661507211,19装饰大专3,2021-10-20 12:21:54,2021-11-19 12:21:54,未还
1070,2000023932,摆渡人,36,I561.45/359,2661507211,19装饰大专3,2021-10-20 12:21:58,2021-11-19 12:21:58,未还
1071,2000026572,月亮与六便士,35,I561.45/367,2661507211,19装饰大专3,2021-10-20 12:22:06,2021-11-19 12:22:06,未还
1072,2000008573,放学后,28,I313.45/253,2661507211,19装饰大专3,2021-10-20 12:22:14,2021-11-19 12:22:14,未还
1073,2000031777,小号天鹅,29.8,I287.47/25,2661507211,19装饰大专3,2021-10-20 12:22:22,2021-11-19 12:22:22,未还
1074,2000006928,流星雨,32,I267/2970,2661507211,19装饰大专3,2021-10-20 12:22:27,2021-11-19 12:22:27,未还
1075,2000009367,我的家,42,I267/3007,2661507211,19装饰大专3,2021-10-20 12:22:33,2021-11-19 12:22:33,未还
1076,2000025065,小团圆,28,I246.5/59,2661507211,19装饰大专3,2021-10-20 12:22:41,2021-11-19 12:22:41,未还
1078,2000013177,围城,39,I246.57/4,2661507211,19装饰大专3,2021-10-20 12:22:47,2021-11-19 12:22:47,未还
1079,2000021654,半生缘,29.6,I246.5/81,2661507211,19装饰大专3,2021-10-20 12:22:51,2021-11-19 12:22:51,未还
1080,2000008166,红玫瑰与白玫瑰,28,I246.7/40,2661507211,19装饰大专3,2021-10-20 12:22:58,2021-11-19 12:22:58,未还
1082,2000029187,三四郎,42,I313.44/3,2661507211,19装饰大专3,2021-10-20 12:23:03,2021-11-19 12:23:03,未还
1083,2000036607,解忧杂货店,39.5,I313.45/246,2661507211,19装饰大专3,2021-10-20 12:23:08,2021-11-19 12:23:08,未还
746,2000026907,元尊,32.8,I247.57/4071,0575200732,19装饰大专3,2021-10-20 12:25:11,2021-11-19 12:25:11,未还
1084,2000038145,斗罗大陆第四部23,32,I247.59/261,2661583163,19装饰大专3,2021-10-20 12:25:25,2021-11-19 12:25:25,未还
1085,2000034569,庆余年1,39,I247.5/6267,2660979355,19装饰大专3,2021-10-20 12:25:34,2021-11-19 12:25:34,未还
1086,2000036583,琴帝9,29.8,I247.59/230,0622044444,19装饰大专3,2021-10-20 12:28:56,2021-11-19 12:28:56,未还
1087,2000029583,长安十二时辰,39.8,I247.53/153,0571866108,21施工大专4,2021-10-20 12:33:28,2021-11-19 12:33:28,未还
217,2000037859,斗罗大陆第四部12,32,I247.59/250,1148530886,20园林大专,2021-10-20 12:35:11,2021-11-19 12:35:11,未还
329,2000038118,斗罗大陆第四部10,32,I247.59/248,1147507590,20园林大专,2021-10-20 12:35:20,2021-11-19 12:35:20,未还
715,2000029266,总要习惯一个人,49.8,I247.81/29,0575498380,21装饰大专4,2021-10-20 12:36:17,2021-11-19 12:36:17,未还
784,2000026806,三体(Ⅲ死神永生)/中国科幻基石丛书,38,I247.5/5899,0571845532,21造价大专1,2021-10-20 12:36:43,2021-11-19 12:36:43,未还
792,2000037894,山海高中,48,I247.57/4225,0572405724,21施工中专2,2021-10-20 12:36:55,2021-11-19 12:36:55,未还
137,2000036360,剑来 6：剑符在扁舟,43,I247.58/202,0572178668,21楼宇大专1,2021-10-20 12:39:52,2021-11-19 12:39:52,未还
327,2000039149,琅琊榜上册,38,I247.5/6347,0615838096,20造价大专1,2021-10-20 12:40:17,2021-11-19 12:40:17,未还
303,2000029264,下雨时蔷薇会开,49.8,I247.57/4110,0573528476,21房产大专,2021-10-20 12:46:10,2021-11-19 12:46:10,未还
648,2000021637,我是猫,39.8,I313.44/2,0571626172,21房产大专,2021-10-20 12:46:21,2021-11-19 12:46:21,未还
684,2000020304,彩图全解山海经,29.8,K928.626/3,0572451692,21市政大专,2021-10-20 12:51:53,2021-11-19 12:51:53,未还
679,2000027615,江宁探案录,45,I247.56/1210,1146852246,20园林大专,2021-10-20 12:53:07,2021-11-19 12:53:07,未还
591,2000021034,正能量,29.8,B848.4/858,2661101883,19施工大专2,2021-10-20 12:56:48,2021-11-19 12:56:48,未还
686,2000030793,2018中国年度精短散文,42,Z89/92,0572128924,21装饰大专4,2021-10-20 12:57:00,2021-11-19 12:57:00,未还
687,2000008851,刺客信条——文艺复兴,37,I561.45/294,0572128924,21装饰大专4,2021-10-20 12:57:09,2021-11-19 12:57:09,未还
688,2000040813,斗罗大陆第四部7,32,I247.59/245,0572223228,20鲁班实验1,2021-10-20 12:57:30,2021-11-19 12:57:30,未还
965,2000034314,琴帝4,29.8,I247.59/225,0571487148,21楼宇大专1,2021-10-20 12:58:48,2021-11-19 12:58:48,未还
1012,2000036478,笑场,49.8,I217.2/137,0571675228,21楼宇大专1,2021-10-20 12:59:04,2021-11-19 12:59:04,未还
1088,2000021801,于无声处,39.8,I247.56/1200,0571675228,21楼宇大专1,2021-10-20 12:59:17,2021-11-19 12:59:17,未还
1089,2000037001,让我留在你身边,46.8,I247.81/40,0571675228,21楼宇大专1,2021-10-20 12:59:21,2021-11-19 12:59:21,未还
1090,2000034316,琴帝5,29.8,I247.59/226,0571675228,21楼宇大专1,2021-10-20 12:59:26,2021-11-19 12:59:26,未还
1091,2000034020,春风十里不如你,56,I217.2/136,0571675228,21楼宇大专1,2021-10-20 12:59:34,2021-11-19 12:59:34,未还
1092,2000038789,微积分,46,O172/22,0571675228,21楼宇大专1,2021-10-20 12:59:40,2021-11-19 12:59:40,未还
1063,2000018985,离开前请叫醒我,36.8,I217.2/130,0571675228,21楼宇大专1,2021-10-20 12:59:57,2021-11-19 12:59:57,未还
1067,2000005259,藏地密码7,29.8,I247.56/1180,2508208990,19市政大专,2021-10-20 13:00:11,2021-11-19 13:00:11,未还
1093,2000026917,元尊,32.8,I247.59/179,2508119662,19市政大专,2021-10-20 13:00:18,2021-11-19 13:00:18,未还
1017,2000029273,青镜,44,I247.57/4111,0554037292,20园林大专,2021-10-20 13:01:12,2021-11-19 13:01:12,未还
1094,2000027011,延禧攻略,44,I247.57/4079,0554037292,20园林大专,2021-10-20 13:01:19,2021-11-19 13:01:19,未还
1095,2000016458,后宫·如懿传4,32.8,I247.5/6067,0554037292,20园林大专,2021-10-20 13:01:24,2021-11-19 13:01:24,未还
1096,2000016457,后宫·如懿传3,32.8,I247.5/6066,0554037292,20园林大专,2021-10-20 13:01:29,2021-11-19 13:01:29,未还
1097,2000016455,后宫如懿传(2),32.8,I247.5/6065,0554037292,20园林大专,2021-10-20 13:01:34,2021-11-19 13:01:34,未还
1098,2000035326,一条草鱼,46.8,J228.2/296,0572269868,21鲁班实验,2021-10-20 13:02:53,2021-11-19 13:02:53,未还
1099,2000038122,斗罗大陆第四部12,32,I247.59/250,0572553980,21造价大专2,2021-10-20 13:03:28,2021-11-19 13:03:28,未还
1100,2000033532,另一种设计,78,I313.65/26,0572553980,21造价大专2,2021-10-20 13:03:53,2021-11-19 13:03:53,未还
1101,1100060184,城堡,22,I521.45/9,0572553980,21造价大专2,2021-10-20 13:03:59,2021-11-19 13:03:59,未还
1102,2000021719,我的名字叫红,39,I374.45/2,0572553980,21造价大专2,2021-10-20 13:04:03,2021-11-19 13:04:03,未还
1103,2000030719,沙丘,68,I712.455/1,0572553980,21造价大专2,2021-10-20 13:04:08,2021-11-19 13:04:08,未还
1104,2000014904,感知艺术,68,J0/31,0572553980,21造价大专2,2021-10-20 13:04:28,2021-11-19 13:04:28,未还
1105,2000008309,设计学概论,58,J06/11,0572553980,21造价大专2,2021-10-20 13:04:45,2021-11-19 13:04:45,未还
1106,2000024781,百年孤独,55,I775.45/13,0572704604,21造价大专2,2021-10-20 13:04:59,2021-11-19 13:04:59,未还
266,2000008827,鬼吹灯7 怒晴湘西,29.8,I247.59/132,2508537966,20市政大专,2021-10-20 13:05:34,2021-11-19 13:05:34,未还
1107,2000027453,斗罗大陆第三部18,28,I247.59/196,2507983838,19市政大专,2021-10-20 13:06:26,2021-11-19 13:06:26,未还
1109,2000036354,剑来 3：清梦压星河,42,I247.58/199,0572389212,21楼宇大专1,2021-10-20 13:06:40,2021-11-19 13:06:40,未还
1110,2000018788,1Q84 BOOK3(10月-12月)(精),39.5,I313.45/277,0571538252,21造价大专1,2021-10-20 13:06:54,2021-11-19 13:06:54,未还
1111,2000023991,后来 时间都与你有关,39.8,I247.7/2115,0571477292,21造价大专1,2021-10-20 13:07:21,2021-11-19 13:07:21,未还
1112,2000005676,超实用的圆珠笔简笔画涂鸦宝典,39.8,J214/284,0571605660,21楼宇大专2,2021-10-20 13:08:01,2021-11-19 13:08:01,未还
1113,2000034447,超新星纪元,38,I247.7/2157,0571651820,21鲁班实验,2021-10-20 13:08:54,2021-11-19 13:08:54,未还
1114,2000036477,蓝溪镇.1,49.8,J228.2/299,0571725884,21鲁班实验,2021-10-20 13:09:12,2021-11-19 13:09:12,未还
1115,2000031985,沈石溪十二生肖故事鼠牛虎兔,26,I247.7/2139,0571650012,21鲁班实验,2021-10-20 13:09:24,2021-11-19 13:09:24,未还
1116,2000035400,步天歌.1,48,J228.2/297,0571630300,21鲁班实验,2021-10-20 13:09:31,2021-11-19 13:09:31,未还
630,2000005234,盗墓笔记(5),32.8,I247.5/5954,0573361500,21装饰大专4,2021-10-20 13:10:55,2021-11-19 13:10:55,未还
756,2000005236,盗墓笔记(4),32.8,I247.5/5955,0572590588,21装饰大专4,2021-10-20 13:11:56,2021-11-19 13:11:56,未还
795,2000005233,盗墓笔记(6),32.8,I247.5/5953,0571677964,21装饰大专4,2021-10-20 13:12:05,2021-11-19 13:12:05,未还
1117,2000027440,斗罗大陆第三部5,28,I247.59/185,0571449452,21造价大专2,2021-10-20 13:12:49,2021-11-19 13:12:49,未还
1118,2000027455,斗罗大陆第三部20,28,I247.59/198,0572388988,21造价大专2,2021-10-20 13:13:01,2021-11-19 13:13:01,
1119,2000037860,斗罗大陆第四部13,32,I247.59/251,0572690828,21造价大专2,2021-10-20 13:13:13,2021-11-19 13:13:13,未还
1120,2000006069,三体(Ⅱ黑暗森林)/中国科幻基石丛书,32,I247.5/5900,0572553980,21造价大专2,2021-10-20 13:13:21,2021-11-19 13:13:21,未还
1121,2000013579,三体,23,I247.5/5902,0572553980,21造价大专2,2021-10-20 13:13:24,2021-11-19 13:13:24,未还
1122,2000040615,无形之刃,45,I247.56/1228,2507983838,19市政大专,2021-10-20 13:13:36,2021-11-19 13:13:36,未还
1047,2000026919,元尊,32.8,I247.59/180,2507983838,19市政大专,2021-10-20 13:14:05,2021-11-19 13:14:05,未还
1123,2000034313,琴帝4,29.8,I247.59/225,0571450172,21楼宇大专1,2021-10-20 13:15:02,2021-11-19 13:15:02,未还
1124,2000029369,催眠师手记Ⅱ,48,R395.2/2,0572423740,21楼宇大专1,2021-10-20 13:15:12,2021-11-19 13:15:12,未还
1125,2000000548,微缩园林与沙盘模型制作,88,TU986.2/18,0573076652,21市政大专,2021-10-20 13:16:18,2021-11-19 13:16:18,未还
1126,2000027691,汽车构造,67,U463/3,0573461548,21市政大专,2021-10-20 13:16:25,2021-11-19 13:16:25,未还
1127,2000038126,斗罗大陆第四部14,32,I247.59/252,1146790838,19市政大专,2021-10-20 13:26:46,2021-11-19 13:26:46,未还
